path	line	declaration
scripts/bench-hsr-startup.mjs	11	function parseArgs(argv) {
scripts/bench-hsr-startup.mjs	49	async function readJson(path) {
scripts/bench-hsr-startup.mjs	57	async function readEvents(path) {
scripts/bench-hsr-startup.mjs	74	function observedEventTs(events, type) {
scripts/bench-hsr-startup.mjs	79	function phaseTimings(stderr) {
scripts/bench-hsr-startup.mjs	89	function apiaryLikeEnv() {
scripts/bench-hsr-startup.mjs	107	async function observeSample({ name, requestedAt, storeRoot, timeoutMs, pollMs, until, shouldStop }) {
scripts/bench-hsr-startup.mjs	156	function delta(start, value) {
scripts/bench-hsr-startup.mjs	165	async function oneSample(config, index) {
scripts/bench-hsr-startup.mjs	248	function percentile(sorted, fraction) {
scripts/bench-hsr-startup.mjs	253	function summarize(samples) {
scripts/bench-hsr-startup.mjs	270	async function runBounded(total, concurrency, worker) {
scripts/benchmark-active-index-heartbeats.mjs	17	function record(index, root) {
scripts/benchmark-active-index-heartbeats.mjs	34	async function seed(root, count) {
scripts/build-runtime-artifact.mjs	33	function parseArgs(argv) {
scripts/build-runtime-artifact.mjs	61	function resolveCommit(ref) {
scripts/build-runtime-artifact.mjs	96	log("");
scripts/build-runtime-artifact.mjs	97	log(`runtime-artifact: ok ${sha.slice(0, 12)} gate=${manifest.gate}`);
scripts/build-runtime-artifact.mjs	98	log(`  tarball:        ${outcome.tarballPath} (${outcome.sums[0].bytes} bytes)`);
scripts/build-runtime-artifact.mjs	99	log(`  manifest:       ${outcome.manifestPath}`);
scripts/build-runtime-artifact.mjs	100	log(`  sums:           ${outcome.sumsPath}`);
scripts/build-runtime-artifact.mjs	101	log(`  artifactHash:   ${manifest.artifactHash}`);
scripts/build-runtime-artifact.mjs	102	log(`  protocol:       ${manifest.protocol}`);
scripts/build-runtime-artifact.mjs	103	log(`  corpus digest:  ${manifest.executionCorpusDigest}`);
scripts/build-runtime-artifact.mjs	104	log(`  engines.node:   ${manifest.engines.node}`);
scripts/build-tests.mjs	12	async function listedFiles(dir, predicate) {
scripts/build-tests.mjs	22	async function typescriptFiles(dir) {
scripts/build-tests.mjs	26	async function fingerprint(paths) {
scripts/build-tests.mjs	55	join(root, "package.json"),
scripts/build-tests.mjs	56	join(root, "scripts", "build-tests.mjs"),
scripts/build-tests.mjs	57	join(root, "scripts", "runner-host-artifact.mjs"),
scripts/build-tests.mjs	92	cp(join(root, "tests", "fixtures"), join(outDir, "tests", "fixtures"), { recursive: true }),
scripts/build-tests.mjs	93	cp(join(root, "docs"), join(outDir, "docs"), { recursive: true }),
scripts/build-tests.mjs	94	cp(join(root, "contracts"), join(outDir, "contracts"), { recursive: true }),
scripts/build-tests.mjs	119	join(outDir, "test-files.json"),
scripts/deploy-settle.mjs	28	function hiveStoreRoot() {
scripts/deploy-settle.mjs	32	function run(command, args) {
scripts/deploy-settle.mjs	49	run("hive", ["deploy", ...extra]);
scripts/deploy-settle.mjs	140	run("npm", ["i", "-g", join(packRoot, filename)]);
scripts/deploy-settle.mjs	142	rmSync(packRoot, { recursive: true, force: true });
scripts/deploy-settle.mjs	163	join(installedPackageRoot, "contracts", "execution", "v1"),
scripts/perf/boot-identity.mjs	9	export function bootIdentity() {
scripts/perf/cell-cohort.mjs	33	async function within(promise, ms) { let timer; try { return await Promise.race([promise, new Promise((_, reject) => { timer = setTimeout(() => reject(new Error('cohort timeout')), ms); })]); } finally { clearTimeout(timer); } }
scripts/perf/cell-cohort.mjs	59	writeFileSync(out, JSON.stringify(report, null, 2) + '\n');
scripts/perf/cells.mjs	15	function option(key, fallback) { const i = args.indexOf(key); if (i < 0) return fallback; assert.ok(args[i + 1] && !args[i + 1].startsWith('--'), `${key} requires a value`); return args[i + 1]; }
scripts/perf/cells.mjs	35	async function cleanup() { cleaning ??= (async () => { if (worker) await worker.terminate(); rig.cleanup(); })(); await cleaning; }
scripts/perf/cells.mjs	38	async function within(p, ms) { let timer; try { return await Promise.race([p, new Promise((_, reject) => { timer = setTimeout(() => reject(new Error('Cell worker timeout')), ms); })]); } finally { clearTimeout(timer); } }
scripts/perf/cells.mjs	39	function gitCommand(...argv) { const p = spawnSync('git', argv, { cwd: root, encoding: 'utf8' }); assert.equal(p.status, 0); return p.stdout.trim(); }
scripts/perf/cells.mjs	40	function logicalBytes(dir) { return readdirSync(dir, { withFileTypes: true }).reduce((sum, e) => { const p = join(dir, e.name); return sum + (e.isDirectory() ? logicalBytes(p) : e.isFile() ? statSync(p).size : 0); }, 0); }
scripts/perf/cells.mjs	50	function save() { writeFileSync(out, JSON.stringify(report, null, 2) + '\n'); }
scripts/perf/cells.mjs	53	writeFileSync(join(rig.origin.repo, '.gitignore'), 'node_modules/\n');
scripts/perf/cells.mjs	54	g(rig.origin.repo, ['add', '.']); g(rig.origin.repo, ['commit', '-m', 'performance fixture']);
scripts/perf/cells.test.mjs	8	async function run(script, args) {
scripts/perf/cells.test.mjs	23	test(`${name}: repeated captures replace Git evidence instead of adding old commands`, async () => {
scripts/perf/command-history.mjs	41	function measure(fn, count = report.workload.samples) {
scripts/perf/command-history.mjs	120	writeFileSync(out, JSON.stringify(report, null, 2) + '\n');
scripts/perf/command-index-upgrade.mjs	63	mkdirSync(dirname(out), { recursive: true });
scripts/perf/command-index-upgrade.mjs	64	writeFileSync(out, JSON.stringify({ schemaVersion: 1, completed: true, roots, revisions, timestamp: new Date().toISOString(),
scripts/perf/compare-command-history.mjs	8	export function compareCommandHistory(before, after) {
scripts/perf/compare-command-history.mjs	70	writeFileSync(out, JSON.stringify(result, null, 2) + '\n');
scripts/perf/compare-command-history.mjs	73	writeFileSync(`${out}.csv`, rows.map(r => r.map(quote).join(',')).join('\n') + '\n');
scripts/perf/compare-command-history.test.mjs	5	function fixture(after = false) {
scripts/perf/compare-reconfigure.mjs	7	export function compareReconfigure(before, after) {
scripts/perf/compare-reconfigure.mjs	44	writeFileSync(out, JSON.stringify(compareReconfigure(readSide(beforePrefix), readSide(afterPrefix)), null, 2) + '\n');
scripts/perf/compare-spawn.mjs	7	function checkedMetrics(result, count) {
scripts/perf/compare-spawn.mjs	17	function rows(before, after, scenario) {
scripts/perf/compare-spawn.mjs	26	export function compareCells(before, after) {
scripts/perf/compare-spawn.mjs	40	export function compareHosts(report) {
scripts/perf/compare-spawn.mjs	62	writeFileSync(paths.at(-1), [columns.map(csv).join(','), ...data.map(row => columns.map(key => csv(row[key])).join(','))].join('\n') + '\n');
scripts/perf/fixtures.mjs	1	export function seedStore(store, bees, generations = 1) {
scripts/perf/git-trace.mjs	5	export function summarizeGitTrace(events) {
scripts/perf/paired-cells.mjs	22	async function capture(root, path, remoteMode) {
scripts/perf/paired-cells.mjs	37	function aggregate(reports) {
scripts/perf/paired-cells.mjs	67	writeFileSync(out, JSON.stringify(report, null, 2) + '\n');
scripts/perf/paired-core.mjs	15	function option(key, fallback) { const at = args.indexOf(key); const value = at < 0 ? fallback : args[at + 1]; assert.ok(value && !value.startsWith('--'), `${key} requires a value`); return value; }
scripts/perf/paired-core.mjs	26	function git(root, ...argv) { const p = spawnSync('git', argv, { cwd: root, encoding: 'utf8' }); assert.equal(p.status, 0, p.stderr); return p.stdout.trim(); }
scripts/perf/process-tree.mjs	3	export function parseProcessTable(text) {
scripts/perf/process-tree.mjs	16	export function processTree(rows, pid) {
scripts/perf/process-tree.mjs	25	export function cpuPercentBetween(before, after) {
scripts/perf/profile-cell-worker.mjs	19	writeFileSync(join(workerData.perf.out, 'worker.cpuprofile'), JSON.stringify(cpu.profile));
scripts/perf/profile-cell-worker.mjs	20	writeFileSync(join(workerData.perf.out, 'worker.heapprofile'), JSON.stringify(heap.profile));
scripts/perf/profile-cell.mjs	21	async function cleanup() { cleaning ??= (async () => { if (worker) await worker.terminate(); rig.cleanup(); })(); await cleaning; }
scripts/perf/profile-cell.mjs	23	async function within(promise, ms) { let timer; try { return await Promise.race([promise, new Promise((_, reject) => { timer = setTimeout(() => reject(new Error('Cell profile timeout')), ms); })]); } finally { clearTimeout(timer); } }
scripts/perf/profile-cell.mjs	26	mkdirSync(out, { recursive: true });
scripts/perf/profile-cell.mjs	28	writeFileSync(join(rig.origin.repo, '.gitignore'), 'node_modules/\n');
scripts/perf/profile-cell.mjs	29	g(rig.origin.repo, ['add', '.']); g(rig.origin.repo, ['commit', '-m', 'worker profile fixture']);
scripts/perf/profile-cell.mjs	58	writeFileSync(join(out, 'index.json'), JSON.stringify({ completed: true, timestamp: new Date().toISOString(), node: process.version,
scripts/perf/reconfigure-memory.mjs	27	mkdirSync(dirname(out), { recursive: true });
scripts/perf/reconfigure-memory.mjs	74	writeFileSync(out, JSON.stringify(report, null, 2) + '\n');
scripts/perf/report.mjs	3	export function distribution(samples) {
scripts/perf/report.mjs	10	export function compareReports(before, after) {
scripts/perf/run.mjs	13	function option(name, fallback) { const at = args.indexOf(name); if (at < 0) { assert.ok(fallback !== undefined, `${name} is required`); return fallback; } assert.ok(args[at + 1] && !args[at + 1].startsWith('--'), `${name} requires a value`); return args[at + 1]; }
scripts/perf/run.mjs	20	writeFileSync(resolve(option('--out', 'comparison.csv')), csv);
scripts/perf/run.mjs	43	function git(...argv) { const p = spawnSync('git', argv, { cwd: root, encoding: 'utf8' }); assert.equal(p.status, 0, p.stderr); return p.stdout.trim(); }
scripts/perf/run.mjs	57	writeFileSync(out, JSON.stringify(report, null, 2) + '\n');
scripts/perf/runner-host.mjs	28	async function within(promise, ms, timeout) {
scripts/perf/runner-host.mjs	37	async function stop(item) {
scripts/perf/runner-host.mjs	47	async function cleanup() {
scripts/perf/runner-host.mjs	54	function processRow(pid) {
scripts/perf/runner-host.mjs	64	async function launch(side, serial, record) {
scripts/perf/runner-host.mjs	121	writeFileSync(out, JSON.stringify({ schemaVersion: 1, timestamp: new Date().toISOString(), spec, environment, results,
scripts/perf/runner-host.test.mjs	10	async function fixture(idleMs, run) {
scripts/perf/runner-host.test.mjs	15	writeFileSync(specPath, JSON.stringify(spec));
scripts/perf/sample-process.mjs	13	function option(name, fallback) { const i = args.indexOf(name); if (i < 0) return fallback; assert.ok(args[i + 1] && !args[i + 1].startsWith('--'), `${name} requires a value`); return args[i + 1]; }
scripts/perf/worker.mjs	26	function record(name, values, unit = 'ms') { raw[name] = values; metrics[name] = { unit, ...distribution(values) }; }
scripts/perf/worker.mjs	27	function measure(name, fn, count = samples) {
scripts/perf/worker.mjs	36	record(`${name}.wall`, wall); record(`${name}.cpu`, cpu);
scripts/perf/worker.mjs	38	async function measureAsync(name, fn, count = samples) {
scripts/perf/worker.mjs	42	record(`${name}.wall`, wall);
scripts/perf/worker.mjs	44	function bytes(path) {
scripts/perf/worker.test.mjs	10	async function until(fn, label) {
scripts/perf/worker.test.mjs	14	function startWorker() {
scripts/perf/worker.test.mjs	25	function live(pid) { try { process.kill(pid, 0); return true; } catch (error) { if (error.code === 'ESRCH') return false; throw error; } }
scripts/reclaim-codex-home-logs.mjs	37	function parseArgs(argv) {
scripts/reclaim-codex-home-logs.mjs	60	async function homeSize(home) {
scripts/run-tests.mjs	40	async function runGroup(files, execArgv = []) {
scripts/run-v2-daemon-tests.mjs	28	function listTests(dir, prefix) {
scripts/run-v2-daemon-tests.mjs	49	async function runGroup(files, concurrency, extraArgs = []) {
scripts/runner-host-artifact.mjs	9	async function atomicWrite(path, content) {
scripts/runner-host-artifact.mjs	20	export async function stageRunnerHostArtifact({ root, outDir, entryPoint, packageVersion }) {
scripts/test-env.mjs	8	export function compileCacheDir() {
scripts/test-env.mjs	12	export function testEnv(extra = {}) {
scripts/test-env.mjs	14	mkdirSync(dir, { recursive: true });
scripts/test-process-control.mjs	11	export function nodeTestCliFlags(options = {}) {
scripts/test-process-control.mjs	31	export function signalExitCode(signal) {
scripts/test-process-control.mjs	35	function processGroupAlive(pid, sendSignal) {
scripts/test-process-control.mjs	44	async function waitForProcessGroupExit(pid, timeoutMs, sendSignal, sleep) {
scripts/test-process-control.mjs	58	export async function terminateTestProcessTree(child, signal, options = {}) {
scripts/test-process-control.mjs	82	sendGroup(signal);
scripts/test-process-control.mjs	90	sendGroup("SIGKILL");
scripts/update-execution-digest.mjs	20	function loadDoc(relativePath) {
scripts/update-execution-digest.mjs	25	function saveDoc(path, doc) {
scripts/update-execution-digest.mjs	26	writeFileSync(path, `${JSON.stringify(doc, null, 2)}\n`);
scripts/update-execution-digest.mjs	29	function fixtureValues(doc) {
scripts/update-execution-digest.mjs	44	saveDoc(path, doc);
scripts/update-execution-digest.mjs	70	saveDoc(path, doc);
scripts/update-execution-digest.mjs	76	saveDoc(path, doc);
src/accounts/activation.ts	82	export async function captureAccountFromHome(account: AccountRecord, homePath: string, options: CaptureAccountOptions = {}): Promise<string[]> {
src/accounts/activation.ts	288	function timeActivationStep<T>(ctx: ActivationContext, phase: string, fn: () => Promise<T>): Promise<T> {
src/accounts/activation.ts	292	function deferCredentialSyncSkips(ctx: ActivationContext, skipped: readonly CredentialSyncSkip[]): void {
src/accounts/activation.ts	313	async function claudePreActivate(ctx: ActivationContext): Promise<void> {
src/accounts/activation.ts	352	async function codexPreActivate(ctx: ActivationContext): Promise<void> {
src/accounts/activation.ts	376	async function grokPreActivate(ctx: ActivationContext): Promise<void> {
src/accounts/activation.ts	394	async function cursorPreActivate(ctx: ActivationContext): Promise<void> {
src/accounts/activation.ts	415	async function genericPreActivate(ctx: ActivationContext): Promise<void> {
src/accounts/activation.ts	431	async function codexSeedHomeDefaults({ homePath, written }: ActivationContext): Promise<void> {
src/accounts/activation.ts	437	async function claudeSeedHomeDefaults(ctx: ActivationContext): Promise<void> {
src/accounts/activation.ts	457	async function claudeFinalizeCredentials(ctx: ActivationContext): Promise<void> {
src/accounts/activation.ts	519	export async function verifyActivatedClaudeIdentity(
src/accounts/activation.ts	591	function activationHooksFor(tool: string): ActivationHooks {
src/accounts/activation.ts	605	export async function canonicalActivationHomePath(homePath: string): Promise<string> {
src/accounts/activation.ts	634	function activationHomeKey(canonicalHomePath: string): string {
src/accounts/activation.ts	638	function activationHomeLockPath(canonicalHomePath: string): string {
src/accounts/activation.ts	652	function activationHomeOwnerPathCanonical(canonicalHomePath: string): string {
src/accounts/activation.ts	656	export async function activationHomeOwnerPath(homePath: string): Promise<string> {
src/accounts/activation.ts	660	export async function withActivationHomeLock<T>(
src/accounts/activation.ts	669	export async function readActivationHomeOwner(homePath: string): Promise<ActivationHomeOwner | null> {
src/accounts/activation.ts	720	export async function withReadyActivationHomeOwner<T>(
src/accounts/activation.ts	735	async function writeActivationHomeOwner(owner: ActivationHomeOwner): Promise<void> {
src/accounts/activation.ts	741	function emptyActivationTiming(): ActivationTiming {
src/accounts/activation.ts	763	function notifyActivationTiming(callback: ActivateAccountOptions["onTiming"], timing: ActivationTiming): void {
src/accounts/activation.ts	772	async function copyFileAtomicallyIfChanged(source: string, target: string): Promise<boolean> {
src/accounts/activation.ts	796	export async function activateAccountIntoHome(account: AccountRecord, homePath: string, options: ActivateAccountOptions = {}): Promise<string[]> {
src/accounts/activation.ts	820	async function performAccountActivation(
src/accounts/activation.ts	1026	notifyActivationTiming(options.onTiming, timing);
src/accounts/activation.ts	1032	export async function accountHasCredentials(account: AccountRecord): Promise<boolean> {
src/accounts/bootHealth.ts	6	export const ACCOUNT_BOOT_FAILURE_COOLDOWN_MS = 10 * 60_000;
src/accounts/bootHealth.ts	16	export function accountBootHealthPath(): string {
src/accounts/bootHealth.ts	20	function accountBootHealthLockPath(): string {
src/accounts/bootHealth.ts	24	async function readAccountBootHealthFile(): Promise<AccountBootHealthFile> {
src/accounts/bootHealth.ts	48	function isRecent(failure: AccountBootFailure, now: number, cooldownMs: number): boolean {
src/accounts/bootHealth.ts	53	export async function recentAccountBootFailures(
src/accounts/bootHealth.ts	63	export async function recordAccountBootFailure(
src/accounts/bootHealth.ts	80	export async function clearAccountBootFailure(
src/accounts/claudeChain.ts	13	function defaultRawClaudeKeychainReader(): RawClaudeKeychainReader {
src/accounts/claudeChain.ts	19	function decodeClaudeCredentialsRaw(raw: string | null): string | null {
src/accounts/claudeChain.ts	41	export function consumableClaudeKeychainPayload(raw: string | null): string | null {
src/accounts/claudeChain.ts	49	export function isRawClaudeCredentialPayload(raw: string | null): boolean {
src/accounts/claudeChain.ts	60	export function claudeTokenExpiry(raw: string): number | null {
src/accounts/claudeChain.ts	106	export function parseClaudeChain(raw: string | null, source: string): ClaudeChain | null {
src/accounts/claudeChain.ts	112	export function parseClaudeChainStrict(raw: string | null, source: string): ClaudeChain | null {
src/accounts/claudeChain.ts	117	function parseClaudeChainJson(decoded: string | null, source: string): ClaudeChain | null {
src/accounts/claudeChain.ts	135	function isBetterClaudeChain(candidate: ClaudeChain, current: ClaudeChain | null): boolean {
src/accounts/claudeChain.ts	148	export async function readHomeClaudeChain(homePath: string): Promise<ClaudeChain | null> {
src/accounts/claudeChain.ts	165	export async function homeClaudeEmail(homePath: string): Promise<string | null> {
src/accounts/claudeChain.ts	175	export async function claudeHomesForAccount(account: AccountRecord): Promise<string[]> {
src/accounts/claudeChain.ts	191	export async function homeBelongsToAccount(homePath: string, account: AccountRecord): Promise<boolean> {
src/accounts/claudeChain.ts	203	export function mergeCredentialsJson(targetRaw: string | null, sourceRaw: string): string {
src/accounts/claudeChain.ts	230	export function claudeCredentialsEquivalent(a: string | null, b: string | null): boolean {
src/accounts/claudeChain.ts	243	function parseCredentialsForCompare(raw: string | null): unknown {
src/accounts/claudeChain.ts	254	function canonicalJson(value: unknown): string {
src/accounts/claudeChain.ts	258	function canonicalize(value: unknown): unknown {
src/accounts/claudeChain.ts	272	export async function saveClaudeChainToVaultLocked(account: AccountRecord, sourceRaw: string): Promise<void> {
src/accounts/claudeChain.ts	280	export async function saveClaudeOauthToVault(account: AccountRecord, oauth: Record<string, unknown>): Promise<void> {
src/accounts/claudeChain.ts	333	export async function claudeProfileEmailCached(accessToken: string): Promise<string | null> {
src/accounts/claudeChain.ts	348	async function claudeSyncHomes(
src/accounts/claudeChain.ts	367	async function readClaudeSyncCandidate(
src/accounts/claudeChain.ts	391	export async function prepareClaudeChainIdentityProofs(
src/accounts/claudeChain.ts	424	export async function syncClaudeChainToVault(
src/accounts/claudeChain.ts	453	export async function syncClaudeChainToVaultLocked(
src/accounts/claudeChain.ts	606	async function planClaudeChainParking(chain: ClaudeChain, email: string, notAccount: AccountRecord): Promise<ClaudeChainParkingIntent | null> {
src/accounts/claudeChain.ts	624	export async function fulfillClaudeChainParkingIntent(intent: ClaudeChainParkingIntent): Promise<boolean> {
src/accounts/claudeChain.ts	661	export async function evacuateForeignClaudeChain(
src/accounts/claudeChain.ts	683	export async function refreshClaudeOauthChain(refreshToken: string): Promise<RefreshedClaudeToken | null> {
src/accounts/claudeChain.ts	741	export function claudeRotationStrandedMarkerPath(account: AccountRecord): string {
src/accounts/claudeChain.ts	745	export async function readClaudeRotationStrandedMarker(account: AccountRecord): Promise<ClaudeRotationStrandedMarker | null> {
src/accounts/claudeChain.ts	762	async function writeClaudeRotationStrandedMarkerLocked(
src/accounts/claudeChain.ts	780	export async function removeClaudeRotationStrandedHome(account: AccountRecord, homePath: string): Promise<void> {
src/accounts/claudeChain.ts	798	async function writeHomeCredentialsFile(home: string, sourceRaw: string): Promise<void> {
src/accounts/claudeChain.ts	813	async function repairStrandedHomeFile(account: AccountRecord, home: string, sourceRaw: string): Promise<void> {
src/accounts/claudeChain.ts	829	async function distributeClaudeChainLocked(
src/accounts/claudeChain.ts	944	export async function persistClaudeChainLocked(account: AccountRecord, oauth: Record<string, unknown>): Promise<void> {
src/accounts/claudeChain.ts	953	export async function refreshVaultClaudeChainIfStaleLocked(account: AccountRecord, options: ClaudeRefreshOptions): Promise<void> {
src/accounts/claudeChain.ts	982	export async function readVaultClaudeChain(account: AccountRecord): Promise<ClaudeChain | null> {
src/accounts/codexAuth.ts	38	async function readCodexAuthFile(path: string, source: string): Promise<CodexAuthSnapshot | null> {
src/accounts/codexAuth.ts	45	function parseCodexAuth(raw: string | null, source: string, mtimeMs: number): CodexAuthSnapshot | null {
src/accounts/codexAuth.ts	69	async function readHomeCodexAuth(homePath: string): Promise<CodexAuthSnapshot | null> {
src/accounts/codexAuth.ts	83	function codexAuthFreshnessMs(snapshot: CodexAuthSnapshot): number {
src/accounts/codexAuth.ts	87	function isFresherCodexAuth(candidate: CodexAuthSnapshot, current: CodexAuthSnapshot | null): boolean {
src/accounts/codexAuth.ts	93	async function codexAccountEmails(account: AccountRecord, vault?: CodexAuthSnapshot | null): Promise<Set<string>> {
src/accounts/codexAuth.ts	102	async function codexAuthBelongsToAccount(snapshot: CodexAuthSnapshot | null, account: AccountRecord, vault?: CodexAuthSnapshot | null): Promise<boolean> {
src/accounts/codexAuth.ts	109	async function authorizeCodexAuthImport(
src/accounts/codexAuth.ts	151	async function homeBelongsToCodexAccount(homePath: string, account: AccountRecord, vault?: CodexAuthSnapshot | null): Promise<boolean> {
src/accounts/codexAuth.ts	160	export async function codexHomesForAccount(
src/accounts/codexAuth.ts	183	async function saveCodexAuthToVaultLocked(account: AccountRecord, sourceRaw: string): Promise<void> {
src/accounts/codexAuth.ts	219	export async function syncCodexAuthToVault(
src/accounts/codexAuth.ts	227	export async function syncCodexAuthToVaultLocked(
src/accounts/codexAuth.ts	249	function codexAuthDigest(raw: string): string {
src/accounts/codexAuth.ts	253	function snapshotFromCodexParkingIntent(intent: CodexAuthParkingIntent): CodexAuthSnapshot | null {
src/accounts/codexAuth.ts	271	export async function evacuateForeignCodexAuth(account: AccountRecord, homePath: string): Promise<CodexAuthParkingIntent | null> {
src/accounts/codexAuth.ts	294	export async function fulfillCodexAuthParkingIntent(intent: CodexAuthParkingIntent): Promise<boolean> {
src/accounts/codexAuth.ts	330	async function findCodexAccountForSnapshot(snapshot: CodexAuthSnapshot, excludeId?: string): Promise<AccountRecord | null> {
src/accounts/codexAuth.ts	343	export async function codexAuthEmail(authPath: string): Promise<string | null> {
src/accounts/codexAuth.ts	360	export const CODEX_TOKEN_MIN_TTL_MS = 15 * 60_000; // 15 minutes
src/accounts/codexAuth.ts	363	function codexAccessToken(raw: string): string | undefined {
src/accounts/codexAuth.ts	374	export function codexAccessTokenExp(raw: string): number | undefined {
src/accounts/codexAuth.ts	399	async function stampCodexAuthIntoHome(homePath: string, raw: string): Promise<void> {
src/accounts/codexAuth.ts	406	async function defaultRunCodexRefresh(homePath: string): Promise<void> {
src/accounts/codexAuth.ts	435	export async function ensureFreshCodexVaultToken(account: AccountRecord, deps: EnsureFreshCodexDeps = {}): Promise<CodexTokenFreshness> {
src/accounts/credentialHarvestQueue.ts	60	export function credentialHarvestQueueRoot(): string {
src/accounts/credentialHarvestQueue.ts	64	function itemPath(id: string): string {
src/accounts/credentialHarvestQueue.ts	68	function workItemId(accountId: string, home: CredentialHarvestHomeIdentity): string {
src/accounts/credentialHarvestQueue.ts	74	export async function credentialHarvestHomeIdentity(canonicalHomePath: string): Promise<CredentialHarvestHomeIdentity> {
src/accounts/credentialHarvestQueue.ts	84	export async function credentialHarvestHomeIdentityMatches(home: CredentialHarvestHomeIdentity): Promise<boolean> {
src/accounts/credentialHarvestQueue.ts	93	function sessionEvidence(record: SessionRecord): Pick<CredentialHarvestEvidence, "sessionCreatedAt" | "sessionUpdatedAt" | "runtimeGeneration"> {
src/accounts/credentialHarvestQueue.ts	101	function evidenceFor(record: SessionRecord, owner: ActivationHomeOwner | null): CredentialHarvestEvidence {
src/accounts/credentialHarvestQueue.ts	113	function evidenceTime(evidence: CredentialHarvestEvidence): number {
src/accounts/credentialHarvestQueue.ts	119	function preferEvidence(candidate: CredentialHarvestEvidence, current: CredentialHarvestEvidence): CredentialHarvestEvidence {
src/accounts/credentialHarvestQueue.ts	127	export async function enqueueCredentialHarvestWorkItem(
src/accounts/credentialHarvestQueue.ts	158	export async function recordCredentialHarvestAttempt(
src/accounts/credentialHarvestQueue.ts	167	export async function beginCredentialHarvestAttempt(
src/accounts/credentialHarvestQueue.ts	174	async function updateCredentialHarvestAttempt(
src/accounts/credentialHarvestQueue.ts	195	export async function removeCredentialHarvestWorkItem(observed: CredentialHarvestWorkItem): Promise<boolean> {
src/accounts/credentialHarvestQueue.ts	203	export async function removeCredentialHarvestWorkItemForHome(
src/accounts/credentialHarvestQueue.ts	220	export async function listCredentialHarvestWorkItems(): Promise<CredentialHarvestWorkItem[]> {
src/accounts/credentialHarvestQueue.ts	231	function sameRecoveryGeneration(a: CredentialHarvestWorkItem, b: CredentialHarvestWorkItem): boolean {
src/accounts/credentialHarvestQueue.ts	240	async function writeCredentialHarvestWorkItem(item: CredentialHarvestWorkItem): Promise<void> {
src/accounts/credentialHarvestQueue.ts	244	async function readCredentialHarvestWorkItem(path: string): Promise<CredentialHarvestWorkItem | null> {
src/accounts/credentialHarvestQueue.ts	253	function normalizeCredentialHarvestWorkItem(value: unknown): CredentialHarvestWorkItem | null {
src/accounts/credentialHarvestQueue.ts	326	function hasOnlyKeys(value: object, allowed: readonly string[]): boolean {
src/accounts/credentialHealth.ts	36	function inspectClaudeChain(
src/accounts/credentialHealth.ts	58	export async function inspectClaudeDiskCredentials(
src/accounts/credentialHealth.ts	74	export async function readEffectiveClaudeHomeChain(homePath: string): Promise<ClaudeChain | null> {
src/accounts/credentialHealth.ts	91	export async function planClaudeRecoveryCredentials(
src/accounts/credentialSync.ts	62	readVaultSnapshot(account: AccountRecord): Promise<TSnapshot | null>;
src/accounts/credentialSync.ts	64	homesForAccount(account: AccountRecord, extraHome: string | undefined, options: SyncAccountCredentialsOptions): Promise<string[]>;
src/accounts/credentialSync.ts	66	readHomeSnapshot(account: AccountRecord, home: string): Promise<TSnapshot | null>;
src/accounts/credentialSync.ts	79	isFresher(candidate: TSnapshot, current: TSnapshot | null): boolean;
src/accounts/credentialSync.ts	81	save(account: AccountRecord, snapshot: TSnapshot): Promise<void>;
src/accounts/credentialSync.ts	83	ledger(account: AccountRecord, snapshot: TSnapshot): LedgerEntry;
src/accounts/credentialSync.ts	85	result(snapshot: TSnapshot | null, vaultUpdated: boolean, skipped: CredentialSyncSkip[], harvested: boolean): TResult;
src/accounts/credentialSync.ts	94	export async function runCredentialSyncLocked<TSnapshot, TResult>(
src/accounts/cursorAuth.ts	71	export function decodeJwtClaims(token: string): JwtClaims | null {
src/accounts/cursorAuth.ts	87	export function parseCursorAuth(raw: string | null, source: string, mtimeMs: number): CursorAuthSnapshot | null {
src/accounts/cursorAuth.ts	128	export async function readCursorAuthFile(path: string, source: string): Promise<CursorAuthSnapshot | null> {
src/accounts/cursorAuth.ts	136	export function cursorGlobalAuthPath(): string {
src/accounts/cursorAuth.ts	146	async function readCursorKeychainSecret(service: string): Promise<string | undefined> {
src/accounts/cursorAuth.ts	165	export async function readCursorLiveAuth(): Promise<CursorAuthSnapshot | null> {
src/accounts/cursorAuth.ts	186	export async function cursorLiveAuthDigest(): Promise<string | null> {
src/accounts/cursorAuth.ts	194	export async function readCursorAuthInfo(configDir: string): Promise<CursorAuthInfo | null> {
src/accounts/cursorAuth.ts	214	export async function cursorAccountIdentity(
src/accounts/cursorAuth.ts	237	export async function cursorAuthBelongsToAccount(
src/accounts/cursorAuth.ts	251	async function authorizeCursorAuthImport(
src/accounts/cursorAuth.ts	291	function cursorAuthFreshnessMs(snapshot: CursorAuthSnapshot): number {
src/accounts/cursorAuth.ts	295	function isFresherCursorAuth(candidate: CursorAuthSnapshot, current: CursorAuthSnapshot | null): boolean {
src/accounts/cursorAuth.ts	309	export function cursorAuthUnavailableReason(snapshot: CursorAuthSnapshot | null, now: number, skewMs = CURSOR_AUTH_EXPIRY_SKEW_MS): string | null {
src/accounts/cursorAuth.ts	324	export async function assertCursorHomeAuthFresh(
src/accounts/cursorAuth.ts	336	export async function saveCursorAuthToVaultLocked(account: AccountRecord, sourceRaw: string): Promise<void> {
src/accounts/cursorAuth.ts	347	async function cursorHomesForAccount(
src/accounts/cursorAuth.ts	392	export async function syncCursorAuthToVault(
src/accounts/cursorAuth.ts	400	export async function syncCursorAuthToVaultLocked(
src/accounts/gatewayMcp.ts	35	function gatewayMcpDebug(message: string): void {
src/accounts/gatewayMcp.ts	39	function dialectForHarness(harness: string): McpDialect | undefined {
src/accounts/gatewayMcp.ts	53	export function nativeGatewayHome(harness: string, env: NodeJS.ProcessEnv = process.env): string | undefined {
src/accounts/gatewayMcp.ts	59	function desiredEntries(gateways: GatewayRecord[], dialect: McpDialect): Record<string, McpEntry> {
src/accounts/gatewayMcp.ts	69	function isMcpEntry(value: unknown): value is McpEntry {
src/accounts/gatewayMcp.ts	79	async function readStamp(homePath: string): Promise<StampRead> {
src/accounts/gatewayMcp.ts	116	async function readTarget(path: string): Promise<FileRead> {
src/accounts/gatewayMcp.ts	126	async function kitClaimsTarget(homePath: string, targetFile: string): Promise<"claimed" | "unclaimed" | "invalid"> {
src/accounts/gatewayMcp.ts	152	function sameEntry(left: unknown, right: McpEntry): boolean {
src/accounts/gatewayMcp.ts	169	function skipJsonWhitespace(input: string, start: number): number {
src/accounts/gatewayMcp.ts	175	function jsonStringEnd(input: string, start: number): number | null {
src/accounts/gatewayMcp.ts	187	function jsonValueEnd(input: string, start: number): number | null {
src/accounts/gatewayMcp.ts	212	function topLevelJsonLayout(input: string, targetKey: string): TopLevelJsonLayout | null {
src/accounts/gatewayMcp.ts	256	function rewriteTopLevelJsonProperty(input: string, key: string, value: unknown): string | null {
src/accounts/gatewayMcp.ts	271	function reconcileClaude(
src/accounts/gatewayMcp.ts	322	function opencodeEnvTemplate(name: string): string {
src/accounts/gatewayMcp.ts	326	function opencodeOnDisk(entry: McpEntry): Record<string, unknown> {
src/accounts/gatewayMcp.ts	339	function opencodeFromDisk(value: unknown): McpEntry | null {
src/accounts/gatewayMcp.ts	356	function reconcileOpenCode(
src/accounts/gatewayMcp.ts	405	function tomlKey(name: string): string {
src/accounts/gatewayMcp.ts	409	function renderCodexEntry(name: string, entry: McpEntry): string {
src/accounts/gatewayMcp.ts	422	function scanTomlValue(value: string, initial: TomlBalance): TomlBalance | null {
src/accounts/gatewayMcp.ts	455	function validTomlForMerge(lines: string[]): boolean {
src/accounts/gatewayMcp.ts	484	function codexSections(lines: string[]): TomlSection[] | null {
src/accounts/gatewayMcp.ts	511	function appendTomlSection(lines: string[], rendered: string): string[] {
src/accounts/gatewayMcp.ts	519	function replaceTomlSection(lines: string[], section: TomlSection, rendered: string | null): string[] {
src/accounts/gatewayMcp.ts	526	function reconcileCodex(
src/accounts/gatewayMcp.ts	567	function reconcileDialect(
src/accounts/gatewayMcp.ts	578	async function reconcileLocked(
src/accounts/gatewayMcp.ts	626	export async function seedGatewayMcpForAgent(
src/accounts/gatewayMcp.ts	640	export async function seedGatewayMcp(
src/accounts/genericSync.ts	32	async function genericCredentialHomesForAccount(
src/accounts/genericSync.ts	50	async function readGenericCredentialBundle(account: AccountRecord, rootPath: string, source: string): Promise<GenericCredentialBundle | null> {
src/accounts/genericSync.ts	67	function genericCredentialFingerprint(bundle: GenericCredentialBundle): string {
src/accounts/genericSync.ts	71	function isFresherGenericCredentialBundle(candidate: GenericCredentialBundle, current: GenericCredentialBundle | null): boolean {
src/accounts/genericSync.ts	77	async function saveGenericCredentialBundleToVaultLocked(account: AccountRecord, bundle: GenericCredentialBundle): Promise<void> {
src/accounts/genericSync.ts	109	export async function syncGenericCredentialsToVault(
src/accounts/genericSync.ts	117	export async function syncGenericCredentialsToVaultLocked(
src/accounts/grokAuth.ts	28	export async function readGrokAuthFile(path: string, source: string): Promise<GrokAuthSnapshot | null> {
src/accounts/grokAuth.ts	35	function parseGrokAuth(raw: string | null, source: string, mtimeMs: number): GrokAuthSnapshot | null {
src/accounts/grokAuth.ts	64	async function readHomeGrokAuth(homePath: string): Promise<GrokAuthSnapshot | null> {
src/accounts/grokAuth.ts	68	function grokAuthFreshnessMs(snapshot: GrokAuthSnapshot): number {
src/accounts/grokAuth.ts	72	function isFresherGrokAuth(candidate: GrokAuthSnapshot, current: GrokAuthSnapshot | null): boolean {
src/accounts/grokAuth.ts	78	export function grokAuthUnavailableReason(snapshot: GrokAuthSnapshot | null, now: number, skewMs = GROK_AUTH_EXPIRY_SKEW_MS): string | null {
src/accounts/grokAuth.ts	92	export async function assertGrokHomeAuthFresh(
src/accounts/grokAuth.ts	106	async function grokAccountEmails(account: AccountRecord, vault?: GrokAuthSnapshot | null): Promise<Set<string>> {
src/accounts/grokAuth.ts	115	async function grokAuthBelongsToAccount(snapshot: GrokAuthSnapshot | null, account: AccountRecord, vault?: GrokAuthSnapshot | null): Promise<boolean> {
src/accounts/grokAuth.ts	121	async function authorizeGrokAuthImport(
src/accounts/grokAuth.ts	146	async function homeBelongsToGrokAccount(homePath: string, account: AccountRecord, vault?: GrokAuthSnapshot | null): Promise<boolean> {
src/accounts/grokAuth.ts	155	export async function grokHomesForAccount(
src/accounts/grokAuth.ts	178	async function saveGrokAuthToVaultLocked(account: AccountRecord, sourceRaw: string): Promise<void> {
src/accounts/grokAuth.ts	208	export async function syncGrokAuthToVault(
src/accounts/grokAuth.ts	216	export async function syncGrokAuthToVaultLocked(
src/accounts/health.ts	18	export async function accountCredentialUnavailableReason(
src/accounts/homeDefaults.ts	39	export async function seedClaudeHomeDefaults(homePath: string): Promise<boolean> {
src/accounts/homeDefaults.ts	49	function withClaudeSettingsDefaults(input: string): string {
src/accounts/homeDefaults.ts	81	export async function seedCodexHomeDefaults(homePath: string): Promise<boolean> {
src/accounts/homeDefaults.ts	91	function mergeCodexConfigDefaults(input: string): string {
src/accounts/homeDefaults.ts	98	export function tomlLines(input: string): string[] {
src/accounts/homeDefaults.ts	103	function withTopLevelTomlDefaults(lines: string[], defaults: Record<string, string>): string[] {
src/accounts/homeDefaults.ts	119	function withTomlSectionDefaults(lines: string[], section: string, defaults: Record<string, string>): string[] {
src/accounts/homeDefaults.ts	139	function firstTomlSectionIndex(lines: string[]): number {
src/accounts/homeDefaults.ts	143	function formatTomlDefaults(defaults: Record<string, string>): string[] {
src/accounts/homeDefaults.ts	154	export async function seedClaudeHomeAcceptance(homePath: string, opts: { yolo?: boolean; trustCwd?: string } = {}): Promise<void> {
src/accounts/homes.ts	11	export async function candidateHomes(tool: string): Promise<string[]> {
src/accounts/homes.ts	21	export function dedicatedHomesFor(account: AccountRecord): string[] {
src/accounts/homes.ts	25	export function isDedicatedHomeForAccount(account: AccountRecord, homePath: string): boolean {
src/accounts/homes.ts	31	export function defaultHomeForAccount(account: AccountRecord): string {
src/accounts/registry.ts	41	export function accountCli(a: Pick<AccountRecord, "tool">): string {
src/accounts/registry.ts	50	export const PROVIDER_BY_CLI: Record<string, string> = {
src/accounts/registry.ts	65	export function normalizeAccountRecord(a: AccountRecord): AccountRecord {
src/accounts/registry.ts	82	export function vaultRoot(): string {
src/accounts/registry.ts	86	export function accountsRegistryPath(): string {
src/accounts/registry.ts	90	export function accountsLockPath(): string {
src/accounts/registry.ts	94	export function accountLockPath(accountId: string): string {
src/accounts/registry.ts	98	export function accountDir(account: Pick<AccountRecord, "tool" | "id">): string {
src/accounts/registry.ts	109	export function withAccountsLock<T>(fn: () => Promise<T>): Promise<T> {
src/accounts/registry.ts	120	export function withAccountLock<T>(accountId: string, fn: () => Promise<T>, options: LockOptions = {}): Promise<T> {
src/accounts/registry.ts	131	export const CROSS_ACCOUNT_LOCK_TIMEOUT_MS = 10_000;
src/accounts/registry.ts	133	export function accountIdFor(tool: string, label: string): string {
src/accounts/registry.ts	137	async function ensureVault(): Promise<void> {
src/accounts/registry.ts	141	export async function listAccounts(): Promise<AccountRecord[]> {
src/accounts/registry.ts	163	function isAccountRecord(value: unknown): value is AccountRecord {
src/accounts/registry.ts	174	async function writeRegistry(accounts: AccountRecord[]): Promise<void> {
src/accounts/registry.ts	185	export async function addAccount(tool: string, label: string, options: AddAccountOptions = {}): Promise<AccountRecord> {
src/accounts/registry.ts	220	export async function removeAccount(idOrLabel: string): Promise<AccountRecord> {
src/accounts/registry.ts	242	export async function setAccountPaused(idOrLabel: string, paused: boolean): Promise<AccountRecord> {
src/accounts/registry.ts	260	export async function setAccountAutoPickPenalty(idOrLabel: string, penalty: number): Promise<AccountRecord> {
src/accounts/registry.ts	286	export function matchAccount(accounts: AccountRecord[], query: string): AccountRecord {
src/accounts/registry.ts	298	export function recipeFor(account: AccountRecord): IdentityRecipe {
src/accounts/resolve.ts	8	export async function findAccount(idOrLabel: string, tool?: string): Promise<AccountRecord> {
src/accounts/resolve.ts	32	function splitToolShorthand(value: string): { tool: string; query: string } | undefined {
src/accounts/resolve.ts	46	export const AUTO_ACCOUNT_QUERY = "auto";
src/accounts/resolve.ts	55	export const RR_ACCOUNT_QUERY = "rr";
src/accounts/resolve.ts	58	export function autoAccountTool(value: string): string | undefined {
src/accounts/resolve.ts	64	export function roundRobinAccountTool(value: string): string | undefined {
src/accounts/resolve.ts	83	export async function resolveSpawnAgent(kind: string): Promise<SpawnAgentSpec> {
src/accounts/sync.ts	32	export async function syncAccountCredentialsToVault(
src/accounts/sync.ts	44	export async function syncAllClaudeChainsToVault(): Promise<AccountChainSyncOutcome[]> {
src/accounts/sync.ts	59	export async function syncAllCodexAuthToVault(): Promise<AccountChainSyncOutcome[]> {
src/accounts/sync.ts	74	export async function syncAllGenericCredentialsToVault(): Promise<AccountChainSyncOutcome[]> {
src/accounts/sync.ts	91	export async function syncAllAccountCredentialsToVault(): Promise<AccountChainSyncOutcome[]> {
src/accounts/utils.ts	5	export function accountEmail(account: Pick<AccountRecord, "email" | "label">): string | undefined {
src/accounts/utils.ts	9	export function emailFromJwt(jwt: string): string | null {
src/accounts/utils.ts	21	export function expFromJwt(jwt: string): number | undefined {
src/accounts/utils.ts	32	export function parseTimeMs(value: unknown): number | undefined {
src/activation.ts	60	export function activationKey(scopeId: string, claimantId: string, attempt: number): string {
src/activation.ts	71	export function judgeActivationEvidence(
src/agents.ts	49	export function stampBeeIdentityEnv(env: Record<string, string>, identity: BeeIdentityEnv): void {
src/agents.ts	91	export function canonicalAgentKind(kind: string): string {
src/agents.ts	103	export function agentDefaultsToYolo(kind: string): boolean {
src/agents.ts	107	export function tmuxOptionsForAgent(kind: string): TmuxWindowOptions | undefined {
src/agents.ts	142	export function resolveAgent(kind: AgentKind, extraArgs: string[] = [], options: ResolveAgentOptions = {}): AgentSpec {
src/agents.ts	196	mergeCallerEnv(env, callerEnv);
src/agents.ts	225	export function shellCommand(spec: AgentSpec, options: { forExec?: boolean } = {}): string {
src/agents.ts	241	export function refreshIdentityEnv(
src/agents.ts	252	mergeCallerEnv(spec.env, acceptedCallerEnv);
src/agents.ts	269	export function adoptInheritedHome(spec: AgentSpec): void {
src/agents.ts	278	export async function assertAgentAuthFreshForSpawn(spec: AgentSpec, accountId?: string): Promise<void> {
src/agents.ts	301	export function forcedSessionIdArgs(kind: string, sessionId: string): string[] | null {
src/agents.ts	305	export function hasSessionIdArg(args?: readonly string[]): boolean {
src/agents.ts	309	function resolveProfile(kind: string, explicitHome: string | true | string[] | undefined) {
src/agents.ts	318	function profileAlias(kind: string): { kind: string; home?: string } | undefined {
src/agents.ts	333	export function resolveHome(kind: string, value: string): string {
src/agents.ts	342	function ensureDroidYoloSettings(): void {
src/agents.ts	343	mkdirSync(dirname(DROID_YOLO_SETTINGS_PATH), { recursive: true });
src/agents.ts	358	writeFileSync(DROID_YOLO_SETTINGS_PATH, `${JSON.stringify(next, null, 2)}\n`, { mode: 0o600 });
src/agents.ts	361	export function shellQuoteIfNeeded(value: string): string {
src/agents.ts	368	export function splitShellWords(input: string): string[] {
src/agents.ts	406	function expandTildeWord(value: string): string {
src/agents.ts	412	function truthyEnv(value: string | undefined): boolean {
src/agents.ts	449	function safeTmuxTargetForFlow(value: string): string {
src/agents.ts	461	export async function spawnBeeForFlow(opts: SpawnBeeOptions): Promise<SessionRecord> {
src/agents.ts	520	stampBeeIdentityEnv(spec.env, { name, id: identity.id, comb: name, ...(spawnedById ? { parent: spawnedById } : {}) });
src/answerReceipt.ts	91	export class HsrAnswerAmbiguousError extends Error {
src/answerReceipt.ts	94	constructor(readonly operation: HsrAnswerOperation, message: string, options?: ErrorOptions) {
src/answerReceipt.ts	100	export class HsrAnswerConflictError extends Error {
src/answerReceipt.ts	103	constructor(readonly operation: HsrAnswerOperation, message: string) {
src/answerReceipt.ts	109	export class HsrAnswerDiscardedError extends Error {
src/answerReceipt.ts	112	constructor(readonly operation: HsrAnswerOperation, message: string) {
src/answerReceipt.ts	118	export class HsrAnswerInFlightError extends Error {
src/answerReceipt.ts	121	constructor(readonly operation: HsrAnswerOperation, message: string) {
src/answerReceipt.ts	127	function exactKeys(value: Record<string, unknown>, allowed: readonly string[]): boolean {
src/answerReceipt.ts	133	function isObject(value: unknown): value is Record<string, unknown> {
src/answerReceipt.ts	137	function validSource(value: unknown): value is HsrAnswerSource {
src/answerReceipt.ts	160	export function parseHsrAnswerSource(value: unknown): HsrAnswerSource {
src/answerReceipt.ts	165	function validExpectedSource(value: unknown): value is HsrAnswerExpectedSource {
src/answerReceipt.ts	175	export function parseHsrAnswerExpectedSource(value: unknown): HsrAnswerExpectedSource {
src/answerReceipt.ts	180	function validOperation(value: unknown): value is HsrAnswerOperation {
src/answerReceipt.ts	187	function validFingerprint(value: unknown): value is ProcessBirthFingerprint {
src/answerReceipt.ts	193	function validHost(value: unknown): value is HsrAnswerHostIdentity {
src/answerReceipt.ts	200	function validAnswer(value: unknown): value is RunnerInputAnswer {
src/answerReceipt.ts	207	export function parseHsrAnswerRpcParams(value: unknown): HsrAnswerRpcParams {
src/answerReceipt.ts	218	export function parseHsrAnswerRpcResult(value: unknown): HsrAnswerRpcResult {
src/answerReceipt.ts	243	export function parseHsrAnswerHostCapabilities(value: unknown): HsrAnswerHostCapabilities {
src/answerReceipt.ts	250	export function parseHsrAnswerHostIdentity(value: unknown): HsrAnswerHostIdentity {
src/answerReceipt.ts	255	export function sameHsrAnswerHostIdentity(
src/answerReceipt.ts	262	export function hsrAnswerSource(record: SessionRecord): HsrAnswerSource {
src/answerReceipt.ts	274	export function hsrAnswerExpectedSource(record: SessionRecord): HsrAnswerExpectedSource {
src/answerReceipt.ts	284	export function hsrAnswerExpectedSourceOwnsRecord(
src/answerReceipt.ts	294	export function hsrAnswerOperationOwnsRecord(
src/answerReceipt.ts	301	export function hsrAnswerSourceOwnsRecord(source: HsrAnswerSource, record: SessionRecord): boolean {
src/answerReceipt.ts	305	export function assertHsrAnswerOperationOwnsRecord(
src/answerReceipt.ts	317	export function canonicalHsrAnswerDigest(answer: RunnerInputAnswer): string {
src/answerReceipt.ts	322	export function createHsrAnswerOperation(
src/answerReceipt.ts	333	function beeKey(bee: string): string {
src/answerReceipt.ts	337	function operationKey(operation: HsrAnswerOperation): string {
src/answerReceipt.ts	341	function receiptDir(bee: string): string {
src/answerReceipt.ts	345	function receiptPath(bee: string, operation: HsrAnswerOperation): string {
src/answerReceipt.ts	349	function receiptLockPath(bee: string): string {
src/answerReceipt.ts	353	function sameSource(left: HsrAnswerSource, right: HsrAnswerSource): boolean {
src/answerReceipt.ts	359	function sameOperation(left: HsrAnswerOperation, right: HsrAnswerOperation): boolean {
src/answerReceipt.ts	364	function sameHost(left: HsrAnswerHostIdentity | undefined, right: HsrAnswerHostIdentity): boolean {
src/answerReceipt.ts	370	function parseReceipt(raw: string, expectedBee: string, expectedFilename: string): HsrAnswerReceipt {
src/answerReceipt.ts	394	async function readReceiptsUnlocked(bee: string): Promise<HsrAnswerReceipt[]> {
src/answerReceipt.ts	418	async function writeReceipt(receipt: HsrAnswerReceipt): Promise<void> {
src/answerReceipt.ts	423	function exactReceipt(receipts: HsrAnswerReceipt[], operation: HsrAnswerOperation): HsrAnswerReceipt | undefined {
src/answerReceipt.ts	428	export async function readHsrAnswerReceipt(
src/answerReceipt.ts	436	export async function readHsrAnswerReceipts(bee: string): Promise<HsrAnswerReceipt[]> {
src/answerReceipt.ts	441	export function hsrAnswerReconciliationCandidates(params: {
src/answerReceipt.ts	465	export async function offerHsrAnswerOperation(
src/answerReceipt.ts	519	export async function markHsrAnswerOperationSending(
src/answerReceipt.ts	560	export async function returnHsrAnswerOperationToOffer(
src/answerReceipt.ts	580	function resultForReceipt(receipt: HsrAnswerReceipt): HsrAnswerRpcResult | null {
src/answerReceipt.ts	594	export async function coordinateHsrAnswerOnHost(params: {
src/answerReceipt.ts	733	export async function reconcileHsrAnswerOperation(
src/answerReceipt.ts	756	export async function markHsrAnswerOperationAmbiguous(
src/answerReceipt.ts	785	export async function assertNoUnresolvedHsrAnswerOwnership(
src/answerReceipt.ts	804	export async function assertNoUnresolvedHsrAnswerReceiptsForBee(
src/attach.ts	34	export function buildAttachArgv(context: AttachContext): string[] {
src/attach.ts	68	function shellQuote(value: string): string {
src/beePicker.ts	41	open(): Promise<void>;
src/beePicker.ts	46	export function createBeePicker(config: BeePickerConfig): BeePicker {
src/beesSidebar.ts	16	export const BEES_NAV_PANE_OPTION = "@hive_bees_nav";
src/beesSidebar.ts	17	export const BEES_SIDEBAR_WIDTH_OPTION = "@hive_bees_sidebar_width";
src/beesSidebar.ts	18	export const BEES_GROUP_OPTION = "@hive_bees_group";
src/beesSidebar.ts	24	export function clampSidebarWidth(width: number | undefined): number {
src/beesSidebar.ts	32	async function currentWindowTarget(): Promise<string> {
src/beesSidebar.ts	39	function exactWindowTarget(windowTarget: string): string {
src/beesSidebar.ts	47	function windowSessionName(windowTarget: string): string {
src/beesSidebar.ts	52	async function listWindowPanes(windowTarget: string): Promise<PaneRow[]> {
src/beesSidebar.ts	66	async function listAllNavPanes(): Promise<string[]> {
src/beesSidebar.ts	79	async function setPaneOption(paneId: string, key: string, value: string): Promise<void> {
src/beesSidebar.ts	83	async function readGlobalSidebarWidth(): Promise<number | undefined> {
src/beesSidebar.ts	90	async function setGlobalSidebarWidth(width: number | undefined): Promise<void> {
src/beesSidebar.ts	99	export async function readBeesGroupMode(): Promise<BeesGroupMode | undefined> {
src/beesSidebar.ts	107	export async function writeBeesGroupMode(mode: BeesGroupMode): Promise<void> {
src/beesSidebar.ts	112	function hiveBeesSidebarCommand(): string {
src/beesSidebar.ts	121	async function killPaneBestEffort(paneId: string): Promise<void> {
src/beesSidebar.ts	125	async function openNavPane(windowTarget: string, width: number, command = hiveBeesSidebarCommand()): Promise<string | undefined> {
src/beesSidebar.ts	138	async function removeOtherNavPanes(keepPaneId: string | undefined): Promise<void> {
src/beesSidebar.ts	145	export async function toggleBeesSidebar(requestedWidth?: number): Promise<"opened" | "closed"> {
src/beesSidebar.ts	168	export async function syncBeesSidebarLayout(
src/beesSidebar.ts	194	export async function showBeeBesideSidebar(record: SessionRecord): Promise<void> {
src/beesSidebar.ts	230	export async function attachBeeWithSidebar(record: SessionRecord): Promise<void> {
src/beesSidebar.ts	246	async function applyBeeWindowOptions(record: SessionRecord): Promise<void> {
src/beesSidebar.ts	252	async function switchClientToBee(record: SessionRecord): Promise<void> {
src/beesSidebar.ts	258	async function selectBeePane(record: SessionRecord): Promise<void> {
src/beesSidebar.ts	263	async function windowTargetForPane(paneId: string): Promise<string | undefined> {
src/beesSidebar.ts	274	async function sidebarWindowTarget(): Promise<string | undefined> {
src/beesSidebar.ts	297	export function pickCurrentSidebarBee(
src/beesSidebar.ts	317	export async function resolveCurrentSidebarBeeName(records: SessionRecord[]): Promise<string | undefined> {
src/beesSidebar.ts	327	export function __testOnlySidebarWidthClamp(width: number): number {
src/beesSidebar.ts	332	export async function __testOnlyOpenNavPane(windowTarget: string, width: number, command: string): Promise<string | undefined> {
src/beesSidebar.ts	337	export const __testOnlyExactWindowTarget = exactWindowTarget;
src/beesTui.ts	68	export function beesCatalogSignature(items: BeesTuiItem[]): string {
src/beesTui.ts	124	export function groupBeesTuiItems(items: BeesTuiItem[]): BeesTuiGroup[] {
src/beesTui.ts	171	export const BEES_GROUP_MODES: BeesGroupMode[] = ["colony", "pro-repo", "pro-area", "folder", "type"];
src/beesTui.ts	173	export const BEES_GROUP_MODE_LABEL: Record<BeesGroupMode, string> = {
src/beesTui.ts	181	export function nextBeesGroupMode(mode: BeesGroupMode, delta = 1): BeesGroupMode {
src/beesTui.ts	188	export function groupBeesByMode(items: BeesTuiItem[], mode: BeesGroupMode): BeesTuiGroup[] {
src/beesTui.ts	211	function groupBySingleFacet(
src/beesTui.ts	236	function swarmLabel(colony: string, swarmId: string): string {
src/beesTui.ts	241	function colonySoloLabel(colony: string): string {
src/beesTui.ts	260	function sortItemsForDisplay(items: BeesTuiItem[]): BeesTuiItem[] {
src/beesTui.ts	269	export function beesTuiFuzzyKey(item: BeesTuiItem): string {
src/beesTui.ts	277	export function flattenBeesTuiGroups(groups: BeesTuiGroup[]): FlatRow[] {
src/beesTui.ts	290	export function filterBeesTuiItems(items: BeesTuiItem[], query: string): BeesTuiItem[] {
src/beesTui.ts	295	export const BEES_FILTER_DEBOUNCE_MS = 24;
src/beesTui.ts	306	export function canNarrowBeesFilter(prev: string, next: string): boolean {
src/beesTui.ts	312	function stateCell(headline: string, live: boolean): string {
src/beesTui.ts	322	function stateGlyph(headline: string, live: boolean): string {
src/beesTui.ts	332	export async function runBeesTui(options: RunBeesTuiOptions): Promise<void> {
src/beesTui.ts	625	function renderTitle(width: number, total: number, query: string, matchCount: number): string {
src/beesTui.ts	632	function renderHelp(width: number): string {
src/beesTui.ts	638	function firstItemRowIndex(flat: FlatRow[]): number {
src/beesTui.ts	644	export function itemRowIndexForName(flat: FlatRow[], name: string | undefined): number {
src/beesTui.ts	650	export function initialBeesCursor(flat: FlatRow[], name: string | undefined): number {
src/beesTui.ts	661	export function resolveRegroupCursor(flat: FlatRow[], prevName: string | undefined, currentName: string | undefined): number {
src/beesTui.ts	671	export function stepBeesCursor(flat: FlatRow[], cursor: number, delta: number): number {
src/beesTui.ts	686	export function slotGlyph(item: Pick<BeesTuiItem, "proSlotKind" | "poolMemberLabel">): string {
src/beesTui.ts	692	function renderFlatRow(row: FlatRow, index: number, cursor: number, width: number, currentName?: string): string {
src/beesTui.ts	734	function renderKillModal(item: BeesTuiItem, rows: number, width: number, killing: boolean): string[] {
src/beesTui.ts	754	function pad(value: string, size: number, align: "left" | "right" = "left"): string {
src/beesTui.ts	762	export function beesTuiSearchText(parts: {
src/buz.ts	51	export const BUZ_MAILBOXES = ["inbox", "queue", "outbox", "read", "quarantine"] as const;
src/buz.ts	54	export const EXTERNAL_NAMESPACE = "_external";
src/buz.ts	58	export const DEFAULT_BUZ_ACCEPT: readonly BuzTier[] = Object.freeze(["next-tool", "queue", "passive"]);
src/buz/cancel.ts	25	export async function cancelQueuedBuzMessage(beeName: string, id: string): Promise<boolean> {
src/buz/drain.ts	41	export async function processQueueForBee(
src/buz/errors.ts	7	export class BuzDeliveryRejectedError extends Error {
src/buz/errors.ts	10	constructor(message: string, options?: ErrorOptions) {
src/buz/errors.ts	21	export class BuzUnresolvedIntentError extends Error {
src/buz/errors.ts	25	constructor(messageId: string, message: string, options?: ErrorOptions) {
src/buz/errors.ts	34	export function classifyBuzDeliveryFailure(error: unknown): BuzDeliveryFailureClass {
src/buz/ids.ts	12	export function generateMessageId(now?: number): string {
src/buz/ids.ts	20	export function isUuidV7(value: unknown): value is string {
src/buz/inject.ts	12	export const BUZ_INJECTION_MARKER =
src/buz/inject.ts	29	export function formatBuzInjection(message: BuzMessage): string {
src/buz/inject.ts	48	export function matchesBuzInjection(text: string, message: BuzMessage): boolean {
src/buz/inject.ts	69	export function formatBuzInjectionAs(message: BuzMessage, deliveredAs: BuzMessage["deliveredAs"]): string {
src/buz/policy.ts	12	export function resolveBuzAccept(record: Pick<SessionRecord, "buzAccept">): readonly BuzTier[] {
src/buz/policy.ts	25	export function downgradeTier(requested: BuzTier, accepted: readonly BuzTier[]): DowngradeResult {
src/buz/policy.ts	50	export function validateAcceptList(values: string[]): BuzTier[] {
src/buz/policy.ts	66	export function parseAcceptFlag(value: string): BuzTier[] {
src/buz/reconcile.ts	46	export async function reconcileAmbiguousBuzDelivery(
src/buz/reconcile.ts	185	function deliveryMarkerMatchesRecord(marker: DeliveryStopDoubt, record: SessionRecord): boolean {
src/buz/reconcile.ts	193	async function clearCanonicalDeliveryMarker(bee: string, expected: DeliveryStopDoubt): Promise<void> {
src/buz/recovery.ts	15	function undeliverableQuestion(record: SessionRecord, reason: MessageUndeliverableReason): string {
src/buz/recovery.ts	32	export async function openMessageDeliveryRequest(
src/buz/recovery.ts	64	export async function requestMessageRecoveryIfParked(
src/buz/recovery.ts	102	export async function clearMessageRecovery(
src/buz/requeue.ts	31	export async function requeueQuarantinedMessages(
src/buz/requeue.ts	72	export async function countQuarantinedMessages(beeName: string): Promise<number> {
src/buz/send.ts	91	export async function sendBuzMessage(
src/buz/send.ts	104	export async function sendBuzMessageInAdmission(
src/buz/send.ts	251	function messageMatchesIntent(message: BuzMessage, input: BuzSendInput): boolean {
src/buz/send.ts	265	async function findUnresolvedMatchingIntent(input: BuzSendInput): Promise<BuzMessage | null> {
src/buz/send.ts	279	async function deliverInterruptTier(context: BuzDeliveryContext): Promise<BuzDeliveryOutcome> {
src/buz/send.ts	343	async function deliverNextToolTier(context: BuzDeliveryContext): Promise<BuzDeliveryOutcome> {
src/buz/send.ts	419	async function deliverQueueTier(context: BuzDeliveryContext): Promise<BuzDeliveryOutcome> {
src/buz/send.ts	424	async function deliverPassiveTier(context: BuzDeliveryContext): Promise<BuzDeliveryOutcome> {
src/buz/send.ts	429	async function writeRecipientMailbox(context: BuzDeliveryContext, mailbox: RecipientDeliveryMailbox): Promise<void> {
src/buz/send.ts	441	async function rewriteQueuedDeliveryPreservingOrder(context: BuzDeliveryContext): Promise<void> {
src/buz/send.ts	450	async function finalizeAcceptedQueuedDelivery(
src/buz/send.ts	479	async function throwPostProviderMailboxAmbiguity(
src/buz/send.ts	494	async function throwDurableBuzAmbiguity(
src/buz/storage.ts	26	export function buzRoot(): string {
src/buz/storage.ts	30	export function beeMailboxDir(beeName: string, mailbox: BuzMailbox): string {
src/buz/storage.ts	34	export function externalOutboxDir(humanName: string): string {
src/buz/storage.ts	38	export function recipientWriteLockPath(beeName: string): string {
src/buz/storage.ts	42	function anchoredBuzPath(...segments: string[]): string {
src/buz/storage.ts	57	export function deliveryLockPath(beeName: string): string {
src/buz/storage.ts	64	export const DELIVERY_LOCK_TIMEOUT_MS = 120_000;
src/buz/storage.ts	72	export function sanitizeHumanName(name: string): string {
src/buz/storage.ts	80	export function senderToken(sender: BuzSender): string {
src/buz/storage.ts	84	export function senderDisplay(sender: BuzSender): string {
src/buz/storage.ts	92	export function recipientMailboxFilename(message: BuzMessage): string {
src/buz/storage.ts	97	export const inboxFilename = recipientMailboxFilename;
src/buz/storage.ts	99	export function outboxFilename(message: BuzMessage): string {
src/buz/storage.ts	104	function safeStamp(iso: string): string {
src/buz/storage.ts	112	export function serializeBuzMessage(message: BuzMessage): string {
src/buz/storage.ts	126	export function parseBuzMessage(text: string): BuzMessage {
src/buz/storage.ts	158	export async function writeMailbox(beeName: string, mailbox: BuzMailbox, message: BuzMessage): Promise<string> {
src/buz/storage.ts	171	export async function finalizeQueuedDelivery(
src/buz/storage.ts	190	export async function writeOutbox(message: BuzMessage): Promise<string> {
src/buz/storage.ts	207	export async function listMessages(
src/buz/storage.ts	248	export async function listSenderOutboxMessages(
src/buz/storage.ts	273	function senderMatchesFilter(sender: BuzSender, rawFilter: string): boolean {
src/buz/storage.ts	286	export async function readMessageById(
src/buz/storage.ts	348	export async function readSenderOutboxById(
src/buz/storage.ts	373	export async function consumeMessage(beeName: string, id: string): Promise<{ message: BuzMessage; from: BuzMailbox; toPath: string } | null> {
src/buz/storage.ts	392	export async function purgeMailbox(beeName: string, options: PurgeOptions): Promise<PurgeResult> {
src/buz/storage.ts	428	async function purgeDir(
src/buz/undeliverable.ts	26	export async function settleQueuedBuzMessageUndeliverable(
src/buz_format.ts	29	export function serializeBuzDocument(frontmatter: BuzFrontmatter, body: string): string {
src/buz_format.ts	39	export function parseBuzDocument(text: string): BuzFrontmatterDoc {
src/buz_format.ts	88	function isValidKey(key: string): boolean {
src/buz_format.ts	92	function encodeValue(value: string): string {
src/buz_format.ts	99	function decodeValue(raw: string): string {
src/buz_tiers.ts	6	export const BUZ_TIERS = ["interrupt", "next-tool", "queue", "passive"] as const;
src/buz_tiers.ts	10	export const DEFAULT_BUZ_TIER: BuzTier = "next-tool";
src/buz_tiers.ts	14	export function isBuzTier(value: unknown): value is BuzTier {
src/cellBroker.ts	19	export const CELL_BROKER_DENIAL_PREFIX = "this hive verb is brokered inside a Cell; denied:";
src/cellBroker.ts	20	export const CELL_SPAWN_ALTERNATIVE = "child Cell agents can be spawned without a grant via the Apiary mcp agent_spawn tool";
src/cellBroker.ts	25	constructor(reason: string) {
src/cellBroker.ts	31	function messageOf(error: unknown): string {
src/cellBroker.ts	35	function deny(reason: string): never {
src/cellBroker.ts	39	function callingBee(): string {
src/cellBroker.ts	47	function callingCapability(): string {
src/cellBroker.ts	55	function controlSocketPath(): string {
src/cellBroker.ts	66	function asBrokerReply(value: unknown): BrokerReply {
src/cellBroker.ts	73	async function callCellBroker(
src/cellBroker.ts	102	function brokerSpawnRest(rest: string[]): { model?: string; reasoning?: string; prompt?: string } {
src/cellBroker.ts	140	async function brokerSpawn(parsed: Parsed): Promise<void> {
src/cellBroker.ts	176	function usageState(): never {
src/cellBroker.ts	182	async function brokerBuzSend(parsed: Parsed): Promise<void> {
src/cellBroker.ts	218	async function brokerBuzInbox(parsed: Parsed): Promise<void> {
src/cellBroker.ts	231	printBuzListing({
src/cellBroker.ts	239	async function brokerState(parsed: Parsed): Promise<void> {
src/cellBroker.ts	256	printStateList(list, parsed, new Set(list.bees.map((view) => view.bee.name)));
src/cellBroker.ts	259	async function brokerSeal(parsed: Parsed): Promise<void> {
src/cellBroker.ts	276	printSealResult(reply.recordName, reply.stored as SealRecord);
src/cellBroker.ts	283	export async function dispatchCellBrokerVerb(parsed: Parsed): Promise<boolean> {
src/cellBrokerCapability.ts	4	export const CELL_BROKER_CAPABILITY_ENV = "HIVE_CELL_BROKER_TOKEN";
src/cellBrokerCapability.ts	5	export const CELL_BROKER_CAPABILITY_VERSION = 3;
src/cellBrokerCapability.ts	21	export function hashCellBrokerCapability(
src/cellBrokerCapability.ts	38	export function mintCellBrokerCapability(
src/cellBrokerCapability.ts	53	export function matchesCellBrokerCapability(
src/cellBrokerCapability.ts	66	export function isCellBrokerCapabilityToken(value: unknown): value is string {
src/cellBrokerCapability.ts	70	export function isCellBrokerCapabilityHash(value: unknown): value is string {
src/clean.ts	5	export function deadSessionRecords(records: SessionRecord[], liveTargets: Set<string>): SessionRecord[] {
src/clean.ts	16	export function olderThanMillis(records: SessionRecord[], ageMs: number, now = Date.now()): SessionRecord[] {
src/clean.ts	23	export function deadSessionAge(record: SessionRecord, now = Date.now()): string {
src/clean.ts	27	export function idleSessionAge(record: SessionRecord, now = Date.now()): string {
src/clean.ts	31	export function idleOlderThanMillis(records: SessionRecord[], ageMs: number, now = Date.now()): SessionRecord[] {
src/clean.ts	38	export function idleAgeSource(record: SessionRecord): string {
src/clean.ts	42	export function parseAge(value: string): number {
src/cleanTui.ts	41	export async function chooseCleanTargets(items: CleanTuiItem[], options: CleanTuiOptions = {}): Promise<CleanTuiResult> {
src/cleanTui.ts	267	function tableHeader(width: number): string {
src/cleanTui.ts	282	function renderRow(item: CleanTuiItem, index: number, cursor: number, selected: Set<string>, width: number): string {
src/cleanTui.ts	307	function renderPreview(item: CleanTuiItem | undefined, cache: Map<string, PreviewCacheEntry>, rows: number, width: number, hasLoader: boolean): string[] {
src/cleanTui.ts	323	export function wrapPreview(text: string, width: number, maxRows: number): string[] {
src/cleanTui.ts	351	function sliceEndForWidth(value: string, maxWidth: number): number {
src/cleanTui.ts	363	function blankLines(count: number): string[] {
src/cleanTui.ts	367	function stateCell(state: BeeState): string {
src/cleanTui.ts	400	function cwdColumnWidth(width: number): number {
src/cleanTui.ts	404	function pad(value: string, width: number, align: "left" | "right" = "left"): string {
src/cli-bootstrap.ts	13	runV2Cli(argv: string[]): Promise<number>;
src/cli-bootstrap.ts	20	async function loadV2(): Promise<V2Module> {
src/cli-bootstrap.ts	25	async function main(argv: string[]): Promise<void> {
src/cli-x.ts	10	async function main(argv: string[]) {
src/cli.ts	64	async function loadV2Cli(): Promise<{ runV2Cli(args: string[]): Promise<number> }> {
src/cli.ts	88	async function main(argv: string[]) {
src/cli.ts	128	async function dispatch(parsed: ReturnType<typeof parse>) {
src/cli.ts	383	function printHelp() {
src/cli.ts	553	export const legacyCliCompletion = main(process.argv.slice(2)).catch((error) => {
src/cli/shared.ts	39	export const VERSION = "0.0.1";
src/cli/shared.ts	41	export const APP_NAME = "hive";
src/cli/shared.ts	49	export function ttlFlagMs(parsed: Parsed): number | undefined {
src/cli/shared.ts	59	export function includePausedFlag(parsed: Parsed): boolean {
src/cli/shared.ts	72	export async function confirmPausedAccount(account: AccountRecord | undefined, parsed: Parsed): Promise<void> {
src/cli/shared.ts	98	export async function deliverBrief(parsed: Parsed, record: SessionRecord, briefText: string): Promise<SessionRecord> {
src/cli/shared.ts	130	export async function deliverSpawnBrief(parsed: Parsed, record: SessionRecord, briefText: string): Promise<{ record: SessionRecord; sent: boolean }> {
src/cli/shared.ts	141	export function warnSpawnReadiness(record: SessionRecord, error: AgentReadinessError): void {
src/cli/shared.ts	152	export const HSR_PROMPT_BOOT_TIMEOUT_MS = 90_000;
src/cli/shared.ts	163	export async function retryWhileHsrHostBoots<T>(
src/cli/shared.ts	188	export async function deliverPromptText(
src/cli/shared.ts	273	export async function deliverHsrPrompt(record: SessionRecord, prompt: string): Promise<SessionRecord> {
src/cli/shared.ts	292	export async function confirmSpawnReady(parsed: Parsed, record: SessionRecord): Promise<void> {
src/cli/shared.ts	322	export async function confirmSpawnReadyAll(parsed: Parsed, records: SessionRecord[]): Promise<void> {
src/cli/shared.ts	328	export function augmentBrief(parsed: Parsed, briefText: string): string {
src/cli/shared.ts	337	export async function resolveSpawnCwd(parsed: Parsed, profileCwd?: string): Promise<string> {
src/cli/shared.ts	344	export function resolveSwarmIdHint(parsed: Parsed, prefix?: string): string {
src/cli/shared.ts	354	export const DEFAULT_NODE_PROBE_TIMEOUT_MS = 2_500;
src/cli/shared.ts	367	export async function liveTargetsAcrossNodes(nodes: NodeRecord[], nodeFilter?: string): Promise<MultiNodeLiveProbe> {
src/cli/shared.ts	403	export function withTimeout<T>(promise: Promise<T>, ms: number): Promise<T> {
src/cli/shared.ts	429	export function formatHiveStateCell(state: string): string {
src/cli/shared.ts	448	export const PANE_CAPTURE_CONCURRENCY = 8;
src/cli/shared.ts	451	export async function capturePanesFor(records: SessionRecord[], liveTargets: Set<string>): Promise<Map<string, string>> {
src/cli/shared.ts	465	export async function listSealedBeeNames(records?: readonly SessionRecord[]): Promise<Set<string>> {
src/cli/shared.ts	476	export async function observeHsrLiveness(): Promise<{ hsrLive: Set<string>; hsrStates: Map<string, BeeState>; hsrSnapshots: Map<string, string> }> {
src/cli/shared.ts	501	export async function buildStateContext(
src/cli/shared.ts	524	export async function resolveBeeInCurrentPane(): Promise<SessionRecord | undefined> {
src/cli/shared.ts	560	export async function spawnOriginIsAgent(): Promise<boolean> {
src/cli/shared.ts	574	export async function currentTmuxSessionName(): Promise<string | undefined> {
src/cli/shared.ts	601	export function defaultSubstrateIsSshTmux(): boolean {
src/cli/shared.ts	607	export function assertLocalFleetReadable(verb: string): void {
src/cli/shared.ts	623	export function logLinesFlag(parsed: Parsed, fallback: number): number {
src/cli/shared.ts	630	export function followFlag(parsed: Parsed): boolean {
src/cli/shared.ts	640	export async function emitLog(opts: { text: string; path: string; lines?: number }): Promise<void> {
src/cli/shared.ts	658	export function hsrSubstrateRequested(parsed: Parsed): boolean {
src/cli/shared.ts	679	export async function resolveSpawnSubstrate(parsed: Parsed, agentKind: string): Promise<{ useHsr: boolean; node?: NodeRecord }> {
src/cli/shared.ts	703	export function parseSubstrateAlias(value: string): { kind?: NodeRecord["kind"]; node: string } {
src/cli/shared.ts	725	export function substrateKindForAlias(alias: string): NodeRecord["kind"] | undefined {
src/cli/shared.ts	732	export async function resolveSpawnNode(parsed: Parsed, agentKind: string): Promise<NodeRecord> {
src/cli/shared.ts	760	export async function resolveSpawnColony(parsed: Parsed): Promise<string | undefined> {
src/cli/shared.ts	771	export async function currentTmuxSession(): Promise<string | undefined> {
src/cli/shared.ts	779	export async function resolveSession(name: string): Promise<SessionRecord> {
src/cli/shared.ts	790	export async function ensureLive(record: SessionRecord) {
src/cli/shared.ts	795	export function cleanupAfterRun(parsed: Parsed): boolean {
src/cli/shared.ts	800	export function hasFlag(parsed: Parsed, key: string): boolean {
src/cli/shared.ts	810	export function stringFlag(parsed: Parsed, keys: string[]): string | undefined {
src/cli/shared.ts	826	export function arrayFlag(parsed: Parsed, key: string): string[] {
src/cli/shared.ts	835	export function ageFlag(parsed: Parsed, keys: string[]): number | undefined {
src/cli/shared.ts	845	export function acceptsTrust(parsed: Parsed): boolean {
src/cli/shared.ts	851	export function dangerousMode(parsed: Parsed, agent?: string, requested?: string, profileYolo?: boolean): boolean {
src/cli/shared.ts	876	export function yoloDecisionNames(agent?: string, requested?: string): string[] {
src/cli/shared.ts	881	add(requested);
src/cli/shared.ts	882	add(agent);
src/cli/shared.ts	883	add(requested ? canonicalAgentKind(requested) : undefined);
src/cli/shared.ts	884	add(agent ? canonicalAgentKind(agent) : undefined);
src/cli/shared.ts	889	export function envSuffix(value: string): string {
src/cli/shared.ts	894	export function truthyEnv(value: string | undefined): boolean {
src/cli/shared.ts	899	export function formatPaneExcerpt(pane: string): string {
src/cli/shared.ts	905	export function transcriptBanner(provider: string, path: string): string {
src/cli/shared.ts	911	export function sleep(ms: number) {
src/cli/shared.ts	916	export function safeTmuxTarget(value: string): string {
src/cliRoute.ts	12	export function v2IsDefault(argv0: string | undefined): boolean {
src/codexBoot.ts	22	export class CodexBootProbeError extends Error {
src/codexBoot.ts	25	constructor(classification: CodexBootFailureCause, error: unknown) {
src/codexBoot.ts	33	export function codexHomeFromEnv(env: Record<string, string | undefined>): string {
src/codexBoot.ts	44	export async function withCodexHomeBootLock<T>(
src/codexHomeMaintenance.ts	45	export const CODEX_HOME_BOOT_PROBE_BUDGET_MS = 100;
src/codexHomeMaintenance.ts	65	export function codexHomeMaintenanceEnabled(env: NodeJS.ProcessEnv = process.env): boolean {
src/codexHomeMaintenance.ts	69	async function sizeOf(path: string): Promise<number> {
src/codexHomeMaintenance.ts	82	export async function probeCodexHomeLogs(
src/codexHomeMaintenance.ts	114	async function sqlite(dbPath: string, sql: string, timeoutMs: number): Promise<string> {
src/codexHomeMaintenance.ts	129	async function reclaimOne(dbPath: string, deadline: number): Promise<CodexHomeMaintenanceResult> {
src/codexHomeMaintenance.ts	180	export async function reclaimCodexHomeLogs(
src/colony.ts	18	export function validColonyName(name: string): boolean {
src/colony.ts	22	export async function listColonies(): Promise<ColonyRecord[]> {
src/colony.ts	33	export async function loadColony(name: string): Promise<ColonyRecord | null> {
src/colony.ts	45	export async function colonyExists(name: string): Promise<boolean> {
src/colony.ts	49	export async function createColony(name: string, description?: string): Promise<ColonyRecord> {
src/colony.ts	65	export async function updateColony(name: string, patch: { description?: string }): Promise<ColonyRecord> {
src/colony.ts	81	export async function renameColony(oldName: string, newName: string): Promise<ColonyRecord> {
src/colony.ts	101	export async function archiveColony(name: string): Promise<ColonyRecord> {
src/colony.ts	116	async function withColoniesLock<T>(fn: () => Promise<T>): Promise<T> {
src/colony.ts	120	export async function saveColony(record: ColonyRecord): Promise<void> {
src/colony.ts	125	async function readColony(path: string): Promise<ColonyRecord> {
src/colony.ts	154	async function ensureDir(): Promise<void> {
src/colony.ts	158	function coloniesDir(): string {
src/colony.ts	162	function colonyPath(name: string): string {
src/comb/attachment.ts	27	export async function attachBeeToRun(options: {
src/comb/attachment.ts	282	export function combTrackPostscript(
src/comb/attachment.ts	305	function resolveEntryNode(run: RunRecord, requested: string | undefined): string {
src/comb/attachment.ts	323	function currentEntryActivation(run: RunRecord, nodeId: string): ActivationRecord {
src/comb/attachment.ts	339	export function attachedBriefForSession(
src/comb/canonical.ts	4	export function canonicalJson(value: JsonValue): string {
src/comb/canonical.ts	8	export function canonicalDigest(value: JsonValue): string {
src/comb/canonical.ts	12	export function sortValue(value: JsonValue): JsonValue {
src/comb/canonical.ts	20	export function assertCanonicalData(value: unknown, path = "$", seen = new Set<object>()): asserts value is JsonValue {
src/comb/claims.ts	11	export function combClaimsRoot(): string {
src/comb/claims.ts	15	export function claimPath(claimId: string): string {
src/comb/claims.ts	19	function claimLockPath(claimId: string): string {
src/comb/claims.ts	23	export function deriveSubjectClaim(options: {
src/comb/claims.ts	63	export async function loadClaim(claimId: string): Promise<SubjectClaimRecord | null> {
src/comb/claims.ts	74	export async function withPreparedClaim<T>(
src/comb/claims.ts	147	export async function releaseClaim(claimId: string, runId: string): Promise<void> {
src/comb/controller.ts	89	export class AgentActivationAmbiguousError extends Error {
src/comb/controller.ts	90	constructor(
src/comb/controller.ts	135	export async function sweepCombs(
src/comb/controller.ts	242	async function sweepOneRun(
src/comb/controller.ts	313	async function ingestAgentEvidence(deps: CombSweepDeps, run: RunRecord, now: string): Promise<void> {
src/comb/controller.ts	372	async function ingestHumanEvidence(
src/comb/controller.ts	416	async function ingestTerminalHumanEvidence(
src/comb/controller.ts	438	async function reconcileHumanStalls(run: RunRecord, now: string): Promise<HumanStallNotice[]> {
src/comb/controller.ts	517	function operatorRecipient(run: RunRecord, activation: ActivationRecord): string | undefined {
src/comb/controller.ts	535	function reconcileDeadOrStalledAgents(
src/comb/controller.ts	568	function automaticAgentFailure(
src/comb/controller.ts	610	function automaticRetrySourceRecords(
src/comb/controller.ts	639	function planAgentEffects(
src/comb/controller.ts	771	function resolveAgentAdoptTarget(
src/comb/controller.ts	813	function planHumanEffects(
src/comb/controller.ts	953	function humanEffectRequestDigest(request: ForumPacketEffectRequest): string {
src/comb/controller.ts	958	function planPacketWithdrawals(
src/comb/controller.ts	1068	async function recoverTerminalHumanEffects(
src/comb/controller.ts	1105	async function executeHumanEffect(
src/comb/controller.ts	1241	async function failHumanEffect(
src/comb/controller.ts	1276	function forumRetryBackoffMs(run: RunRecord, retryCount: number): number {
src/comb/controller.ts	1284	function quarantineEpisodeKey(packet: ForumPacketQuarantine): string {
src/comb/controller.ts	1289	function linkHumanPacket(
src/comb/controller.ts	1344	recordRunEvent(run, "comb.activation.waiting_human", activation.address, {
src/comb/controller.ts	1351	function markPacketWithdrawn(run: RunRecord, packetId: string, now: string): void {
src/comb/controller.ts	1367	function reopenCleanupForPacket(run: RunRecord, packetId: string, now: string): void {
src/comb/controller.ts	1378	function packetRef(
src/comb/controller.ts	1394	function resolveHumanDestination(
src/comb/controller.ts	1422	function humanThreadId(activation: ActivationRecord): string {
src/comb/controller.ts	1426	function packetPinsMatch(
src/comb/controller.ts	1442	async function executeAgentEffect(deps: CombSweepDeps, plan: PreparedAgentEffect): Promise<CombSweepOutcome> {
src/comb/controller.ts	1608	async function holdAmbiguousAgentEffect(
src/comb/controller.ts	1643	async function failAgentEffect(
src/comb/controller.ts	1670	async function reconcileTerminalEffects(
src/comb/controller.ts	1772	async function driveCleanup(deps: CombSweepDeps, runId: string): Promise<CombSweepOutcome[]> {
src/comb/controller.ts	1829	function reopenCleanupForBee(
src/comb/controller.ts	1846	function renderAgentBrief(run: RunRecord, activation: ActivationRecord, node: Extract<RunRecord["currentSnapshot"]["definition"]["nodes"][number], { executor: "agent" }>): string {
src/comb/controller.ts	1857	export function deterministicAgentName(runId: string, activation: ActivationRecord): string {
src/comb/controller.ts	1863	function currentActivations(run: RunRecord): ActivationRecord[] {
src/comb/controller.ts	1867	function isTerminal(activation: ActivationRecord): boolean {
src/comb/errors.ts	30	export class CombError extends Error {
src/comb/errors.ts	35	constructor(code: CombCliErrorCode, message: string, details?: JsonValue) {
src/comb/errors.ts	44	export function asCombError(error: unknown): CombError {
src/comb/evidence.ts	25	export function judgeCombEvidence(
src/comb/evidence.ts	53	export async function ingestSealEvidence(
src/comb/evidence.ts	122	recordRunEvent(run, "comb.evidence.recorded", activation.address, evidenceEventData(ref.id, ref.kind));
src/comb/evidence.ts	126	export async function ingestForumVerdictEvidence(
src/comb/evidence.ts	165	appendEvidenceRef(activation, ref);
src/comb/evidence.ts	201	recordRunEvent(run, "comb.evidence.recorded", activation.address, evidenceEventData(ref.id, ref.kind));
src/comb/evidence.ts	205	function forumVerdictPinsMatch(
src/comb/evidence.ts	237	function appendEvidenceRef(activation: ActivationRecord, ref: ActivationRecord["evidenceTail"][number]): void {
src/comb/evidence.ts	245	function evidenceEventData(id: string, kind: string): JsonObject {
src/comb/forum.ts	53	export class ForumCommandError extends CombError {
src/comb/forum.ts	58	constructor(
src/comb/forum.ts	80	export function classifyForumCommandError(error: unknown): {
src/comb/forum.ts	97	export async function listForumPackets(): Promise<ForumPacketListResult> {
src/comb/forum.ts	126	export async function executeForumPacketEffect(request: ForumPacketEffectRequest): Promise<ForumPacket> {
src/comb/forum.ts	133	export function forumPacketDigest(packet: ForumPacket): string {
src/comb/forum.ts	137	async function createPacket(request: ForumPacketEffectRequest): Promise<ForumPacket> {
src/comb/forum.ts	150	async function rerequestPacket(request: ForumPacketEffectRequest): Promise<ForumPacket> {
src/comb/forum.ts	186	async function createSuccessor(request: ForumPacketEffectRequest): Promise<ForumPacket> {
src/comb/forum.ts	209	async function withdrawPacket(request: ForumPacketEffectRequest): Promise<ForumPacket> {
src/comb/forum.ts	234	async function reconcileDestinationAndFields(
src/comb/forum.ts	266	function packetCreateArgs(request: ForumPacketEffectRequest): string[] {
src/comb/forum.ts	293	function packetSummary(request: ForumPacketEffectRequest): string {
src/comb/forum.ts	304	function destinationRoutability(destination: ReviewFeedbackDestination): string {
src/comb/forum.ts	310	async function callForum(
src/comb/forum.ts	364	function forumFailureDetail(stdout: string | undefined): string | undefined {
src/comb/forum.ts	379	function forumPollTimeoutMs(): number {
src/comb/forum.ts	385	function parseEnvelope(stdout: string, command: string): ForumEnvelope {
src/comb/forum.ts	405	function unwrapResult(envelope: ForumEnvelope): Record<string, unknown> {
src/comb/forum.ts	416	function packetFromEnvelope(envelope: ForumEnvelope, command: string): ForumPacket {
src/comb/forum.ts	421	function parseForumPacketReference(value: unknown, label: string): ForumPacket {
src/comb/forum.ts	423	requireNonEmptyString(value.id, label, "id");
src/comb/forum.ts	441	function parseForumPacket(value: unknown, label: string): ForumPacket {
src/comb/forum.ts	446	requireNonEmptyString(packet.id, label, "id");
src/comb/forum.ts	447	requireNonEmptyString(packet.title, label, "title");
src/comb/forum.ts	462	requireNonEmptyString(packet.kind, label, "kind");
src/comb/forum.ts	463	requireNonEmptyString(packet.origin, label, "origin");
src/comb/forum.ts	464	requireNullableString(packet.cwd, label, "cwd");
src/comb/forum.ts	465	requireNullableString(packet.summary, label, "summary");
src/comb/forum.ts	469	requireNullableString(packet.native_session_id, label, "native_session_id");
src/comb/forum.ts	470	requireNullableString(packet.blocking_since, label, "blocking_since");
src/comb/forum.ts	471	requireNullableString(packet.run_id, label, "run_id");
src/comb/forum.ts	472	requireNullableString(packet.comb_name, label, "comb_name");
src/comb/forum.ts	473	requireNullableNumber(packet.base_rev, label, "base_rev");
src/comb/forum.ts	474	requireNullableNumber(packet.proposed_rev, label, "proposed_rev");
src/comb/forum.ts	475	requireNullableString(packet.graph_base, label, "graph_base");
src/comb/forum.ts	476	requireNullableString(packet.graph_proposed, label, "graph_proposed");
src/comb/forum.ts	477	requireNullableString(packet.definition_digest, label, "definition_digest");
src/comb/forum.ts	478	requireNullableString(packet.action_binding_digest, label, "action_binding_digest");
src/comb/forum.ts	479	requireNullableString(packet.subject_revision, label, "subject_revision");
src/comb/forum.ts	487	function parseForumVerdict(value: unknown, label: string): void {
src/comb/forum.ts	489	requireNonEmptyString(value.packet_id, label, "verdict.packet_id");
src/comb/forum.ts	493	requireNullableString(value.comment, label, "verdict.comment");
src/comb/forum.ts	505	requireNonEmptyString(value.actor, label, "verdict.actor");
src/comb/forum.ts	506	requireNullableString(value.definition_digest, label, "verdict.definition_digest");
src/comb/forum.ts	507	requireNullableString(value.action_binding_digest, label, "verdict.action_binding_digest");
src/comb/forum.ts	508	requireNullableString(value.subject_revision, label, "verdict.subject_revision");
src/comb/forum.ts	509	requireNonEmptyString(value.recorded_at, label, "verdict.recorded_at");
src/comb/forum.ts	512	function requireNonEmptyString(
src/comb/forum.ts	522	function requireNullableString(value: unknown, label: string, field: string): void {
src/comb/forum.ts	528	function requireNullableNumber(value: unknown, label: string, field: string): void {
src/comb/forum.ts	534	function isRecord(value: unknown): value is Record<string, unknown> {
src/comb/forum.ts	538	function invalidEnvelope(command: string, detail: string): CombError {
src/comb/instantiate.ts	38	export async function instantiateRun(options: {
src/comb/instantiate.ts	61	export function deliveryRequestDigest(options: {
src/comb/instantiate.ts	84	async function instantiateFresh(
src/comb/instantiate.ts	132	async function withDelivery(
src/comb/instantiate.ts	192	async function recoverDeliveryRun(
src/comb/instantiate.ts	213	async function readDelivery(path: string): Promise<DeliveryRecord | null> {
src/comb/machine.ts	19	export function applySealCompletion(run: RunRecord, activation: ActivationRecord, seal: SealRecord, now = new Date().toISOString()): void {
src/comb/machine.ts	50	recordRunEvent(run, "comb.activation.done", activation.address);
src/comb/machine.ts	53	export function reconcileMachine(run: RunRecord, now = new Date().toISOString()): boolean {
src/comb/machine.ts	70	export function evaluatePredicate(
src/comb/machine.ts	118	export function activateAgent(run: RunRecord, activation: ActivationRecord, now = new Date().toISOString()): void {
src/comb/machine.ts	123	recordRunEvent(run, "comb.activation.active", activation.address);
src/comb/machine.ts	126	export function applyHumanVerdict(
src/comb/machine.ts	162	recordRunEvent(run, "comb.activation.failed", activation.address, {
src/comb/machine.ts	168	export function terminalizeRun(
src/comb/machine.ts	178	initializeRunCleanup(run, now);
src/comb/machine.ts	179	recordRunEvent(
src/comb/machine.ts	188	function reconcileEnginePredicates(run: RunRecord, now: string): boolean {
src/comb/machine.ts	224	function fireEligibleEdges(run: RunRecord, now: string): boolean {
src/comb/machine.ts	258	function fireWaitingEdges(run: RunRecord, now: string): boolean {
src/comb/machine.ts	319	function reconcileForwardJoins(run: RunRecord, now: string): boolean {
src/comb/machine.ts	408	function createRetryAttempt(run: RunRecord, edge: CombEdge, source: ActivationRecord, firingId: string, now: string): boolean {
src/comb/machine.ts	458	function createActivation(
src/comb/machine.ts	497	recordRunEvent(run, "comb.activation.pending", activation.address);
src/comb/machine.ts	501	function humanRetryContext(source: ActivationRecord): ActivationRecord["retryContext"] | undefined {
src/comb/machine.ts	512	function deriveTerminalRun(run: RunRecord, now: string): boolean {
src/comb/machine.ts	555	terminalizeRun(run, "done", undefined, now);
src/comb/machine.ts	559	function failureHandled(run: RunRecord, activation: ActivationRecord): boolean {
src/comb/machine.ts	573	function failActivation(run: RunRecord, activation: ActivationRecord, code: string, message: string, retryable: boolean, now: string): void {
src/comb/machine.ts	577	recordRunEvent(run, "comb.activation.failed", activation.address, { code, retryable });
src/comb/machine.ts	580	function currentActivation(run: RunRecord, nodeId: string, itemIndex: number): ActivationRecord | undefined {
src/comb/machine.ts	586	function currentActivations(run: RunRecord): ActivationRecord[] {
src/comb/machine.ts	590	function nodeFor(run: RunRecord, nodeId: string): CombNode {
src/comb/machine.ts	596	function nextAttempt(run: RunRecord, nodeId: string, itemIndex: number): number {
src/comb/machine.ts	602	function edgeMatchesStatus(edge: CombEdge, status: ActivationRecord["status"]): boolean {
src/comb/machine.ts	606	function edgeFiringId(edge: CombEdge, activation: ActivationRecord): string {
src/comb/machine.ts	610	function aggregateFromSources(
src/comb/machine.ts	631	function forwardReachableNodes(run: RunRecord, start: string): Set<string> {
src/comb/machine.ts	645	function retrySupportRoots(run: RunRecord, destinationId: string): string[] {
src/comb/machine.ts	674	function forwardEntryAncestors(run: RunRecord, start: string): Set<string> {
src/comb/machine.ts	694	function hasUnmaterializedForwardFiring(run: RunRecord): boolean {
src/comb/machine.ts	713	function terminalNode(run: RunRecord, nodeId: string): boolean {
src/comb/machine.ts	717	function isTerminalActivation(activation: ActivationRecord): boolean {
src/comb/machine.ts	721	function cohortItemIndex(cohortId: string): number {
src/comb/machine.ts	726	function defaultSubject(run: RunRecord) {
src/comb/machine.ts	730	function sameAddress(left: ActivationRecord["address"], right: ActivationRecord["address"]): boolean {
src/comb/machine.ts	734	export function effectBaseKey(activation: ActivationRecord): string {
src/comb/registry.ts	18	export function combsRoot(): string {
src/comb/registry.ts	22	export function combDefinitionsRoot(): string {
src/comb/registry.ts	26	export function combDefinitionDir(name: string): string {
src/comb/registry.ts	30	export function combVersionPath(name: string, version: number): string {
src/comb/registry.ts	34	export function combIndexPath(name: string): string {
src/comb/registry.ts	38	function combDefinitionLockPath(name: string): string {
src/comb/registry.ts	42	function combSourcePath(name: string, version: number, extension: ".json" | ".ts"): string {
src/comb/registry.ts	46	export async function loadCombIndex(name: string): Promise<CombRegistryIndex | null> {
src/comb/registry.ts	59	export async function loadCombVersion(name: string, version?: number): Promise<StoredCombVersion | null> {
src/comb/registry.ts	79	export async function listCombVersions(): Promise<Array<{ index: CombRegistryIndex; latest: StoredCombVersion }>> {
src/comb/registry.ts	92	export async function defineCombVersion(options: {
src/comb/registry.ts	154	export async function defineCombFromFile(
src/comb/registry.ts	183	export async function lintCombFile(sourcePath: string): Promise<ReturnType<typeof lintComb>> {
src/comb/registry.ts	195	function overrideName(value: unknown, name: string): unknown {
src/comb/schema.ts	28	export function normalizeComb(value: unknown, expectedName?: string): CombSpec {
src/comb/schema.ts	29	assertCanonicalData(value);
src/comb/schema.ts	82	validateNormalizedComb(normalized);
src/comb/schema.ts	86	export function lintComb(value: unknown, expectedName?: string): CombLintResult {
src/comb/schema.ts	100	export function validateNormalizedComb(spec: CombSpec): void {
src/comb/schema.ts	173	assertForwardDag(spec);
src/comb/schema.ts	174	validateValueReferences(spec);
src/comb/schema.ts	177	function normalizeNode(value: unknown, path: string): CombNode {
src/comb/schema.ts	268	unsupported(`${path}.engine.kind`, "child runs");
src/comb/schema.ts	271	function normalizeContract(value: unknown, path: string): DataContract {
src/comb/schema.ts	278	compileSchema(schema, path);
src/comb/schema.ts	282	function normalizeSubject(value: unknown, path: string) {
src/comb/schema.ts	291	function normalizeJoin(value: unknown, path: string) {
src/comb/schema.ts	300	function normalizePredicate(value: unknown, path: string): PredicateSpec {
src/comb/schema.ts	342	function normalizeClaim(value: unknown, path: string): NonNullable<CombSpec["claim"]> {
src/comb/schema.ts	351	function assertSlice1Predicate(predicate: PredicateSpec, path: string): void {
src/comb/schema.ts	355	function normalizeExpectations(value: unknown, path: string) {
src/comb/schema.ts	378	export function normalizeValueSource(value: unknown, path = "$"): ValueSource {
src/comb/schema.ts	404	function validatePredicateReference(predicate: PredicateSpec, known: Map<string, CombNode>, allNodes: CombNode[], path: string): void {
src/comb/schema.ts	417	function validateValueReferences(spec: CombSpec): void {
src/comb/schema.ts	431	function assertForwardDag(spec: CombSpec): void {
src/comb/schema.ts	452	function compileSchema(schema: JsonObject, path: string): ValidateFunction {
src/comb/schema.ts	465	export function validateContract(contract: DataContract | undefined, value: unknown): { valid: true } | { valid: false; errors: string[] } {
src/comb/schema.ts	472	function formatAjvErrors(errors: ErrorObject[] | null | undefined): string[] {
src/comb/schema.ts	476	export function resolveJsonPointer(value: JsonValue, pointer: JsonPointer): { found: true; value: JsonValue } | { found: false } {
src/comb/schema.ts	496	export function canonicalDeepEqual(left: JsonValue, right: JsonValue): boolean {
src/comb/schema.ts	500	export function resolveValueSource(
src/comb/schema.ts	531	function mustResolvePointer(value: JsonValue, pointer: JsonPointer): JsonValue {
src/comb/schema.ts	537	export function renderBrief(template: string, input: JsonValue, item: JsonValue | undefined, nodes: Iterable<ActivationRecord>): string {
src/comb/schema.ts	578	function pointerAt(value: unknown, path: string): JsonPointer {
src/comb/schema.ts	586	function objectAt(value: unknown, path: string): Record<string, unknown> {
src/comb/schema.ts	591	function arrayAt(value: unknown, path: string): unknown[] {
src/comb/schema.ts	596	function stringAt(value: unknown, path: string): string {
src/comb/schema.ts	601	function numberAt(value: unknown, path: string): number {
src/comb/schema.ts	606	function enumAt<const T extends readonly string[]>(value: unknown, path: string, choices: T): T[number] {
src/comb/schema.ts	611	function fail(path: string, message: string): never {
src/comb/schema.ts	615	function unsupported(path: string, feature: string): never {
src/comb/schema.ts	616	fail(path, `${feature} are not supported in strict-spine slice 1`);
src/comb/sdk.ts	4	export function defineComb(spec: CombSpecInput): CombSpec {
src/comb/store.ts	26	export function combRunsRoot(): string {
src/comb/store.ts	30	export function combRunDir(runId: string): string {
src/comb/store.ts	34	export function combRunPath(runId: string): string {
src/comb/store.ts	38	export function combRunLockPath(runId: string): string {
src/comb/store.ts	42	export function combRunEventsPath(runId: string): string {
src/comb/store.ts	46	export function combRunSnapshotPath(runId: string, revision: number): string {
src/comb/store.ts	50	export async function createRun(options: {
src/comb/store.ts	170	recordRunEvent(run, "comb.run.started", undefined, {
src/comb/store.ts	187	export async function loadRun(runId: string): Promise<RunRecord | null> {
src/comb/store.ts	200	export async function requireRun(runId: string): Promise<RunRecord> {
src/comb/store.ts	206	export async function mutateRun<T>(
src/comb/store.ts	226	export async function listRuns(): Promise<RunRecord[]> {
src/comb/store.ts	236	export async function listSweepableRuns(): Promise<RunRecord[]> {
src/comb/store.ts	245	export async function cancelRun(runId: string, options: { reason?: string; requestedBy?: string; now?: string } = {}): Promise<RunRecord> {
src/comb/store.ts	249	export async function cancelRunWithDisposition(
src/comb/store.ts	273	export async function saveEvidence(runId: string, envelope: EvidenceEnvelope): Promise<EvidenceRef> {
src/comb/store.ts	291	export async function readEvidence(runId: string, ref: EvidenceRef): Promise<EvidenceEnvelope> {
src/comb/store.ts	295	export function recordRunEvent(run: RunRecord, type: string, activation?: ActivationRecord["address"], data?: JsonObject): RunEvent {
src/comb/store.ts	322	export async function readRunEvents(
src/comb/store.ts	347	export function boardView(run: RunRecord): RunBoardView {
src/comb/store.ts	404	export function activationId(nodeId: string, attempt: number, itemIndex: number): string {
src/comb/store.ts	408	export function emptyCleanup(status: RunRecord["cleanup"]["status"]): RunRecord["cleanup"] {
src/comb/store.ts	420	export function initializeRunCleanup(run: RunRecord, now: string): void {
src/comb/store.ts	445	export function entryNodeIds(definition: CombSpec): string[] {
src/comb/store.ts	453	function resolveActivationSubject(
src/comb/store.ts	466	function evidenceSummary(envelope: EvidenceEnvelope): JsonObject | undefined {
src/comb/store.ts	496	async function persistRun(run: RunRecord): Promise<void> {
src/comb/store.ts	501	async function repairEventProjection(run: RunRecord): Promise<void> {
src/comb/types.ts	4	export const COMB_DEFINITION_FORMAT = 2 as const;
src/comb/types.ts	254	export const DEFAULT_RUN_POLICIES: RunPolicies = {
src/commands/account.ts	22	export async function cmdAccount(parsed: Parsed) {
src/commands/account.ts	143	export async function accountList(parsed: Parsed) {
src/commands/account.ts	200	export async function runLoginSeat(parsed: Parsed, account: AccountRecord) {
src/commands/account.ts	312	export async function loginSeatLiveDigest(account: AccountRecord, seatHome: string): Promise<string | null> {
src/commands/account.ts	322	export async function clearSeatCredentials(recipe: IdentityRecipe, seatHome: string): Promise<void> {
src/commands/account.ts	330	export async function readMarkerKeychainDigest(markerPath: string): Promise<string | null> {
src/commands/account.ts	341	export async function cmdActivate(parsed: Parsed) {
src/commands/account.ts	356	export async function cmdLogin(parsed: Parsed) {
src/commands/account.ts	369	export async function cmdSwapAccount(parsed: Parsed) {
src/commands/account.ts	382	export async function cmdUsageSamples(parsed: Parsed) {
src/commands/account.ts	419	export function formatTokens(value: number): string {
src/commands/account.ts	429	export async function cmdLimits(parsed: Parsed) {
src/commands/account.ts	489	export function wantsUsageLive(parsed: Parsed): boolean {
src/commands/account.ts	502	export function claudeIdentityWarnings(accounts: AccountRecord[]): string[] {
src/commands/account.ts	517	export function usageIntervalFlagMs(parsed: Parsed): number | undefined {
src/commands/account.ts	525	export function limitCell(window: WindowUsage | undefined, result: AccountLimits): string {
src/commands/account.ts	542	export function terseLimitCell(window: WindowUsage | undefined, result: AccountLimits): string {
src/commands/account.ts	552	export function formatPace(delta: number): string {
src/commands/account.ts	562	export function limitBar(percent: number): string {
src/commands/buz.ts	15	export async function cmdBuz(parsed: Parsed) {
src/commands/buz.ts	46	export async function resolveBuzSender(parsed: Parsed): Promise<BuzSender> {
src/commands/buz.ts	68	export function parseBuzTier(value: unknown): BuzTier {
src/commands/buz.ts	79	export async function buzSend(parsed: Parsed) {
src/commands/buz.ts	121	export function printBuzSendResult(recordName: string, result: BuzSendResult): void {
src/commands/buz.ts	134	export async function buzList(parsed: Parsed, mailbox: "inbox" | "outbox" | "queue" | "quarantine") {
src/commands/buz.ts	165	export function printBuzListing(params: {
src/commands/buz.ts	225	quarantineNote();
src/commands/buz.ts	235	export async function buzRequeue(parsed: Parsed) {
src/commands/buz.ts	263	export async function buzRead(parsed: Parsed) {
src/commands/buz.ts	319	export const BUZ_READ_LOOKUP_CONCURRENCY = 16;
src/commands/buz.ts	322	export async function findBuzMessage(candidates: SessionRecord[], id: string): Promise<BuzReadMatch | null> {
src/commands/buz.ts	343	export async function buzCancel(parsed: Parsed) {
src/commands/buz.ts	362	export async function buzReconcile(parsed: Parsed) {
src/commands/buz.ts	378	export async function resolveBuzReconcileBeeName(target: string, messageId: string): Promise<string> {
src/commands/buz.ts	395	export async function buzPurge(parsed: Parsed) {
src/commands/buz.ts	423	export async function buzConfig(parsed: Parsed) {
src/commands/cellCred.ts	37	export async function cmdCellCred(parsed: Parsed): Promise<void> {
src/commands/cellCred.ts	43	async function cellCredMint(parsed: Parsed): Promise<void> {
src/commands/clean.ts	21	export async function cmdClean(parsed: Parsed) {
src/commands/clean.ts	45	export async function cmdCleanDead(parsed: Parsed) {
src/commands/clean.ts	149	export async function cmdCleanIdle(parsed: Parsed) {
src/commands/clean.ts	174	export async function cmdCleanCrashed(parsed: Parsed) {
src/commands/clean.ts	207	export async function cmdCleanInteractive(_parsed: Parsed) {
src/commands/clean.ts	237	export async function cleanPreview(
src/commands/clean.ts	269	export async function renderedBeeView(record: SessionRecord): Promise<string> {
src/commands/clean.ts	294	export async function openBeePreviewPopup(record: SessionRecord): Promise<void> {
src/commands/clean.ts	325	export async function collectCleanCandidates(): Promise<{ records: SessionRecord[]; candidates: CleanCandidate[] }> {
src/commands/clean.ts	347	export function cleanCandidateFor(record: SessionRecord, records: SessionRecord[], derived: DerivedState, live: boolean, now: number): CleanCandidate {
src/commands/clean.ts	369	export function cleanDisabledReason(state: BeeState): string | undefined {
src/commands/clean.ts	387	export function cleanCandidateAge(record: SessionRecord, state: BeeState, now: number): string {
src/commands/clean.ts	392	export function cleanCandidateAgeSource(record: SessionRecord, state: BeeState): string {
src/commands/clean.ts	399	export function cleanTuiItem(candidate: CleanCandidate): CleanTuiItem {
src/commands/clean.ts	405	export function printIdleDryRun(idle: CleanCandidate[]) {
src/commands/clean.ts	438	export function printCrashedDryRun(crashed: CleanCandidate[]) {
src/commands/clean.ts	469	export async function cleanCandidates(candidates: CleanCandidate[]): Promise<void> {
src/commands/clean.ts	490	export async function cleanCandidatesForTui(candidates: CleanCandidate[]): Promise<CleanTuiCleanOutcome[]> {
src/commands/clean.ts	507	export async function cleanCandidate(candidate: CleanCandidate): Promise<CleanTuiCleanOutcome> {
src/commands/clean.ts	541	export async function cleanSessionExactly(
src/commands/clean.ts	573	function printCleanFailure(record: SessionRecord, detail: string): void {
src/commands/clean.ts	583	export function printCleanSuccess(record: SessionRecord, detail: string) {
src/commands/clean.ts	589	export function compareCleanCandidates(a: CleanCandidate, b: CleanCandidate): number {
src/commands/colony.ts	9	export async function cmdColony(parsed: Parsed) {
src/commands/colony.ts	32	export async function colonyList() {
src/commands/colony.ts	59	export async function colonyCreate(parsed: Parsed) {
src/commands/colony.ts	69	export async function colonyInspect(parsed: Parsed) {
src/commands/colony.ts	78	export async function colonyArchive(parsed: Parsed) {
src/commands/colony.ts	87	export async function colonyUpdate(parsed: Parsed) {
src/commands/colony.ts	113	export async function colonyRename(parsed: Parsed) {
src/commands/colony.ts	124	export async function cascadeColonyRename(from: string, to: string): Promise<void> {
src/commands/comb.ts	34	export async function cmdComb(parsed: Parsed, deps: CombCommandDeps = {}): Promise<void> {
src/commands/comb.ts	84	export async function runCombSweepExec(): Promise<void> {
src/commands/comb.ts	93	async function combLint(parsed: Parsed) {
src/commands/comb.ts	99	async function combDefine(parsed: Parsed) {
src/commands/comb.ts	124	async function combInspect(parsed: Parsed) {
src/commands/comb.ts	132	async function combRun(parsed: Parsed) {
src/commands/comb.ts	250	async function combRuns(parsed: Parsed) {
src/commands/comb.ts	271	async function combStatus(parsed: Parsed) {
src/commands/comb.ts	281	async function combCancel(parsed: Parsed) {
src/commands/comb.ts	304	async function combEvents(parsed: Parsed) {
src/commands/comb.ts	311	async function inferRunId(): Promise<string> {
src/commands/comb.ts	323	async function loadDefinition(source: string): Promise<unknown> {
src/commands/comb.ts	331	async function loadJsonValue(source: string, label: string): Promise<JsonValue> {
src/commands/comb.ts	338	function readStdin(): Promise<string> {
src/commands/comb.ts	349	function parseJson(raw: string, label: string): unknown {
src/commands/comb.ts	357	function objectValue(value: unknown, label: string): Record<string, unknown> {
src/commands/comb.ts	362	function requiredArg(parsed: Parsed, index: number, usage: string): string {
src/commands/comb.ts	368	function stringFlag(parsed: Parsed, key: string): string | undefined {
src/commands/comb.ts	375	function requiredStringFlag(parsed: Parsed, key: string): string {
src/commands/comb.ts	381	function optionalIntegerFlag(parsed: Parsed, key: string, min: number, max = Number.MAX_SAFE_INTEGER): number | undefined {
src/commands/comb.ts	394	function optionalEnumFlag<const T extends readonly string[]>(parsed: Parsed, key: string, values: T): T[number] | undefined {
src/commands/comb.ts	401	function emitSuccess(command: string, result: unknown, json: boolean): void {
src/commands/comb.ts	407	function emitFailure(command: string, error: CombError, json: boolean): void {
src/commands/config.ts	8	export async function cmdConfig(parsed: Parsed) {
src/commands/config.ts	30	export async function configSetBee(parsed: Parsed) {
src/commands/config.ts	53	resetConfigCache();
src/commands/config.ts	59	export async function configSetNaming(parsed: Parsed) {
src/commands/config.ts	84	resetConfigCache();
src/commands/config.ts	90	export async function writeConfigFile(config: unknown): Promise<void> {
src/commands/config.ts	99	export async function cmdCompletion(parsed: Parsed) {
src/commands/daemon.ts	14	export async function cmdDaemon(parsed: Parsed) {
src/commands/daemon.ts	71	export async function daemonSentinel(parsed: Parsed) {
src/commands/daemon.ts	84	export function daemonLabel(parsed: Parsed): string {
src/commands/daemon.ts	91	export function ensureLaunchctlOrExit(action: string): void {
src/commands/daemon.ts	102	export async function daemonInstall(parsed: Parsed) {
src/commands/daemon.ts	103	ensureLaunchctlOrExit("install");
src/commands/daemon.ts	124	export async function daemonUninstall(parsed: Parsed) {
src/commands/daemon.ts	125	ensureLaunchctlOrExit("uninstall");
src/commands/daemon.ts	137	export async function daemonStart(parsed: Parsed) {
src/commands/daemon.ts	138	ensureLaunchctlOrExit("start");
src/commands/daemon.ts	154	export async function daemonStop(parsed: Parsed) {
src/commands/daemon.ts	155	ensureLaunchctlOrExit("stop");
src/commands/daemon.ts	171	export async function daemonRestart(parsed: Parsed) {
src/commands/daemon.ts	172	ensureLaunchctlOrExit("restart");
src/commands/daemon.ts	188	export async function daemonLogs(parsed: Parsed) {
src/commands/daemon.ts	209	export async function daemonRun(parsed: Parsed) {
src/commands/daemon.ts	233	export async function daemonStatus(parsed: Parsed) {
src/commands/daemon.ts	313	function printDaemonDiagnostics(state: DaemonState): void {
src/commands/daemon.ts	339	export function tickStageSummary(state: DaemonState): string | null {
src/commands/daemon.ts	352	export async function cmdSessions(parsed: Parsed) {
src/commands/daemon.ts	380	export async function cmdSync(parsed: Parsed) {
src/commands/deploy.ts	37	export async function cmdDeploy(parsed: Parsed): Promise<void> {
src/commands/deploy.ts	51	async function runStep(command: string, args: string[], cwd: string, log: (line: string) => void): Promise<void> {
src/commands/deploy.ts	52	log(`deploy: ${command} ${args.join(" ")}`);
src/commands/deploy.ts	71	export async function buildDeployArtifact(
src/commands/deploy.ts	120	export async function restartDeployedDaemon({ root, log }: RestartDaemonContext): Promise<void> {
src/commands/deploy.ts	143	async function resolveHoneybeeRepoRoot(): Promise<string> {
src/commands/deploy.ts	163	async function deployRun(parsed: Parsed): Promise<void> {
src/commands/deploy.ts	187	async function deployRollback(): Promise<void> {
src/commands/deploy.ts	203	async function deployList(parsed: Parsed): Promise<void> {
src/commands/deploy.ts	239	async function inspectPath(path: string): Promise<PathState> {
src/commands/deploy.ts	258	async function deployInit(): Promise<void> {
src/commands/deploy.ts	277	heading("hive deploy --init — migrate the global `hive` onto ~/.hive/runtime/current");
src/commands/deploy.ts	278	detail("");
src/commands/deploy.ts	279	detail(`  runtime root:    ${tildify(root)} ${deployed ? "(current deployed)" : "(NOTHING DEPLOYED YET)"}`);
src/commands/deploy.ts	280	detail(`  global package:  ${pkgDir} [${pkgState.kind === "symlink" ? `symlink → ${pkgState.target}` : pkgState.kind}]`);
src/commands/deploy.ts	281	detail(`  global bin:      ${binPath} [${binState.kind === "symlink" ? `symlink → ${binState.target}` : binState.kind}]`);
src/commands/deploy.ts	282	detail("");
src/commands/events.ts	9	export const EVENTS_USAGE =
src/commands/events.ts	12	function listFlag(parsed: Parsed, name: string): string[] {
src/commands/events.ts	19	export function eventsFilterFromFlags(parsed: Parsed, nowMs: number): LedgerEventFilter {
src/commands/events.ts	32	export function formatLedgerEvent(event: LedgerEvent, pretty: boolean): string {
src/commands/events.ts	50	export async function cmdEvents(parsed: Parsed): Promise<void> {
src/commands/execution.ts	9	export async function cmdExecution(parsed: Parsed): Promise<void> {
src/commands/fleet.ts	32	function lastActivityMs(record: SessionRecord): number {
src/commands/fleet.ts	42	function fmtIdle(ms: number | undefined): string {
src/commands/fleet.ts	59	async function resolveRoots(parsed: Parsed, records: SessionRecord[], opts: { includeForks?: boolean }): Promise<FleetNode[]> {
src/commands/fleet.ts	78	async function enrichTree(tree: FleetNode, context: Awaited<ReturnType<typeof buildStateContext>>): Promise<EnrichedNode[]> {
src/commands/fleet.ts	97	export async function cmdFleet(parsed: Parsed): Promise<void> {
src/commands/fleet.ts	123	function toJson(enriched: EnrichedNode[]) {
src/commands/fleet.ts	155	function renderFleet(enriched: EnrichedNode[]): string {
src/commands/fleet.ts	185	function sealLabel(status: SealRecord["status"]): string {
src/commands/flight.ts	58	export async function cmdFlight(parsed: Parsed): Promise<void> {
src/commands/flight.ts	88	export function parseMixFlag(raw: string): FlightMixEntry {
src/commands/flight.ts	102	function numberFlagOr(parsed: Parsed, name: string, fallback: number): number {
src/commands/flight.ts	110	function withFlightSweepLock<T>(flightId: string, fn: () => Promise<T>): Promise<T> {
src/commands/flight.ts	114	function applyTrustedHsrObservation(
src/commands/flight.ts	138	async function flightStart(parsed: Parsed): Promise<void> {
src/commands/flight.ts	232	async function resolveFlight(ref: string | undefined): Promise<FlightRecord> {
src/commands/flight.ts	243	async function flightLs(parsed: Parsed): Promise<void> {
src/commands/flight.ts	293	export async function buildFlightStatus(flight: FlightRecord, sessions: SessionRecord[]): Promise<FlightStatusReport> {
src/commands/flight.ts	319	async function flightStatus(parsed: Parsed): Promise<void> {
src/commands/flight.ts	348	async function flightSweep(parsed: Parsed): Promise<void> {
src/commands/flight.ts	421	async function flightEnqueue(parsed: Parsed): Promise<void> {
src/commands/flight.ts	462	async function flightQueue(parsed: Parsed): Promise<void> {
src/commands/flight.ts	499	async function flightResolve(parsed: Parsed): Promise<void> {
src/commands/flight.ts	574	async function flightRequeue(parsed: Parsed): Promise<void> {
src/commands/flight.ts	584	async function flightSetStatus(parsed: Parsed, status: "draining" | "closed"): Promise<void> {
src/commands/flight.ts	603	export function flightUsageHint(): string {
src/commands/flow.ts	12	export async function cmdFlow(parsed: Parsed) {
src/commands/flow.ts	41	export function parseFlowRunArgs(parsed: Parsed): Record<string, unknown> {
src/commands/flow.ts	62	export async function flowRun(parsed: Parsed) {
src/commands/flow.ts	108	export async function flowCancel(parsed: Parsed) {
src/commands/flow.ts	139	export async function runFlowExec(rest: string[]) {
src/commands/flow.ts	187	export async function flowRunsList(parsed: Parsed) {
src/commands/flow.ts	230	export function colorRunStatus(status: FlowRunMeta["status"]): string {
src/commands/flow.ts	240	export async function flowLogs(parsed: Parsed) {
src/commands/flow.ts	253	export async function flowStatus(parsed: Parsed) {
src/commands/flow.ts	288	export async function flowList() {
src/commands/flow.ts	319	export async function flowDefine(parsed: Parsed) {
src/commands/flow.ts	333	export async function flowInspect(parsed: Parsed) {
src/commands/flow.ts	365	export async function flowRemove(parsed: Parsed) {
src/commands/fork.ts	51	export async function cmdSplit(_parsed: Parsed): Promise<never> {
src/commands/fork.ts	60	export const FORK_SEED_MODES = new Set<SeedMode>(["resume", "seal", "summary", "log", "none"]);
src/commands/fork.ts	62	async function cleanupForkHsrIncarnation(bee: string, hostPid: number): Promise<LaunchCleanupProof> {
src/commands/fork.ts	87	export async function resolveForkAccountSafety(
src/commands/fork.ts	156	export async function cmdFork(parsed: Parsed): Promise<SessionRecord> {
src/commands/fork.ts	375	stampBeeIdentityEnv(spec.env, {
src/commands/fork.ts	648	async function printForkAnchors(parsed: Parsed, source: SessionRecord, sourceTool: string): Promise<void> {
src/commands/fork.ts	675	export async function resolveForkCheckpoint(beeName: string, checkpointArg: string | undefined): Promise<import("../seal.js").SealRecord | null> {
src/commands/fork.ts	694	export async function hasRecordedForkUsingCwd(source: SessionRecord, cwd: string): Promise<boolean> {
src/commands/fork.ts	709	export async function cmdForkLaunch(parsed: Parsed): Promise<void> {
src/commands/frame.ts	8	export async function cmdFrame(parsed: Parsed) {
src/commands/frame.ts	33	export async function frameList() {
src/commands/frame.ts	63	export async function frameDefine(parsed: Parsed) {
src/commands/frame.ts	75	export function looksLikeDefinePath(value: string): boolean {
src/commands/frame.ts	84	export function resolveDefineArgs(first: string, second?: string): { sourcePath: string; nameOverride?: string } {
src/commands/frame.ts	94	export async function frameUpdate(parsed: Parsed) {
src/commands/frame.ts	146	export async function frameReload(parsed: Parsed) {
src/commands/frame.ts	153	export async function reloadFrame(name: string) {
src/commands/frame.ts	171	export async function frameEdit(parsed: Parsed) {
src/commands/frame.ts	215	export async function frameInspect(parsed: Parsed) {
src/commands/frame.ts	224	export async function frameRemove(parsed: Parsed) {
src/commands/gateways.ts	4	export function cmdGateways(): void {
src/commands/handoff.ts	37	export async function cmdHandoff(parsed: Parsed): Promise<SessionRecord> {
src/commands/handoff.ts	87	async function ensureFreshSelfSeal(source: SessionRecord, waitMs: number): Promise<void> {
src/commands/handoff.ts	123	function selfSealRequestText(): string {
src/commands/here.ts	11	export async function cmdHere(parsed: Parsed): Promise<void> {
src/commands/here.ts	42	export async function cmdSpawnPicker(parsed: Parsed): Promise<void> {
src/commands/here.ts	43	assertLocalFleetReadable("spawn-picker");
src/commands/hsr.ts	11	export async function cmdHsrReconcile(parsed: Parsed): Promise<void> {
src/commands/keys.ts	12	export async function cmdKeys(parsed: Parsed): Promise<void> {
src/commands/keys.ts	31	export function keysPrint(parsed: Parsed): void {
src/commands/keys.ts	55	export function keybindingsConfPath(): string {
src/commands/keys.ts	63	export function keysPath(): void {
src/commands/keys.ts	68	export async function keysCheck(parsed: Parsed): Promise<void> {
src/commands/keys.ts	118	reportCheck(pretty, fzf, "fzf on PATH", "fzf missing — popups can't filter candidates");
src/commands/keys.ts	123	reportCheck(pretty, openerOk, `${opener} on PATH`, `${opener} missing — \`hive urls\` --open / the M-u binding can't open a browser`);
src/commands/keys.ts	158	export async function liveTmuxRootBinds(): Promise<Map<string, string>> {
src/commands/keys.ts	176	export function reportCheck(pretty: boolean, ok: boolean, label: string, failHint: string): void {
src/commands/keys.ts	188	export async function binaryOnPath(name: string): Promise<boolean> {
src/commands/loop.ts	20	export async function cmdLoop(parsed: Parsed) {
src/commands/loop.ts	45	export function loopArgsFromFlags(parsed: Parsed, prompt: string): Record<string, unknown> {
src/commands/loop.ts	67	export async function resolvePromptArg(parsed: Parsed): Promise<string> {
src/commands/loop.ts	78	export async function loopStartCmd(parsed: Parsed) {
src/commands/loop.ts	89	export async function startLoopDetached(rawArgs: Record<string, unknown>) {
src/commands/loop.ts	132	export async function cmdLoopLaunch(parsed: Parsed): Promise<void> {
src/commands/loop.ts	177	export async function loadLoopBeeOptions(): Promise<Array<{ value: string; label: string; detail?: string }>> {
src/commands/loop.ts	195	export function loopTemplateInputFromResult(result: LoopLaunchResult): LoopTemplateInput {
src/commands/loop.ts	201	put("context", v.context);
src/commands/loop.ts	202	put("bee", v.bee);
src/commands/loop.ts	203	put("until", v.until);
src/commands/loop.ts	204	put("max", v.max);
src/commands/loop.ts	205	put("maxDuration", v.maxDuration);
src/commands/loop.ts	206	put("stopOnSeal", v.stopOnSeal);
src/commands/loop.ts	207	put("stopOnSentinel", v.stopOnSentinel);
src/commands/loop.ts	208	put("judge", v.judge);
src/commands/loop.ts	209	put("summarizer", v.summarizer);
src/commands/loop.ts	218	export async function cmdLoopTemplate(parsed: Parsed): Promise<void> {
src/commands/loop.ts	236	export async function loopTemplateListCmd(parsed: Parsed): Promise<void> {
src/commands/loop.ts	257	export async function loopTemplateSaveCmd(parsed: Parsed): Promise<void> {
src/commands/loop.ts	268	putStr("bee", "bee");
src/commands/loop.ts	269	putStr("context", "context");
src/commands/loop.ts	270	putStr("until", "until");
src/commands/loop.ts	271	putStr("max", "max");
src/commands/loop.ts	272	putStr("maxDuration", "max-duration");
src/commands/loop.ts	273	putStr("stopOnSeal", "stop-on-seal");
src/commands/loop.ts	274	putStr("stopOnSentinel", "stop-on-sentinel");
src/commands/loop.ts	275	putStr("judge", "judge");
src/commands/loop.ts	276	putStr("summarizer", "summarizer");
src/commands/loop.ts	277	putStr("description", "description");
src/commands/loop.ts	287	export async function loopTemplateRemoveCmd(parsed: Parsed): Promise<void> {
src/commands/loop.ts	298	export async function loopStatusCmd(parsed: Parsed) {
src/commands/loop.ts	342	export async function loopLogsCmd(parsed: Parsed) {
src/commands/loop.ts	377	export async function followLoopLog(loopId: string): Promise<void> {
src/commands/loop.ts	400	export async function readLogSince(path: string, offset: number): Promise<{ text: string; offset: number }> {
src/commands/loop.ts	425	export function processAlive(pid: number): boolean {
src/commands/loop.ts	435	export async function loopStopCmd(parsed: Parsed) {
src/commands/loop.ts	470	export async function loopListCmd() {
src/commands/loop.ts	504	export function loopDisplayStatus(cfg: LoopConfig): LoopConfig["status"] {
src/commands/loop.ts	509	export function colorLoopStatus(status: LoopConfig["status"] | "orphaned"): string {
src/commands/loop.ts	520	export function formatLoopElapsed(cfg: LoopConfig): string {
src/commands/messaging.ts	54	export async function cmdSeal(parsed: Parsed) {
src/commands/messaging.ts	90	export function printSealResult(recordName: string, stored: SealRecord): void {
src/commands/messaging.ts	96	export async function cmdBrief(parsed: Parsed) {
src/commands/messaging.ts	125	export async function cmdRename(parsed: Parsed) {
src/commands/messaging.ts	204	export async function cmdTag(parsed: Parsed) {
src/commands/messaging.ts	297	export async function setOwnership(ownerSel: string, beeSelectors: string[]): Promise<void> {
src/commands/messaging.ts	329	export async function clearOwnership(beeSel: string): Promise<void> {
src/commands/messaging.ts	346	export async function cmdOwn(parsed: Parsed) {
src/commands/messaging.ts	367	export async function cmdMove(parsed: Parsed) {
src/commands/messaging.ts	409	export async function cmdSend(parsed: Parsed) {
src/commands/messaging.ts	454	function parseAnswerValue(answer: string): RunnerInputAnswer {
src/commands/messaging.ts	469	function requestInputForPending(record: SessionRecord, pending: PendingNeedsInput) {
src/commands/messaging.ts	494	function receiptResult(phase: Awaited<ReturnType<typeof readHsrAnswerReceipt>>): HsrAnswerRpcResult | null {
src/commands/messaging.ts	503	async function reconcileAnswerFromCli(parsed: Parsed): Promise<void> {
src/commands/messaging.ts	592	export async function cmdAnswer(parsed: Parsed) {
src/commands/migrate.ts	69	export const RESUME_GATED_HARNESSES = new Set(["codex", "grok", "opencode", "kimi"]);
src/commands/migrate.ts	78	function hasArchivedLifecycle(record: SessionRecord): boolean {
src/commands/migrate.ts	82	async function persistExplicitRevive(
src/commands/migrate.ts	111	function containsArgv(haystack: readonly string[], needle: readonly string[]): boolean {
src/commands/migrate.ts	119	function withoutTrailingArgs(args: readonly string[], suffixes: readonly string[][]): string[] {
src/commands/migrate.ts	128	function withoutLegacyResumeArgs(args: readonly string[], tool: string, providerSessionId?: string): string[] {
src/commands/migrate.ts	150	function parseLegacyLaunch(command: string): { argv: string[]; env: Record<string, string> } | undefined {
src/commands/migrate.ts	174	export function replayRecordedLaunch(
src/commands/migrate.ts	228	async function assertReplayExecutable(replay: LaunchReplay, resolved: AgentSpec): Promise<AgentSpec> {
src/commands/migrate.ts	244	export function assertResumable(record: SessionRecord, verb: "promote" | "demote"): string {
src/commands/migrate.ts	267	export async function quiesceHsrBee(record: SessionRecord, now: boolean, verb = "promote"): Promise<void> {
src/commands/migrate.ts	306	export async function stopHsrRunner(record: SessionRecord): Promise<void> {
src/commands/migrate.ts	313	async function persistReplacementStopDoubt(
src/commands/migrate.ts	345	export const RESUME_LIVENESS_SETTLE_MS = 3_000;
src/commands/migrate.ts	353	export async function tmuxSessionSurvives(
src/commands/migrate.ts	376	export async function buildResumeSpec(
src/commands/migrate.ts	399	adoptInheritedHome(resolved);
src/commands/migrate.ts	419	export async function assertReviveWorkingDirectory(
src/commands/migrate.ts	449	export async function reviveHsrRunner(
src/commands/migrate.ts	470	async function reviveHsrRunnerInTransaction(
src/commands/migrate.ts	623	async function confirmLaunchedHsrStopped(
src/commands/migrate.ts	638	async function confirmLaunchedTmuxStopped(
src/commands/migrate.ts	671	async function persistLaunchedReplacementStopDoubt(
src/commands/migrate.ts	696	async function retainReplacementLaunchStopDoubt(
src/commands/migrate.ts	720	async function closeSupersededRequests(record: SessionRecord, incarnation: Partial<SessionRecord>): Promise<void> {
src/commands/migrate.ts	731	export async function resolveAuthRequestsAfterResume(bee: string): Promise<void> {
src/commands/migrate.ts	746	function stagedAuthReplayPath(bee: string): string {
src/commands/migrate.ts	750	async function readStagedAuthReplay(bee: string): Promise<AuthPromptRecovery | null> {
src/commands/migrate.ts	770	async function stageAuthReplay(bee: string, recovery: AuthPromptRecovery): Promise<void> {
src/commands/migrate.ts	781	export function legacyPromptForAuthFailure(
src/commands/migrate.ts	816	export async function collectAuthRecoveryPrompts(
src/commands/migrate.ts	849	export async function recoverAuthNeededBee(
src/commands/migrate.ts	863	async function recoverAuthNeededBeeInTransaction(
src/commands/migrate.ts	983	export async function hsrChildSurvives(bee: string, windowMs: number): Promise<boolean> {
src/commands/migrate.ts	1002	export async function reviveTmuxPane(
src/commands/migrate.ts	1017	async function reviveTmuxPaneInTransaction(
src/commands/migrate.ts	1123	export async function cmdPromote(parsed: Parsed): Promise<void> {
src/commands/migrate.ts	1130	async function promoteInTransaction(lifecycle: SessionLifecycleTransaction, parsed: Parsed): Promise<void> {
src/commands/migrate.ts	1276	export async function cmdDemote(parsed: Parsed): Promise<void> {
src/commands/migrate.ts	1283	async function demoteInTransaction(lifecycle: SessionLifecycleTransaction, parsed: Parsed): Promise<void> {
src/commands/migrate.ts	1447	export async function cmdRevive(parsed: Parsed): Promise<void> {
src/commands/migrate.ts	1531	export async function cmdAuthResume(parsed: Parsed): Promise<void> {
src/commands/migrate.ts	1593	async function assertLoginSeatFreshForAuthResume(account: AccountRecord, seatHome: string): Promise<void> {
src/commands/migrate.ts	1611	async function readLoginMarkerDigest(markerPath: string): Promise<string | null> {
src/commands/migrate.ts	1620	export async function stopRuntimeForAuthResume(
src/commands/migrate.ts	1640	async function diagnoseSubstrateCrash(): Promise<string | undefined> {
src/commands/migrate.ts	1662	async function waitReadyOrDead(record: SessionRecord, timeoutMs: number): Promise<void> {
src/commands/migrate.ts	1700	async function waitForRevivedReady(records: SessionRecord[], parsed: Parsed): Promise<void> {
src/commands/migrate.ts	1737	export async function reviveRecord(
src/commands/migrate.ts	1762	export async function reviveRecordInTransaction(
src/commands/migrate.ts	1866	stampBeeIdentityEnv(spec.env, {
src/commands/migrate.ts	2165	async function claudeAccountOwningHome(homePath: string): Promise<AccountRecord | undefined> {
src/commands/migrate.ts	2172	export async function reviveOne(record: SessionRecord, parsed: Parsed, opts: { skipReadyWait?: boolean } = {}): Promise<SessionRecord> {
src/commands/migrate.ts	2225	function modelExtraArgsFor(record: SessionRecord): string[] {
src/commands/migrate.ts	2252	export async function cmdSetModel(parsed: Parsed): Promise<void> {
src/commands/migrate.ts	2288	async function setModelInTransaction(
src/commands/node.ts	11	export async function cmdNode(parsed: Parsed) {
src/commands/node.ts	48	export async function nodeStatus(parsed: Parsed) {
src/commands/node.ts	105	export function formatNodeVersion(h: NodeHealth): string {
src/commands/node.ts	113	export function nodeKindLabel(kind: NodeRecord["kind"] | string, display: "short" | "full" = "short"): string {
src/commands/node.ts	141	export async function nodeCheckouts(parsed: Parsed) {
src/commands/node.ts	178	export async function nodeList() {
src/commands/node.ts	209	export function formatNodeStatus(status: NodeRecord["status"]): string {
src/commands/node.ts	227	export function parseSshArgsFlag(parsed: Parsed): string[] | undefined {
src/commands/node.ts	237	export async function nodeRegister(parsed: Parsed) {
src/commands/node.ts	262	clearSubstrateCache();
src/commands/node.ts	268	export async function nodeBootstrap(parsed: Parsed) {
src/commands/node.ts	292	clearSubstrateCache();
src/commands/node.ts	307	export async function nodeInspect(parsed: Parsed) {
src/commands/node.ts	320	export async function nodeUpdate(parsed: Parsed) {
src/commands/node.ts	334	clearSubstrateCache();
src/commands/node.ts	340	export async function nodeUnregister(parsed: Parsed) {
src/commands/node.ts	352	clearSubstrateCache();
src/commands/node.ts	358	export async function cmdSubstrate(parsed: Parsed) {
src/commands/node.ts	371	export async function substrateList() {
src/commands/observe.ts	40	export async function cmdTail(parsed: Parsed) {
src/commands/observe.ts	54	export async function followTail(record: SessionRecord, lines: number, pollMs: number): Promise<void> {
src/commands/observe.ts	70	export async function cmdList(parsed: Parsed) {
src/commands/observe.ts	252	export async function cmdBees(parsed: Parsed): Promise<void> {
src/commands/observe.ts	327	export function poolCapacityChip(status: Pick<PoolStatus, "pool" | "free" | "size" | "busy">): string {
src/commands/observe.ts	337	async function beesPoolsLine(
src/commands/observe.ts	361	export async function loadBeesTuiItems(parsed: Parsed): Promise<{ items: BeesTuiItem[]; records: SessionRecord[]; poolsLine?: string }> {
src/commands/observe.ts	441	export function beeTuiDescription(record: SessionRecord, derived: DerivedState): string {
src/commands/observe.ts	457	export function normalizeBeeTuiDescription(value: string | undefined): string | undefined {
src/commands/observe.ts	464	export async function cmdTranscript(parsed: Parsed) {
src/commands/observe.ts	492	export async function cmdLast(parsed: Parsed) {
src/commands/observe.ts	532	export async function cmdWait(parsed: Parsed) {
src/commands/observe.ts	572	export async function compactRetiredHsrEvents(
src/commands/observe.ts	594	export async function cmdRetire(parsed: Parsed) {
src/commands/observe.ts	634	export async function cmdKill(parsed: Parsed) {
src/commands/observe.ts	676	async function promptLine(question: string): Promise<string> {
src/commands/observe.ts	689	export async function cmdUrls(parsed: Parsed): Promise<void> {
src/commands/observe.ts	729	export async function openUrl(url: string): Promise<void> {
src/commands/observe.ts	738	export async function cmdAttach(parsed: Parsed) {
src/commands/observe.ts	756	export async function applyBeeWindowOptions(record: SessionRecord): Promise<void> {
src/commands/observe.ts	776	export async function cmdNext(parsed: Parsed) {
src/commands/pool.ts	38	export async function cmdPool(parsed: Parsed) {
src/commands/pool.ts	74	async function poolsInScope(): Promise<{ pools: ResolvedPool[]; entries: ProRepoEntry[]; scoped: boolean }> {
src/commands/pool.ts	93	async function resolveTargets(ref: string | undefined, all: boolean): Promise<ResolvedPool[]> {
src/commands/pool.ts	113	export async function poolList(parsed: Parsed) {
src/commands/pool.ts	159	export async function poolStatusCmd(parsed: Parsed) {
src/commands/pool.ts	218	function memberStateLabel(m: MemberOccupancy): string {
src/commands/pool.ts	225	function formatMemberState(m: MemberOccupancy): string {
src/commands/pool.ts	254	async function adhocCheckoutOccupancy(pools: ResolvedPool[], entries: ProRepoEntry[], liveBees: LiveBee[]): Promise<AdhocCheckoutRow[]> {
src/commands/pool.ts	286	export async function poolSpawnCmd(parsed: Parsed) {
src/commands/pool.ts	303	export async function poolLaunchCmd(parsed: Parsed) {
src/commands/pool.ts	339	export async function poolExtendCmd(parsed: Parsed) {
src/commands/pool.ts	353	export async function poolSyncCmd(parsed: Parsed) {
src/commands/pool.ts	401	export async function poolClaimCmd(parsed: Parsed) {
src/commands/pool.ts	420	export async function poolReleaseCmd(parsed: Parsed) {
src/commands/pool.ts	431	export async function poolParkCmd(parsed: Parsed, park: boolean) {
src/commands/run.ts	34	export function assertSingleBeeInvocation(parsed: Parsed, hint: string): void {
src/commands/run.ts	44	export async function spawnDelegated(
src/commands/run.ts	68	export async function waitForPromptReady(record: SessionRecord, parsed: Parsed): Promise<void> {
src/commands/run.ts	99	export async function deliverPromptToBee(
src/commands/run.ts	111	export async function cmdRun(parsed: Parsed) {
src/commands/run.ts	120	assertSingleBeeInvocation(parsed, "hive run spawns a single bee; to prompt a swarm use: hive spawn <bee> --count <n> && hive send <selector> <prompt>");
src/commands/run.ts	183	export async function cleanupRunSession(record: SessionRecord): Promise<void> {
src/commands/run.ts	201	export async function cmdX(parsed: Parsed) {
src/commands/run.ts	209	assertSingleBeeInvocation(parsed, "hive x spawns a single bee; to prompt a swarm use: hive spawn <bee> --count <n> && hive send <selector> <prompt>");
src/commands/run.ts	245	export async function cmdXa(parsed: Parsed) {
src/commands/run.ts	252	assertSingleBeeInvocation(parsed, "hive xa attaches to a single bee; spawn cohorts with hive spawn --count/--frame");
src/commands/run.ts	293	export const OPEN_OWN_FLAGS = new Set([
src/commands/run.ts	301	export const OPEN_SPAWN_CONTROL_FLAGS = new Set([
src/commands/run.ts	308	export const OPEN_DELEGATED_FLAGS = new Set([...OPEN_OWN_FLAGS, ...OPEN_SPAWN_CONTROL_FLAGS]);
src/commands/run.ts	311	export function openPassthroughArgs(parsed: Parsed, exclude: Set<string> = OPEN_OWN_FLAGS): string[] {
src/commands/run.ts	334	export async function cmdOpen(parsed: Parsed) {
src/commands/run.ts	379	export async function cmdOpenRaw(parsed: Parsed) {
src/commands/search.ts	9	export async function cmdSearch(parsed: Parsed) {
src/commands/search.ts	15	export async function cmdSeals(parsed: Parsed) {
src/commands/search.ts	44	export async function buildSearchOptions(parsed: Parsed): Promise<SearchOptions> {
src/commands/search.ts	95	export function parseTypeFilter(raw: string | true | string[] | undefined): Set<SearchTypeFilter> | undefined {
src/commands/search.ts	113	export async function runSearch(parsed: Parsed, options: SearchOptions, verb: string): Promise<void> {
src/commands/search.ts	154	export function formatHitPretty(hit: SearchHit): string {
src/commands/search.ts	162	export function corpusBadge(type: SearchHit["type"]): string {
src/commands/search.ts	174	export function highlightSnippet(snippet: string, start: number, end: number): string {
src/commands/spawn.ts	76	async function persistSpawnTiming(timer: SpawnTimer, label: string): Promise<void> {
src/commands/spawn.ts	86	export async function cmdSpawn(parsed: Parsed): Promise<SessionRecord> {
src/commands/spawn.ts	117	export async function maybeLinkHere(parsed: Parsed, records: SessionRecord[]): Promise<void> {
src/commands/spawn.ts	148	export function resolveSpawnCount(parsed: Parsed): number {
src/commands/spawn.ts	163	export function resolveKitProfileFlag(parsed: Parsed): string | undefined {
src/commands/spawn.ts	170	export function resolveSpawnEnvFlag(parsed: Parsed): Record<string, string> | undefined {
src/commands/spawn.ts	184	export function resolveSandboxWriteFlag(parsed: Parsed): string[] | undefined {
src/commands/spawn.ts	323	export class AccountActivationError extends Error {
src/commands/spawn.ts	326	constructor(readonly accountId: string, cause: unknown) {
src/commands/spawn.ts	337	export async function withAutomaticAccountFallback<T>(input: {
src/commands/spawn.ts	340	launch(account: AccountRecord): Promise<T>;
src/commands/spawn.ts	341	pickReplacement(excluded: ReadonlySet<string>): Promise<AccountRecord>;
src/commands/spawn.ts	379	export async function spawnBee(opts: SpawnOptions, runtimeDeps: SpawnRuntimeDependencies = {}): Promise<SessionRecord> {
src/commands/spawn.ts	535	stampBeeIdentityEnv(spec.env, { name, id: identity.id, comb: name, ...(spawnedById ? { parent: spawnedById } : {}) });
src/commands/spawn.ts	1027	export async function resolveSpawnAgentWithAuto(requested: string, parsed: Parsed): Promise<SpawnAgentSpec> {
src/commands/spawn.ts	1043	export function requestedModelFromArgs(args: string[]): string | undefined {
src/commands/spawn.ts	1059	export function spawnAccountAliasResolver(requested: string, parsed: Parsed): SpawnAccountAliasResolver | undefined {
src/commands/spawn.ts	1075	export async function defaultSoleCredentialedAccount(requested: string, parsed: Parsed, resolved: SpawnAgentSpec): Promise<AccountRecord | undefined> {
src/commands/spawn.ts	1092	export async function resolveAccountFlag(
src/commands/spawn.ts	1110	export async function pickAutoAccount(
src/commands/spawn.ts	1150	export async function pickRoundRobinAccountForCli(tool: string, includePaused = false): Promise<AccountRecord> {
src/commands/spawn.ts	1157	export function autoPickUsage(limits: AccountLimits | undefined, model?: string): string {
src/commands/spawn.ts	1195	export async function resolveProfileOverlay(requested: string): Promise<ProfileOverlay | undefined> {
src/commands/spawn.ts	1235	export async function resolveSpawnOverlays(requested: string, parsed: Parsed, protocolLaunch: boolean): Promise<SpawnOverlays> {
src/commands/spawn.ts	1263	export function spawnArgvPrompt(parsed: Parsed): string {
src/commands/spawn.ts	1281	export function poolFlagRef(parsed: Parsed): string | undefined {
src/commands/spawn.ts	1295	export async function allocatePoolForSpawn(parsed: Parsed, ref: string, count: number, node: NodeRecord | undefined): Promise<PoolSpawnPlan> {
src/commands/spawn.ts	1312	export async function rollbackPoolAllocation(plan: PoolSpawnPlan, allocation: PoolAllocation): Promise<void> {
src/commands/spawn.ts	1327	export async function bindPoolAllocationToBee(plan: PoolSpawnPlan, allocation: PoolAllocation, beeName: string): Promise<void> {
src/commands/spawn.ts	1340	export function resolvePreambleFlags(parsed: Parsed): { preamble?: string; noPreamble?: boolean } {
src/commands/spawn.ts	1346	export async function spawnSingleBee(
src/commands/spawn.ts	1642	async function prepareSpawnTrackAttachment(parsed: Parsed): Promise<PreparedSpawnTrackAttachment | undefined> {
src/commands/spawn.ts	1666	async function prepareSpawnCombAttachment(parsed: Parsed): Promise<PreparedSpawnCombAttachment | undefined> {
src/commands/spawn.ts	1716	function resolveSpawnCombEntry(comb: StoredCombVersion, requested: string | undefined): string {
src/commands/spawn.ts	1729	function readStdinForSpawnComb(): Promise<string> {
src/commands/spawn.ts	1751	export async function cmdNew(parsed: Parsed): Promise<void> {
src/commands/spawn.ts	1762	prewarmProRepos();
src/commands/spawn.ts	1845	export async function cmdLaunch(parsed: Parsed): Promise<void> {
src/commands/spawn.ts	1852	prewarmProRepos();
src/commands/spawn.ts	1941	export async function loadSpawnBeeOptions(): Promise<Array<{ value: string; label: string; detail?: string }>> {
src/commands/spawn.ts	1959	export async function newBeeAccountRows(kind: string): Promise<SpawnTuiAccount[]> {
src/commands/spawn.ts	1984	export function newBeeUsageCell(limits: AccountLimits | undefined, now: number): string | undefined {
src/commands/spawn.ts	1995	export const NEW_BEE_SUBDIR_IGNORE = new Set([
src/commands/spawn.ts	2000	export const NEW_BEE_SUBDIR_CAP = 800;
src/commands/spawn.ts	2009	export async function listNewBeeSubdirs(
src/commands/spawn.ts	2043	export async function spawnHomogeneousSwarm(parsed: Parsed, count: number): Promise<SessionRecord[]> {
src/commands/spawn.ts	2134	export async function spawnFromFrame(parsed: Parsed, frameName: string, perBeeMessages?: string[]): Promise<SessionRecord[]> {
src/commands/spend.ts	39	function granularityFlag(parsed: Parsed): Granularity | undefined {
src/commands/spend.ts	51	function outputMode(parsed: Parsed): OutputMode {
src/commands/spend.ts	58	function emit<T extends Record<string, unknown>>(parsed: Parsed, rows: T[], renderer: (rows: T[]) => string): void {
src/commands/spend.ts	71	function knownModelPredicate(table: RateTable): (id: string) => boolean {
src/commands/spend.ts	79	async function loadCostedEvents() {
src/commands/spend.ts	85	async function runIngest(parsed: Parsed): Promise<void> {
src/commands/spend.ts	114	async function runUsage(parsed: Parsed): Promise<void> {
src/commands/spend.ts	128	async function runReport(parsed: Parsed): Promise<void> {
src/commands/spend.ts	136	emit(parsed, rows, renderDailyLedger);
src/commands/spend.ts	139	async function runLeverage(parsed: Parsed): Promise<void> {
src/commands/spend.ts	160	async function resolveSessionRef(ref: string): Promise<{ record?: SessionRecord; sessionId: string }> {
src/commands/spend.ts	188	async function eventsFromTranscript(record: SessionRecord, sessionId: string): Promise<SpendEvent[] | null> {
src/commands/spend.ts	205	async function runSessionDetail(parsed: Parsed): Promise<void> {
src/commands/spend.ts	227	async function runSessions(parsed: Parsed): Promise<void> {
src/commands/spend.ts	231	emit(parsed, rows, renderSessions);
src/commands/spend.ts	234	async function runBlend(parsed: Parsed): Promise<void> {
src/commands/spend.ts	242	emit(parsed, rows, renderBlend);
src/commands/spend.ts	245	async function runRates(parsed: Parsed): Promise<void> {
src/commands/spend.ts	274	async function runSeatsSet(parsed: Parsed): Promise<void> {
src/commands/spend.ts	297	async function runSeats(parsed: Parsed): Promise<void> {
src/commands/spend.ts	314	function usageHelp(): string {
src/commands/spend.ts	363	function helpFor(sub: string | undefined): string | undefined {
src/commands/spend.ts	368	function printUsage(): void {
src/commands/spend.ts	389	export async function cmdSpend(parsed: Parsed): Promise<void> {
src/commands/state.ts	18	export async function cmdState(parsed: Parsed): Promise<void> {
src/commands/state.ts	68	function formatDisplayStateCell(state: BeeDisplayState): string {
src/commands/state.ts	74	function formatRequestsCell(view: BeeViewV1): string {
src/commands/state.ts	84	function formatResultCell(view: BeeViewV1, now: number): string {
src/commands/state.ts	98	function formatFreshnessCell(view: BeeViewV1, now: number): string {
src/commands/state.ts	113	function parseDisplayStateFlag(raw: string): BeeDisplayState {
src/commands/state.ts	122	async function selectorNames(selector: string): Promise<Set<string>> {
src/commands/state.ts	128	async function stateLs(parsed: Parsed): Promise<void> {
src/commands/state.ts	136	printStateList(list, parsed, names);
src/commands/state.ts	140	export function printStateList(list: BeeViewListV1, parsed: Parsed, selectorMatches?: Set<string>): void {
src/commands/state.ts	215	function evidenceTag(evidence: BeeViewEvidence): string {
src/commands/state.ts	220	function formatFreshnessLine(source: ObservationSourceFreshness, now: number): string {
src/commands/state.ts	226	async function stateExplain(parsed: Parsed): Promise<void> {
src/commands/state.ts	230	printStateExplanation(view, parsed);
src/commands/state.ts	234	export function printStateExplanation(view: BeeViewV1, parsed: Parsed): void {
src/commands/swarm.ts	9	export async function cmdSwarm(parsed: Parsed) {
src/commands/swarm.ts	26	export async function swarmList() {
src/commands/swarm.ts	57	export async function swarmInspect(parsed: Parsed) {
src/commands/swarm.ts	67	export async function swarmDestroy(parsed: Parsed) {
src/commands/tasks.ts	38	export async function cmdTask(parsed: Parsed) {
src/commands/tasks.ts	79	async function resolveTaskSender(parsed: Parsed): Promise<TaskSender> {
src/commands/tasks.ts	94	function deriveOrigin(sender: TaskSender, list: TaskListId): TaskOrigin {
src/commands/tasks.ts	105	function taskToJson(task: HiveTask): Record<string, unknown> {
src/commands/tasks.ts	132	async function taskAdd(parsed: Parsed) {
src/commands/tasks.ts	180	function resolveAutoFlags(parsed: Parsed): boolean | undefined {
src/commands/tasks.ts	193	async function taskLs(parsed: Parsed) {
src/commands/tasks.ts	243	function parseStatusFilter(parsed: Parsed): TaskStatus[] | undefined {
src/commands/tasks.ts	254	async function taskShow(parsed: Parsed) {
src/commands/tasks.ts	264	async function taskLists(parsed: Parsed) {
src/commands/tasks.ts	304	async function taskTransition(parsed: Parsed, action: TaskTransitionAction) {
src/commands/tasks.ts	327	async function taskClaim(parsed: Parsed) {
src/commands/tasks.ts	352	async function taskMv(parsed: Parsed) {
src/commands/tasks.ts	372	async function taskEdit(parsed: Parsed) {
src/commands/tasks.ts	399	async function taskSupply(parsed: Parsed) {
src/commands/template.ts	26	export async function cmdTemplate(parsed: Parsed): Promise<void> {
src/commands/template.ts	53	export async function templateList(parsed: Parsed): Promise<void> {
src/commands/template.ts	92	export async function templateDefine(parsed: Parsed): Promise<void> {
src/commands/template.ts	102	export async function templateUpdate(parsed: Parsed): Promise<void> {
src/commands/template.ts	110	export async function templateEdit(parsed: Parsed): Promise<void> {
src/commands/template.ts	149	export async function templateInspect(parsed: Parsed): Promise<void> {
src/commands/template.ts	157	export async function templateRemove(parsed: Parsed): Promise<void> {
src/commands/template.ts	165	export function interpolateTemplatePrompt(prompt: string, input: string): string {
src/commands/template.ts	185	export function buildTemplateSpawnPlan(
src/commands/template.ts	241	export async function runTemplateFlag(parsed: Parsed, mode: TemplateRunMode): Promise<import("../store.js").SessionRecord> {
src/commands/template.ts	244	assertTemplateInvocation(parsed, mode);
src/commands/template.ts	251	export async function templateRun(parsed: Parsed): Promise<void> {
src/commands/template.ts	263	async function executeTemplate(
src/commands/template.ts	328	function templateInput(parsed: Parsed, mode: TemplateRunMode): string {
src/commands/template.ts	334	export function assertTemplateInvocation(parsed: Parsed, mode: TemplateRunMode): void {
src/commands/track.ts	47	export async function cmdTrack(parsed: Parsed): Promise<void> {
src/commands/track.ts	78	async function trackDefine(parsed: Parsed): Promise<void> {
src/commands/track.ts	92	async function trackList(parsed: Parsed): Promise<void> {
src/commands/track.ts	119	async function trackShow(parsed: Parsed): Promise<void> {
src/commands/track.ts	130	renderDefinition(track).forEach((line) => console.log(line));
src/commands/track.ts	133	function renderDefinition(track: Track): string[] {
src/commands/track.ts	150	function renderDefinitionNode(node: TrackNode, ordinal: number, indent: string): string {
src/commands/track.ts	154	async function trackAttach(parsed: Parsed): Promise<void> {
src/commands/track.ts	186	async function trackQueue(parsed: Parsed): Promise<void> {
src/commands/track.ts	208	export async function queueTrackForBee(
src/commands/track.ts	217	async function trackQueueList(parsed: Parsed): Promise<void> {
src/commands/track.ts	249	function deliveryForBeeInAdmission(
src/commands/track.ts	275	export async function deliverTrackFollowUp(
src/commands/track.ts	287	async function trackStatus(parsed: Parsed): Promise<void> {
src/commands/track.ts	298	async function trackDetach(parsed: Parsed): Promise<void> {
src/commands/track.ts	322	async function trackStep(parsed: Parsed): Promise<void> {
src/commands/track.ts	363	async function trackSubTask(parsed: Parsed): Promise<void> {
src/commands/track.ts	385	async function trackException(parsed: Parsed): Promise<void> {
src/commands/track.ts	401	function versionFlag(parsed: Parsed): number | undefined {
src/commands/track.ts	410	async function requireSelf(command: string): Promise<SessionRecord> {
src/commands/track.ts	416	export function renderTrackStatus(attachment: TrackAttachment, now: number = Date.now()): string {
src/commands/track.ts	449	function renderStep(step: TrackStepState, now: number): string {
src/completion/engine.ts	60	export function getCompletionsFromState(words: string[], state: CompletionState): string[] {
src/completion/engine.ts	110	export async function getCompletions(words: string[]): Promise<string[]> {
src/completion/engine.ts	144	function detectFlagValueContext(args: string[], command: string): FlagValueKind | null {
src/completion/engine.ts	155	function resolveFlagValueCandidates(kind: FlagValueKind, state: CompletionState): string[] {
src/completion/engine.ts	210	function nounCommandCandidates(command: string, args: string[], state: CompletionState): string[] {
src/completion/engine.ts	242	export function fileCandidates(prefix: string, exts: string[], cwd: string): string[] {
src/completion/engine.ts	288	function expandTilde(value: string): string {
src/completion/engine.ts	296	function flagConsumesValue(token: string): boolean {
src/completion/engine.ts	301	function positionalAt(args: string[], index: number): string | undefined {
src/completion/engine.ts	315	function stripBinary(words: string[]): string[] {
src/completion/engine.ts	322	function positionalIndexOf(args: string[]): number {
src/completion/engine.ts	335	function sessionRefs(state: CompletionState, filter: "live" | "all"): string[] {
src/completion/shell.ts	1	export function shellScript(shell: string): string {
src/completion/shell.ts	14	export const BASH_SCRIPT = `# hive bash completion
src/completion/shell.ts	26	export const ZSH_SCRIPT = `#compdef hive
src/completion/shell.ts	38	export const FISH_SCRIPT = `# hive fish completion
src/completion/shell.ts	41	function __hive_complete
src/completion/tables.ts	5	export const COMMANDS = [
src/completion/tables.ts	18	export const COLONY_SUBCOMMANDS = ["list", "ls", "create", "inspect", "archive", "update", "rename"];
src/completion/tables.ts	19	export const POOL_SUBCOMMANDS = ["list", "ls", "status", "spawn", "launch", "extend", "sync", "claim", "release", "park", "unpark"];
src/completion/tables.ts	20	export const FRAME_SUBCOMMANDS = ["list", "ls", "define", "update", "reload", "edit", "inspect", "remove"];
src/completion/tables.ts	21	export const TEMPLATE_SUBCOMMANDS = ["list", "ls", "define", "update", "edit", "inspect", "remove", "rm", "run"];
src/completion/tables.ts	22	export const SWARM_SUBCOMMANDS = ["list", "ls", "inspect", "destroy"];
src/completion/tables.ts	23	export const NODE_SUBCOMMANDS = ["list", "ls", "register", "inspect", "update", "unregister"];
src/completion/tables.ts	24	export const SUBSTRATE_SUBCOMMANDS = ["list", "ls"];
src/completion/tables.ts	25	export const SEALS_SUBCOMMANDS = ["find"];
src/completion/tables.ts	26	export const FLOW_SUBCOMMANDS = ["list", "ls", "define", "inspect", "remove", "run", "runs", "logs", "status", "cancel"];
src/completion/tables.ts	27	export const LOOP_SUBCOMMANDS = ["launch", "template", "start", "status", "logs", "stop", "list", "ls"];
src/completion/tables.ts	28	export const BUZ_SUBCOMMANDS = ["send", "inbox", "outbox", "queue", "read", "cancel", "purge", "config"];
src/completion/tables.ts	29	export const TASK_SUBCOMMANDS = ["add", "ls", "show", "start", "done", "block", "cancel", "claim", "mv", "edit", "supply", "lists"];
src/completion/tables.ts	30	export const TRACK_SUBCOMMANDS = [
src/completion/tables.ts	34	export const DAEMON_SUBCOMMANDS = ["install", "uninstall", "start", "stop", "restart", "status", "logs", "run"];
src/completion/tables.ts	35	export const ACCOUNT_SUBCOMMANDS = ["list", "ls", "add", "login", "capture", "sync", "pause", "resume", "auto-penalty", "downprio", "remove"];
src/completion/tables.ts	36	export const KEYS_SUBCOMMANDS = ["print", "path", "check"];
src/completion/tables.ts	37	export const SESSIONS_SUBCOMMANDS = ["reconcile"];
src/completion/tables.ts	38	export const SYNC_SUBCOMMANDS = ["manifest"];
src/completion/tables.ts	39	export const FLIGHT_SUBCOMMANDS = ["start", "ls", "list", "status", "sweep", "enqueue", "queue", "resolve", "requeue", "drain", "close"];
src/completion/tables.ts	40	export const STATE_SUBCOMMANDS = ["ls", "list", "explain"];
src/completion/tables.ts	42	export const SEARCH_TYPE_VALUES = ["seals", "ledger", "sessions"];
src/completion/tables.ts	43	export const SEAL_STATUS_VALUES = [...SEAL_STATUSES];
src/completion/tables.ts	44	export const HIVE_STATE_VALUES = ["waiting", "done", "failed", "working"];
src/completion/tables.ts	46	export const DISPLAY_STATE_VALUES = [
src/completion/tables.ts	50	export const BUZ_TIERS: readonly string[] = CANONICAL_BUZ_TIERS;
src/completion/tables.ts	51	export const TASK_STATUS_VALUES: readonly string[] = TASK_STATUSES;
src/completion/tables.ts	52	export const BUZ_ACCEPT_VALUES = buzAcceptValues();
src/completion/tables.ts	56	function buzAcceptValues(): string[] {
src/completion/tables.ts	66	export const BEES = [
src/completion/tables.ts	71	export const SHELLS = ["bash", "zsh", "fish"];
src/completion/tables.ts	73	export const TOP_LEVEL_FLAGS = ["--version", "--help"];
src/completion/tables.ts	75	export const SESSION_LIVE_ONLY = new Set(["send", "brief", "tail", "cat", "transcript", "tx", "wait", "attach"]);
src/completion/tables.ts	76	export const SESSION_ANY = new Set(["kill", "retire", "archive", "last", "seal", "rename", "tag", "own", "move", "split", "fork", "revive", "auth-resume", "urls", "set-model"]);
src/completion/tables.ts	77	export const BEE_FIRST_ARG = new Set(["spawn", "run", "x", "xa", "open"]);
src/completion/tables.ts	78	export const SHELL_FIRST_ARG = new Set(["completion"]);
src/completion/tables.ts	80	export const ACCOUNT_FIRST_ARG = new Set(["login", "activate", "usage", "limits"]);
src/completion/tables.ts	82	export const FLAGS_BY_COMMAND: Record<string, string[]> = {
src/completion/tables.ts	181	export const LOOP_CONTEXT_VALUES = ["persistent", "ralph", "rolling"];
src/completion/tables.ts	182	export const LOOP_SUMMARIZER_VALUES = ["self", "bee"];
src/completion/tables.ts	183	export const FORK_SEED_VALUES = ["resume", "seal", "summary", "log", "none"];
src/completion/tables.ts	187	export const FLAG_VALUE_KINDS: Record<string, FlagValueKind> = {
src/completion/tables.ts	211	export const PER_COMMAND_FLAG_VALUE_KINDS: Record<string, Record<string, FlagValueKind>> = {
src/completion/tables.ts	237	export const NOUN_COMMAND_SUBS: Record<string, string[]> = {
src/completion/tables.ts	262	export const NOUN_SUB_ARG: Record<string, Record<string, NounSubArgKind>> = {
src/concurrency.ts	6	export async function mapWithConcurrency<T, R>(
src/config.ts	48	export const NAMING_EFFORTS = ["minimal", "low", "medium", "high", "xhigh"] as const;
src/config.ts	115	export function spawnDefaultSubstrate(origin: "agent" | "user"): SubstrateDefault {
src/config.ts	120	export const DEFAULT_BRIEF_FOOTER =
src/config.ts	123	export function briefFooter(): string {
src/config.ts	138	export function configPath(): string {
src/config.ts	142	export function loadConfig(): HiveConfig {
src/config.ts	165	export function resetConfigCache(): void {
src/config.ts	170	export function rotationResumeEnabled(): boolean {
src/config.ts	174	export const DEFAULT_IDLE_HSR_PARK_AFTER_MS = 15 * 60_000;
src/config.ts	177	export function idleHsrParkAfterMs(): number | null {
src/config.ts	190	export function beeConfig(kind: string): BeeConfig {
src/config.ts	211	export function preambleConfig(): ResolvedPreambleConfig {
src/config.ts	221	export function namingConfig(): ResolvedNamingConfig {
src/config.ts	236	function normalizeConfig(value: unknown): { config: HiveConfig; unknownKeys: string[] } {
src/config.ts	241	collectUnknownKeys(object, TOP_LEVEL_CONFIG_KEYS, "", unknownKeys);
src/config.ts	317	function collectUnknownKeys(object: Record<string, unknown>, allowed: Set<string>, prefix: string, out: string[]): void {
src/contract.ts	10	export const CONTRACT_COMPLETIONS = ["seal", "exit"] as const;
src/contract.ts	36	function sealTypes(): Set<string> {
src/contract.ts	45	export function parseContractFlag(raw: string): BeeContract {
src/contract.ts	87	export function normalizeContract(value: unknown): BeeContract | undefined {
src/contract.ts	102	export function contractPostscript(contract: BeeContract): string | undefined {
src/contract.ts	139	export function withContractPostscript(brief: string | undefined, contract: BeeContract | undefined): string | undefined {
src/daemon/authRecovery.ts	19	export const DEFAULT_AUTH_RECOVERY_BACKOFF_MS = 2_000;
src/daemon/authRecovery.ts	20	export const DEFAULT_AUTH_RECOVERY_MAX_ATTEMPTS = 2;
src/daemon/authRecovery.ts	50	export async function readAttemptStateFile(bee: string, fileName: string): Promise<AuthRecoveryAttemptState | null> {
src/daemon/authRecovery.ts	67	export async function writeAttemptStateFile(bee: string, fileName: string, state: AuthRecoveryAttemptState): Promise<void> {
src/daemon/authRecovery.ts	72	export async function readAuthRecoveryState(bee: string): Promise<AuthRecoveryAttemptState | null> {
src/daemon/authRecovery.ts	76	export async function writeAuthRecoveryState(bee: string, state: AuthRecoveryAttemptState): Promise<void> {
src/daemon/authRecovery.ts	81	export function hadSuccessfulInterveningTurn(
src/daemon/authRecovery.ts	111	export function planAuthRecovery(input: {
src/daemon/authRecovery.ts	194	export function createAuthRecoveryDispatcher(deps: AuthRecoveryDeps = {}): (
src/daemon/autoTitle.ts	41	export const MAX_AUTO_TITLE_ATTEMPTS = 3;
src/daemon/autoTitle.ts	42	export const AUTO_TITLE_RETRY_BACKOFF_MS = 10 * 60_000;
src/daemon/autoTitle.ts	50	export const AUTO_TITLE_WATCHDOG_MS = 2 * 60_000;
src/daemon/autoTitle.ts	56	export const AUTO_TITLE_CONTEXT_RETRY_MS = 60_000;
src/daemon/autoTitle.ts	61	export const AUTO_TITLE_CONTEXT_PROBES_PER_TICK = 1;
src/daemon/autoTitle.ts	63	function contextProbeSignature(record: SessionRecord): string {
src/daemon/autoTitle.ts	81	export function isAutoTitleCandidate(record: SessionRecord, now: number, backoffMs = AUTO_TITLE_RETRY_BACKOFF_MS): boolean {
src/daemon/autoTitle.ts	93	export function createAutoTitleDispatcher(overrides: Partial<AutoTitleDeps> = {}): AutoTitleDispatcher {
src/daemon/autoswap.ts	49	export function selectSwapTarget(candidates: AutoswapCandidate[], now: number): AccountRecord | null {
src/daemon/autoswap.ts	63	export async function dispatchAutoswaps(
src/daemon/broker.ts	67	function brokerMutationLockPath(): string {
src/daemon/broker.ts	77	function withBrokerMutationLock<T>(fn: () => Promise<T>): Promise<T> {
src/daemon/broker.ts	81	function messageOf(error: unknown): string {
src/daemon/broker.ts	85	function paramsObject(params: unknown): Record<string, unknown> {
src/daemon/broker.ts	91	function requiredString(params: Record<string, unknown>, key: string): string {
src/daemon/broker.ts	97	function optionalString(params: Record<string, unknown>, key: string): string | undefined {
src/daemon/broker.ts	104	function brokerSpawnArgs(value: unknown): BrokerSpawnArgs {
src/daemon/broker.ts	131	function spawnDenial(reason: string): string {
src/daemon/broker.ts	136	function brokerSpawnHarnessArgs(args: BrokerSpawnArgs): string[] {
src/daemon/broker.ts	154	export function brokerFilesystemSpawnParsed(args: BrokerSpawnArgs): Parsed {
src/daemon/broker.ts	179	async function spawnFilesystemBee(
src/daemon/broker.ts	195	async function verifyBrokerCallerAdmission(caller: SessionRecord, capability: unknown): Promise<void> {
src/daemon/broker.ts	218	export async function verifyBrokerCallerClaim(callerBee: string, capability: unknown): Promise<void> {
src/daemon/broker.ts	223	async function authorizeSubject(
src/daemon/broker.ts	242	async function handleBuzSend(
src/daemon/broker.ts	304	async function handleBuzInbox(params: Record<string, unknown>, options: BrokerHandlerOptions): Promise<FlatBrokerReply> {
src/daemon/broker.ts	322	async function handleState(params: Record<string, unknown>, options: BrokerHandlerOptions): Promise<FlatBrokerReply> {
src/daemon/broker.ts	347	async function handleSeal(
src/daemon/broker.ts	367	async function handleSpawn(
src/daemon/broker.ts	411	export async function handleBrokerOperation(
src/daemon/broker.ts	478	export function createBrokerMethods(options: BrokerHandlerOptions = {}): Record<BrokerOp, RpcMethodHandler> {
src/daemon/brokerPolicy.ts	5	export const BROKER_SELF_OPS = [
src/daemon/brokerPolicy.ts	12	export const BROKER_OPS = [...BROKER_SELF_OPS, "broker:spawn"] as const;
src/daemon/brokerPolicy.ts	56	export function brokerAclPath(): string {
src/daemon/brokerPolicy.ts	60	export function decideBrokerPolicy(
src/daemon/brokerPolicy.ts	100	function isInsidePathPrefix(cwd: string, prefix: string): boolean {
src/daemon/brokerPolicy.ts	106	export function decideBrokerSpawnPolicy(
src/daemon/brokerPolicy.ts	130	export async function loadBrokerAcl(path = brokerAclPath()): Promise<BrokerAcl> {
src/daemon/buzDispatcher.ts	44	export const DEFAULT_BUZ_ILLEGAL_TRANSITION_BACKOFF_MS = [60_000, 5 * 60_000, 15 * 60_000] as const;
src/daemon/buzDispatcher.ts	45	export const DEFAULT_BUZ_RETRY_MAX_ATTEMPTS = 4;
src/daemon/buzDispatcher.ts	46	export const DEFAULT_BUZ_RETRY_OPEN_COOLDOWN_MS = 15 * 60_000;
src/daemon/buzDispatcher.ts	130	function deliveryFailureSignature(result: DrainResult): string | undefined {
src/daemon/buzDispatcher.ts	137	function retryDelayMs(attempt: number, schedule: readonly number[]): number {
src/daemon/buzDispatcher.ts	143	function recipientIncarnation(record: SessionRecord, currentState: string | undefined): string {
src/daemon/buzDispatcher.ts	162	export function createBuzDrainDispatcher(
src/daemon/buzDispatcher.ts	307	export async function findStaleBuzQueues(
src/daemon/buzDispatcher.ts	345	function buzRecipientIsSendable(record: SessionRecord): boolean {
src/daemon/buzDispatcher.ts	364	export async function selectBuzDispatchTriggers(
src/daemon/buzDispatcher.ts	396	async function defaultHasQueuedMessages(record: SessionRecord): Promise<boolean> {
src/daemon/buzDispatcher.ts	413	export async function dispatchBuzDrains(
src/daemon/buzRecovery.ts	23	export const DEFAULT_BUZ_RECOVERY_CONCURRENCY = 2;
src/daemon/buzRecovery.ts	24	export const DEFAULT_BUZ_WAKE_RETRY_MS = 5_000;
src/daemon/buzRecovery.ts	25	export const MAX_BUZ_WAKE_RETRY_MS = 5 * 60_000;
src/daemon/buzRecovery.ts	26	export const DEFAULT_BUZ_WAKE_MAX_FAILURES = 8;
src/daemon/buzRecovery.ts	64	function maxFailuresFromEnv(): number {
src/daemon/buzRecovery.ts	69	export function buzWakeRetryDelayMs(attempt: number): number {
src/daemon/buzRecovery.ts	76	async function commitRecoveryAttempt(
src/daemon/buzRecovery.ts	98	async function markUndeliverable(
src/daemon/buzRecovery.ts	121	async function processRecoveryRecord(
src/daemon/buzRecovery.ts	219	export async function runBuzRecoverySweep(
src/daemon/buzRecovery.ts	236	export function createBuzRecoveryDispatcher(options: BuzRecoveryDispatcherOptions = {}): BuzRecoveryDispatcher {
src/daemon/combSweep.ts	45	export async function withCombAutomaticSourceAdmission<T>(
src/daemon/combSweep.ts	69	export function createCombSweeper(
src/daemon/combSweep.ts	140	async function notifyPacketQuarantine(notice: HumanPacketQuarantineNotice): Promise<void> {
src/daemon/combSweep.ts	161	async function spawnCombAgent(request: AgentSpawnRequest): Promise<{ name: string; id?: string }> {
src/daemon/combSweep.ts	198	export async function adoptCombAgent(
src/daemon/combSweep.ts	224	async function bindAndDeliverCombAgent(
src/daemon/concurrency.ts	1	export function envConcurrency(name: string, fallback: number): number {
src/daemon/concurrency.ts	7	export async function mapWithConcurrency<T, R>(
src/daemon/credentialSweep.ts	97	function canonicalPairKey(accountId: string, homePath: string): string {
src/daemon/credentialSweep.ts	101	function evidenceTime(record: SessionRecord): number {
src/daemon/credentialSweep.ts	110	function evidenceIsCurrent(record: SessionRecord): boolean {
src/daemon/credentialSweep.ts	117	function preferEvidence(candidate: SessionRecord, current: SessionRecord): boolean {
src/daemon/credentialSweep.ts	133	export async function planCredentialSweep(
src/daemon/credentialSweep.ts	223	export function createDefaultAccountHomes(
src/daemon/credentialSweep.ts	243	function legacyOwnBinding(
src/daemon/credentialSweep.ts	259	function legacyForeignBinding(
src/daemon/credentialSweep.ts	268	function foreignBindingAfter(
src/daemon/credentialSweep.ts	288	async function withAuthorizedSweepHome<T>(
src/daemon/credentialSweep.ts	331	async function consumeQuarantinedHarvest(
src/daemon/credentialSweep.ts	400	function initialTelemetry(plan: CredentialSweepPlan): CredentialSweepTelemetry {
src/daemon/credentialSweep.ts	430	export async function runCredentialSweep(
src/daemon/credentialSweep.ts	603	export async function runCredentialPairSync(
src/daemon/credentialSweepProcess.ts	42	export async function runCredentialSweepWorker(input: Readable = process.stdin, output: Writable = process.stdout): Promise<void> {
src/daemon/credentialSweepProcess.ts	112	export class CredentialSweepTimeoutError extends Error {
src/daemon/credentialSweepProcess.ts	116	constructor(ms: number, telemetry: CredentialSweepTelemetry, terminationConfirmed = true) {
src/daemon/credentialSweepProcess.ts	128	function defaultSpawnChild(): CredentialSweepChild {
src/daemon/credentialSweepProcess.ts	139	function emptyTelemetry(): CredentialSweepTelemetry {
src/daemon/credentialSweepProcess.ts	173	export async function reapCredentialWorkerLocks(
src/daemon/credentialSweepProcess.ts	209	export function createIsolatedCredentialSweeper(options: IsolatedCredentialSweeperOptions = {}): IsolatedCredentialSweeper {
src/daemon/credentialSweepProcess.ts	527	export async function syncCredentialPairIsolated(
src/daemon/credentialSyncController.ts	28	export function createCredentialSyncController(
src/daemon/executionReconcile.ts	11	export const DEFAULT_EXECUTION_RECONCILE_INTERVAL_MS = 5_000;
src/daemon/executionReconcile.ts	12	export const DEFAULT_EXECUTION_RECONCILE_BATCH_SIZE = 32;
src/daemon/executionReconcile.ts	16	close(): Promise<void>;
src/daemon/executionReconcile.ts	30	function positiveInteger(value: unknown, fallback: number, maximum: number): number {
src/daemon/executionReconcile.ts	37	function configuredIntervalMs(value?: number): number {
src/daemon/executionReconcile.ts	45	function configuredBatchSize(value?: number): number {
src/daemon/executionReconcile.ts	58	export function createExecutionInventoryDispatcher(
src/daemon/flightSweep.ts	35	export async function withFlightAutomaticSourceAdmission<T>(
src/daemon/flightSweep.ts	53	export async function latestSealForCurrentIncarnation(beeName: string): Promise<SlotSealObservation | null> {
src/daemon/flightSweep.ts	67	export function createFlightSweeper(overrides: Partial<FlightSweepDeps> = {}, options: FlightSweeperOptions = {}): FlightSweeper {
src/daemon/hsrControl.ts	52	close(): Promise<void>;
src/daemon/hsrControl.ts	60	export function hsrControlSocketPath(): string {
src/daemon/hsrControl.ts	65	export function hsrSpawnEnvArgv(value: unknown): string[] {
src/daemon/hsrControl.ts	73	assertCallerEnvAllowed(env);
src/daemon/hsrControl.ts	77	function messageOf(error: unknown): string {
src/daemon/hsrControl.ts	96	function hsrMessageRefusal(
src/daemon/hsrControl.ts	103	function hsrMessageAmbiguity(
src/daemon/hsrControl.ts	117	async function acceptHsrMessageOnce(
src/daemon/hsrControl.ts	346	async function hsrMessageWasDurablyAccepted(params: HsrMessageParams): Promise<boolean> {
src/daemon/hsrControl.ts	364	export async function acceptHsrMessage(
src/daemon/hsrControl.ts	405	export async function startHsrControlServer(opts?: {
src/daemon/hsrStopRecovery.ts	40	function errorMessage(error: unknown): string {
src/daemon/hsrStopRecovery.ts	44	function retryDelayMs(attempt: number, deps: HsrStopRecoveryDeps): number {
src/daemon/hsrStopRecovery.ts	51	function intentMatchesRecord(record: SessionRecord): boolean {
src/daemon/hsrStopRecovery.ts	62	export function hasRetryableHsrStopIntent(record: SessionRecord, nowMs = Date.now()): boolean {
src/daemon/hsrStopRecovery.ts	68	async function markStopIntentBlocked(
src/daemon/hsrStopRecovery.ts	96	async function claimAttempt(
src/daemon/hsrStopRecovery.ts	172	async function recoverOne(snapshot: SessionRecord, deps: HsrStopRecoveryDeps): Promise<HsrStopRecoveryOutcome> {
src/daemon/hsrStopRecovery.ts	219	export async function runHsrStopRecoverySweep(
src/daemon/hsrStopRecovery.ts	242	export function createHsrStopRecoveryDispatcher(
src/daemon/index.ts	8	export const DAEMON_VERSION = "1";
src/daemon/index.ts	165	export function defaultDaemonConfig(): DaemonConfig {
src/daemon/index.ts	179	export function defaultStaleAfterMs(): number {
src/daemon/index.ts	183	function positiveEnvMs(name: string, fallback: number): number {
src/daemon/index.ts	188	export function maxRecentErrors(): number {
src/daemon/index.ts	192	export function daemonLockPath(): string {
src/daemon/index.ts	196	export function daemonStatePath(): string {
src/daemon/index.ts	200	export async function writeDaemonState(state: DaemonState): Promise<void> {
src/daemon/index.ts	204	export async function readDaemonState(): Promise<DaemonState | null> {
src/daemon/index.ts	254	function parseStaleBuzQueueDiagnostics(
src/daemon/index.ts	280	function parseActiveTickDiagnostic(value: unknown): ActiveTickDiagnostic | undefined {
src/daemon/index.ts	297	function parseFatalDiagnostic(value: unknown): FatalDiagnostic | undefined {
src/daemon/index.ts	331	export function daemonLoopStale(state: DaemonState, nowMs: number, staleAfterMs: number): { stale: boolean; ageMs: number | null } {
src/daemon/index.ts	344	export function daemonTickProgressStale(state: DaemonState, nowMs: number, staleAfterMs: number): { stale: boolean; ageMs: number | null } {
src/daemon/index.ts	357	export function daemonRecentErrorsSaturated(state: DaemonState, nowMs: number, staleAfterMs: number): boolean {
src/daemon/index.ts	374	export async function readDaemonStatus(
src/daemon/index.ts	423	async function readInstallStatus(
src/daemon/index.ts	455	function isPidLikelyAlive(pid: number): boolean {
src/daemon/index.ts	466	export async function daemonStateExists(): Promise<boolean> {
src/daemon/install.ts	23	export const DEFAULT_DAEMON_THROTTLE_SECONDS = 30;
src/daemon/install.ts	98	export function setLaunchctlRunner(runner: LaunchctlRunner): () => void {
src/daemon/install.ts	111	export function userDomain(uid: number = process.getuid?.() ?? 0): string {
src/daemon/install.ts	115	export function userServiceTarget(label: string, uid: number = process.getuid?.() ?? 0): string {
src/daemon/install.ts	124	export function isLaunchctlSupported(): boolean {
src/daemon/install.ts	135	export async function resolveCliEntry(override?: string): Promise<string> {
src/daemon/install.ts	146	async function exists(path: string): Promise<boolean> {
src/daemon/install.ts	150	async function readPlistFile(path: string): Promise<string | null> {
src/daemon/install.ts	161	export async function isAgentInstalled(label: string = DEFAULT_LAUNCH_LABEL): Promise<boolean> {
src/daemon/install.ts	169	export async function renderCandidatePlist(options: InstallOptions = {}): Promise<string> {
src/daemon/install.ts	229	function plistsEquivalent(a: string, b: string): boolean {
src/daemon/install.ts	234	export async function installAgent(options: InstallOptions = {}): Promise<InstallResult> {
src/daemon/install.ts	291	function isNotLoadedError(result: LaunchctlResult): boolean {
src/daemon/install.ts	301	export async function uninstallAgent(options: UninstallOptions = {}): Promise<UninstallResult> {
src/daemon/install.ts	335	export async function startAgent(label: string = DEFAULT_LAUNCH_LABEL): Promise<LaunchctlResult> {
src/daemon/install.ts	358	export async function stopAgent(label: string = DEFAULT_LAUNCH_LABEL): Promise<LaunchctlResult> {
src/daemon/install.ts	366	export async function restartAgent(label: string = DEFAULT_LAUNCH_LABEL): Promise<LaunchctlResult> {
src/daemon/install.ts	374	export async function printAgentStatus(label: string = DEFAULT_LAUNCH_LABEL): Promise<LaunchctlResult | null> {
src/daemon/install.ts	385	export function parseAgentRuntimeStatus(output: string): AgentRuntimeStatus {
src/daemon/install.ts	396	export async function getAgentRuntimeStatus(
src/daemon/install.ts	416	export async function getAgentInstallStatus(label: string = DEFAULT_LAUNCH_LABEL): Promise<AgentInstallStatus> {
src/daemon/install.ts	425	function shortHash(input: string): string {
src/daemon/log.ts	22	export function daemonRoot(): string {
src/daemon/log.ts	26	export function daemonLogPath(): string {
src/daemon/log.ts	36	export function daemonLaunchdOutPath(): string {
src/daemon/log.ts	40	export function daemonLaunchdErrPath(): string {
src/daemon/log.ts	44	export function logMaxBytes(): number {
src/daemon/log.ts	50	export function logKeepCount(): number {
src/daemon/log.ts	63	export async function rotateDaemonLogIfNeeded(path = daemonLogPath(), options: { minKeep?: number } = {}): Promise<boolean> {
src/daemon/log.ts	82	export async function rotateLaunchdLogsIfNeeded(): Promise<void> {
src/daemon/log.ts	91	async function pruneRotatedLogs(basePath: string, minKeep = 0): Promise<void> {
src/daemon/log.ts	116	export async function appendDaemonLog(entry: LogInput, path = daemonLogPath()): Promise<void> {
src/daemon/logs.ts	26	export async function readLastLines(path: string, lines: number, chunkBytes: number = READ_CHUNK): Promise<string[]> {
src/daemon/logs.ts	63	function countNewlineBytes(buffer: Buffer): number {
src/daemon/logs.ts	75	export async function tailDaemonLog(options: TailOptions = {}): Promise<void> {
src/daemon/logs.ts	115	function sleep(ms: number): Promise<void> {
src/daemon/needsInput.ts	51	function parentIsAlive(parent: SessionRecord, currentStates: Map<string, BeeState>): boolean {
src/daemon/needsInput.ts	58	function formatBody(bee: string, pending: PendingNeedsInput): string {
src/daemon/needsInput.ts	70	function openInputFor(record: SessionRecord, pending: PendingNeedsInput): OpenRequestInput {
src/daemon/needsInput.ts	96	export function createNeedsInputDispatcher(): (
src/daemon/nodeReachability.ts	41	export function createNodeReachabilityTracker(deps: NodeReachabilityDeps = {}): NodeReachabilityDispatcher {
src/daemon/observerProcess.ts	25	function observationToWire(observation: HsrObservation): WireObservation {
src/daemon/observerProcess.ts	34	function observationFromWire(observation: WireObservation): HsrObservation {
src/daemon/observerProcess.ts	41	export async function runHsrObserveWorker(input: Readable = process.stdin, output: Writable = process.stdout): Promise<void> {
src/daemon/observerProcess.ts	88	function defaultSpawnChild(): ObserverChild {
src/daemon/observerProcess.ts	104	export function createIsolatedHsrObservations(options: IsolatedObserverOptions = {}): IsolatedHsrObservations {
src/daemon/plist.ts	8	export const DEFAULT_LAUNCH_LABEL = "dev.honeybee.hive";
src/daemon/plist.ts	45	export function renderPlist(options: RenderPlistOptions): string {
src/daemon/plist.ts	149	function escapeXml(value: string): string {
src/daemon/plist.ts	170	export function renderSystemdUnit(options: RenderSystemdUnitOptions): string {
src/daemon/plist.ts	205	function shellEscape(value: string): string {
src/daemon/plist.ts	214	export function launchAgentsDir(): string {
src/daemon/plist.ts	222	export function plistPathForLabel(label: string): string {
src/daemon/poolSweep.ts	104	export function planPoolSweep(input: {
src/daemon/poolSweep.ts	128	export function memberSweepView(members: MemberOccupancy[], baseBranch: string): MemberSweepView[] {
src/daemon/poolSweep.ts	175	export function createPoolSweeper(deps: PoolSweeperDeps = {}): PoolSweeper {
src/daemon/poolSweep.ts	538	export function memberNumberFromPath(path: string, pool: string): number {
src/daemon/poolSweep.ts	552	async function nudgeDepartedBeeParent(input: {
src/daemon/probe.ts	18	export async function defaultProbeNodes(nodes: NodeRecord[]): Promise<ProbeResult> {
src/daemon/probe.ts	50	export async function defaultCapturePanes(records: SessionRecord[], liveTargets: Set<string>): Promise<PaneCaptureMap> {
src/daemon/reAdoption.ts	140	export function isHsrReAdoptionCandidate(record: SessionRecord): boolean {
src/daemon/reAdoption.ts	145	export function isObserverCursorCandidate(record: SessionRecord): boolean {
src/daemon/reAdoption.ts	153	export async function markObserverOffline(options: ObserverOfflineOptions): Promise<CursorMarkerOutcome[]> {
src/daemon/reAdoption.ts	180	export async function markBootCursorsUnverified(options: BootCursorMarkerOptions): Promise<CursorMarkerOutcome[]> {
src/daemon/reAdoption.ts	208	export async function prepareBootCursors(
src/daemon/reAdoption.ts	235	export async function reconcileBootReAdoption(
src/daemon/reAdoption.ts	345	export function sameHsrHostIncarnation(left: HsrMeta, right: HsrMeta): boolean {
src/daemon/reAdoption.ts	352	function controlMeta(value: unknown): HsrMeta | null {
src/daemon/reAdoption.ts	365	function evidenceFor(
src/daemon/reAdoption.ts	389	function uncertain(
src/daemon/reAdoption.ts	419	export async function probeHsrReAdoption(
src/daemon/reAdoption.ts	513	export async function runBootReAdoptionSweep(options: BootReAdoptionOptions): Promise<HsrReAdoptionProbe[]> {
src/daemon/reAdoption.ts	523	export async function probeHsrControl(meta: HsrMeta): Promise<HsrControlProbe> {
src/daemon/reAdoption.ts	549	export async function reassertHsrControlMeta(expected: HsrMeta): Promise<HsrMeta> {
src/daemon/reAdoption.ts	562	function message(error: unknown): string {
src/daemon/requestSweep.ts	83	function cacheEntryFor(requests: InterventionRequestRecord[]): CacheEntry {
src/daemon/requestSweep.ts	91	function isoFromEpochMs(ts: number): string | undefined {
src/daemon/requestSweep.ts	95	export function createRequestReconciler(): RequestReconciler {
src/daemon/rotationResume.ts	73	export function createRotationResumeDispatcher(deps: RotationResumeDeps = {}): (
src/daemon/run.ts	101	export async function runDaemon(options: RunDaemonOptions = {}): Promise<void> {
src/daemon/run.ts	592	function sleep(ms: number, shouldStop: () => boolean): Promise<void> {
src/daemon/runtimeParking.ts	69	function lifecycleEventBelongsToRecord(
src/daemon/runtimeParking.ts	76	function latestRootTurnEnd(record: SessionRecord, observation: HsrObservation): IndexedTurnEnd | undefined {
src/daemon/runtimeParking.ts	88	function aliveObservationProbe(record: SessionRecord, observedAt: string): ProbeEvidence {
src/daemon/runtimeParking.ts	104	function workReconciliationCandidate(
src/daemon/runtimeParking.ts	125	export async function reconcileObservedHsrWork(
src/daemon/runtimeParking.ts	182	function workForObservedState(state: BeeState | undefined): "done" | undefined {
src/daemon/runtimeParking.ts	192	export function selectRuntimeParkingCandidates(
src/daemon/runtimeParking.ts	231	export async function runRuntimeParkingSweep(
src/daemon/runtimeParking.ts	292	export function createRuntimeParkingDispatcher(deps: RuntimeParkingDeps = {}): RuntimeParkingDispatcher {
src/daemon/runtimeRecovery.ts	61	export const DEFAULT_RUNTIME_RECOVERY_CONCURRENCY = 2;
src/daemon/runtimeRecovery.ts	102	function isRuntimeRecoveryLifecycleCandidate(record: SessionRecord): boolean {
src/daemon/runtimeRecovery.ts	114	function sameDeadStreamIncarnation(left: HsrMeta, right: HsrMeta): boolean {
src/daemon/runtimeRecovery.ts	124	async function settleDeadHsrEventStream(
src/daemon/runtimeRecovery.ts	221	export async function reconcileRuntimeDeaths(
src/daemon/runtimeRecovery.ts	378	function latestStartedAttempt(record: RuntimeRecoveryRecord): RuntimeRecoveryAttempt | undefined {
src/daemon/runtimeRecovery.ts	383	function recoveryEvidence(
src/daemon/runtimeRecovery.ts	401	export async function openRecoveryFailedRequest(record: RuntimeRecoveryRecord): Promise<string> {
src/daemon/runtimeRecovery.ts	432	async function publishExhausted(
src/daemon/runtimeRecovery.ts	451	async function publishVerifiedRecoverySuccess(
src/daemon/runtimeRecovery.ts	500	async function runRecoveryCandidate(
src/daemon/runtimeRecovery.ts	626	export async function handleVerifiedBootRuntimeDeath(
src/daemon/runtimeRecovery.ts	653	export async function handleVerifiedBootRuntimeLive(
src/daemon/runtimeRecovery.ts	668	export async function runRuntimeRecoverySweep(
src/daemon/runtimeRecovery.ts	685	export function createRuntimeRecoveryDispatcher(
src/daemon/sentinel.ts	47	export function heartbeatStale(mtimeMs: number | null, fallbackMs: number, nowMs: number, staleMs: number): boolean {
src/daemon/sentinel.ts	52	export async function runSentinel(options: SentinelOptions, deps: SentinelDeps = {}): Promise<"parent-exited" | "killed"> {
src/daemon/sentinel.ts	75	function logKill(options: SentinelOptions): void {
src/daemon/sentinel.ts	96	function readActiveTickDiagnostic(statePath: string): ActiveTickDiagnostic | null {
src/daemon/sentinel.ts	119	function defaultIsAlive(pid: number): boolean {
src/daemon/sentinel.ts	129	function defaultMtimeMs(path: string): number | null {
src/daemon/sessionListProcess.ts	37	function errorMessage(error: unknown): string {
src/daemon/sessionListProcess.ts	41	function defaultReconcileTelemetry(event: ActiveIndexReconcileTelemetry): void {
src/daemon/sessionListProcess.ts	52	export async function runActiveIndexReconcileWorker(): Promise<void> {
src/daemon/sessionListProcess.ts	60	function reconcileActiveIndexIsolated(root: string, signal?: AbortSignal): Promise<number> {
src/daemon/sessionListProcess.ts	119	export async function runSessionListWorker(
src/daemon/sessionListProcess.ts	177	function defaultSpawnChild(): SessionListChild {
src/daemon/sessionListProcess.ts	185	export function createIsolatedSessionLister(options: IsolatedSessionListerOptions = {}): IsolatedSessionLister {
src/daemon/supervision.ts	66	export function createSupervisor(options: CreateSupervisorOptions): Supervisor {
src/daemon/supervision.ts	116	function hardKill(info: BreachInfo, state: DaemonState, safetyNetRelease: () => void): void {
src/daemon/supervision.ts	134	safetyNetRelease();
src/daemon/supervision.ts	143	export function recordFatalDiagnosticSync(
src/daemon/supervision.ts	194	export function spawnSentinel(config: DaemonConfig): ChildProcess {
src/daemon/supervision.ts	216	export function pushRecentError(state: DaemonState, error: Error): void {
src/daemon/taskSupplyDispatcher.ts	64	export function createTaskSupplyDispatcher(deps: TaskSupplyDeps = {}): (
src/daemon/taskSupplyDispatcher.ts	158	async function defaultHasQueuedMessages(record: SessionRecord): Promise<boolean> {
src/daemon/terminalReprobe.ts	86	export async function reprobeTerminalCursors(
src/daemon/terminalReprobe.ts	183	export function selectTerminalReprobeCandidates(records: readonly SessionRecord[]): SessionRecord[] {
src/daemon/terminalReprobe.ts	192	function takeRoundRobin<T>(items: readonly T[], cursor: number, limit: number): { selected: T[]; nextCursor: number } {
src/daemon/terminalReprobe.ts	207	export function createTerminalReprobeSweeper(
src/daemon/tick.ts	447	run(ctx: DispatchContext): Promise<DispatcherOutcomes[K]> | undefined;
src/daemon/tick.ts	449	log(outcome: DispatcherOutcomes[K][number]): LogInput | null;
src/daemon/tick.ts	476	export const tickDispatchers: readonly AnyTickDispatcher[] = [
src/daemon/tick.ts	904	export function emptyDispatcherOutcomes(): DispatcherOutcomes {
src/daemon/tick.ts	935	async function runTickDispatcher<K extends keyof DispatcherOutcomes>(
src/daemon/tick.ts	975	function dispatcherLogEntries<K extends keyof DispatcherOutcomes>(
src/daemon/tick.ts	994	export function logTickResult(result: TickResult): LogInput[] {
src/daemon/tick.ts	1030	export async function tick(
src/daemon/tick.ts	1438	function daemonProbeEvidence(
src/daemon/tick.ts	1473	function heldRuntimeRecoveryState(
src/daemon/tick.ts	1485	function liveHiveStateFor(record: SessionRecord, probe: ProbeResult): string | undefined {
src/daemon/timeouts.ts	40	export function defaultTickTimeouts(): TickTimeouts {
src/daemon/timeouts.ts	51	export function envMs(name: string, fallback: number): number {
src/daemon/timeouts.ts	61	export function withTimeout<T>(promise: Promise<T>, ms: number, label = "operation"): Promise<T> {
src/daemon/timeouts.ts	91	export async function guard<T>(promise: Promise<T>, errors: Error[], fallback: T): Promise<T> {
src/daemon/timeouts.ts	100	export function toError(value: unknown): Error {
src/daemon/tokenRefresh.ts	36	export const DEFAULT_TOKEN_REFRESH_WINDOW_MS = 60 * 60_000;
src/daemon/tokenRefresh.ts	38	export const DEFAULT_TOKEN_REFRESH_COOLDOWN_MS = 60_000;
src/daemon/tokenRefresh.ts	85	function latestAuthExpiredTs(observation: HsrObservation | undefined): number | undefined {
src/daemon/tokenRefresh.ts	98	function isRefreshCandidate(record: SessionRecord): boolean {
src/daemon/tokenRefresh.ts	112	export function createTokenRefresher(deps: TokenRefresherDeps = {}): TokenRefresher {
src/daemon/tokenRefresh.ts	250	function messageOf(error: unknown): string {
src/daemon/usageSampler.ts	78	export function createUsageSampler(deps: UsageSamplerDeps = {}): UsageSampler {
src/daemon/usageSampler.ts	370	function rotateAndLimit<T>(items: readonly T[], cursor: number, limit: number): T[] {
src/daemon/usageSampler.ts	384	async function defaultIsMirroredRemoteBee(record: SessionRecord): Promise<boolean> {
src/daemon/usageSampler.ts	391	async function defaultHsrRuntimeStartedAt(bee: string): Promise<number | undefined> {
src/daemon/usageSampler.ts	401	async function defaultReadTranscriptRows(record: SessionRecord): Promise<{ provider: string; rows: TranscriptRow[] } | null> {
src/daemon/usageSampler.ts	410	function recentPane(pane: string): string {
src/daemon/wiring.ts	55	export function createThrottledTranscriptMetadataRefresh(
src/daemon/wiring.ts	92	function transcriptRefreshCursor(record: SessionRecord): string {
src/daemon/wiring.ts	104	async function transcriptStatKey(
src/daemon/wiring.ts	112	async function defaultTranscriptFileStat(path: string): Promise<TranscriptFileStat | null> {
src/daemon/wiring.ts	126	export function buildDefaultDeps(options: BuildDefaultDepsOptions = {}): TickDeps {
src/daemon/wiring.ts	201	function hasUnfinishedHsrMarker(observation: HsrObservation | undefined): boolean {
src/daemon/workerLaunch.ts	13	export function inheritableExecArgvForDaemonWorker(
src/daemon/workerLaunch.ts	44	export function daemonCliEntryForModule(moduleUrl: string): string {
src/daemon/workerLaunch.ts	53	export function daemonWorkerArgv(command: string, moduleUrl: string): string[] {
src/delivery.ts	45	export async function withRunnableSessionAdmission<T>(
src/delivery.ts	78	export async function assertNoConflictingDeliveryAmbiguityRequest(
src/delivery.ts	118	export async function deliverSessionText(
src/delivery.ts	138	export async function deliverSessionTextInAdmission(
src/deliveryDoubt.ts	29	function beeKey(bee: string): string {
src/deliveryDoubt.ts	33	function idKey(deliveryId: string): string {
src/deliveryDoubt.ts	37	function doubtDir(bee: string): string {
src/deliveryDoubt.ts	41	function doubtPath(bee: string, deliveryId: string): string {
src/deliveryDoubt.ts	45	function doubtLockPath(bee: string): string {
src/deliveryDoubt.ts	49	export function deliveryContentDigest(text: string): string {
src/deliveryDoubt.ts	53	function parseDoubt(raw: string, expectedBee: string): DeliveryDoubtRecord {
src/deliveryDoubt.ts	74	export async function readDeliveryDoubts(bee: string): Promise<DeliveryDoubtRecord[]> {
src/deliveryDoubt.ts	89	export async function readDeliveryDoubt(bee: string, deliveryId: string): Promise<DeliveryDoubtRecord | null> {
src/deliveryDoubt.ts	98	export async function persistDeliveryDoubt(
src/deliveryDoubt.ts	142	export async function persistCanonicalDeliveryStopDoubt(
src/deliveryDoubt.ts	180	export async function assertNoUnresolvedDeliveryDoubt(
src/deliveryDoubt.ts	198	export async function settleDeliveryDoubt(
src/deployRuntime.ts	31	export const RUNTIME_DIR_NAME = "runtime";
src/deployRuntime.ts	32	export const CURRENT_LINK_NAME = "current";
src/deployRuntime.ts	33	export const DEPLOY_HISTORY_FILENAME = "deploys.json";
src/deployRuntime.ts	34	export const DEFAULT_KEEP_VERSIONS = 5;
src/deployRuntime.ts	40	export function runtimeRoot(): string {
src/deployRuntime.ts	138	function isHistoryEntry(value: unknown): value is DeployHistoryEntry {
src/deployRuntime.ts	154	export async function readDeployHistory(root: string): Promise<DeployHistoryEntry[]> {
src/deployRuntime.ts	170	async function appendDeployHistory(root: string, entry: DeployHistoryEntry): Promise<void> {
src/deployRuntime.ts	180	export async function currentDeployTarget(root: string): Promise<string | null> {
src/deployRuntime.ts	197	export function rollbackTargetEntry(
src/deployRuntime.ts	218	async function retargetCurrent(root: string, sha: string): Promise<void> {
src/deployRuntime.ts	230	async function verifyCleanWorkingTree(repoRoot: string): Promise<void> {
src/deployRuntime.ts	241	async function resolveCommit(repoRoot: string, ref: string): Promise<string> {
src/deployRuntime.ts	256	function deployedBy(): string {
src/deployRuntime.ts	277	async function verifyDescendantOfCurrent(
src/deployRuntime.ts	298	export async function deployVersion(options: DeployOptions): Promise<DeployOutcome> {
src/deployRuntime.ts	308	log(`deploy: building ${sha.slice(0, 12)} in a clean temp checkout`);
src/deployRuntime.ts	371	export async function rollbackDeploy(options: RollbackOptions): Promise<RollbackOutcome> {
src/deployRuntime.ts	391	log(`deploy: rolled back ${currentSha.slice(0, 12)} → ${target.sha.slice(0, 12)}`);
src/deployRuntime.ts	402	export async function pruneRuntimeVersions(
src/deploySettle.ts	26	export const BUILD_STAMP_FILENAME = ".build-stamp.json";
src/deploySettle.ts	55	export async function hashDirectoryTree(dir: string): Promise<string> {
src/deploySettle.ts	77	export async function writeBuildStamp(distDir: string): Promise<BuildStamp> {
src/deploySettle.ts	87	export async function readBuildStamp(distDir: string): Promise<BuildStamp | null> {
src/deploySettle.ts	111	export async function waitForSettledInstall(
src/driverIdentityEnv.ts	18	export function driverIdentityEnvKeysForAgent(kind: string): string[] {
src/driverIdentityEnv.ts	23	export function allDriverIdentityEnvKeys(): string[] {
src/drivers.ts	184	export const DEFAULT_BOOT_MS = 10_000;
src/drivers.ts	372	export function agentDriver(kind: string): AgentDriver | undefined {
src/drivers.ts	382	export function agentKinds(): string[] {
src/drivers.ts	390	export function hasAgentDriver(kind: string): boolean {
src/drivers.ts	394	export function homeEnvForAgent(kind: string): string | undefined {
src/drivers.ts	410	export function driverIdentityEnvKeys(): string[] {
src/drivers.ts	414	export function hasTranscriptProvider(kind: string): boolean {
src/drivers.ts	418	export function isDriverReady(kind: string, pane: string): boolean {
src/drivers.ts	422	export function isDriverActive(kind: string, pane: string): boolean {
src/drivers.ts	426	export function identityRecipeForAgent(kind: string): IdentityRecipe | undefined {
src/drivers.ts	438	export function identityEnvForAgent(kind: string, homePath: string): Record<string, string> {
src/drivers.ts	450	export function secretEnvKeysForAgent(kind: string): string[] {
src/drivers.ts	455	export function loginSeatArgsForAgent(kind: string): string[] {
src/drivers.ts	466	function cursorCredentialEnv(homePath: string): Record<string, string> {
src/drivers.ts	484	export function exhaustionForAgent(kind: string, pane: string): ExhaustionHit | null {
src/drivers.ts	494	export function modelArgsForAgent(kind: string, model?: string, provider?: string): string[] {
src/drivers.ts	503	export function systemPromptArgsForAgent(kind: string, text: string): string[] | null {
src/drivers.ts	509	export function preambleChannelForAgent(kind: string): PreambleChannel {
src/drivers.ts	514	export function forkCapabilityForAgent(kind: string): { nativeTip: boolean; threadCopy: boolean } {
src/drivers.ts	520	export function bootMsForAgent(kind: string): number {
src/drivers.ts	529	export function driverDefaultsToYolo(kind: string): boolean {
src/drivers.ts	534	export function autoAliasForcesYolo(kind: string): boolean {
src/drivers.ts	543	export function resumeArgsForAgent(kind: string, providerSessionId?: string): string[] {
src/drivers.ts	551	export function forcedSessionIdArgsForAgent(kind: string, sessionId: string): string[] | null {
src/drivers.ts	563	export function sessionPinResumeExtrasForAgent(kind: string, args: readonly string[]): string[] {
src/drivers.ts	578	export function sessionPinnedInArgs(kind: string, args: readonly string[]): boolean {
src/drivers.ts	586	export function hsrAdapterForAgent(kind: string): RunnerAdapter | undefined {
src/drivers.ts	591	export function defaultsToSoleCredentialedAccount(kind: string): boolean {
src/drivers.ts	597	function matchExhaustion(pane: string, pattern: RegExp): ExhaustionHit | null {
src/drivers.ts	604	function genericReadyCheck(pane: string): boolean {
src/drivers.ts	608	function genericActiveCheck(pane: string): boolean {
src/env.ts	4	export function realUserHome(env: NodeJS.ProcessEnv = process.env): string | undefined {
src/env.ts	20	export function launchEnv(extra: Record<string, string> = {}, base: NodeJS.ProcessEnv = process.env): NodeJS.ProcessEnv {
src/events.ts	26	export function parseLedgerEvent(line: string): LedgerEvent | null {
src/events.ts	43	export function parseSince(raw: string, nowMs: number): number {
src/events.ts	57	function globToRegExp(glob: string): RegExp {
src/events.ts	62	export function matchesEventFilter(event: LedgerEvent, filter: LedgerEventFilter): boolean {
src/events.ts	89	export async function ledgerFilesFor(filter: LedgerEventFilter, path: string = ledgerPath()): Promise<string[]> {
src/events.ts	112	export async function collectLedgerEvents(options: {
src/events.ts	166	export async function followLedgerEvents(options: FollowOptions): Promise<void> {
src/execCheck.ts	12	export async function assertExecutableAvailable(command: string): Promise<void> {
src/execution/adminMethods.ts	44	export const EXECUTION_ADMIN_VERSION = 1;
src/execution/adminMethods.ts	45	export const EXECUTION_ADMIN_CAPABILITY = "executionAdmin";
src/execution/adminMethods.ts	46	export const ADMIN_BIND_METHOD = "executionAdmin.bindLocalAuthorityHost";
src/execution/adminMethods.ts	47	export const ADMIN_REGISTER_METHOD = "executionAdmin.registerWorkingCopy";
src/execution/adminMethods.ts	50	export const ADMIN_MAX_REQUEST_BYTES = 32 * 1024;
src/execution/adminMethods.ts	62	function invalid(message: string): never {
src/execution/adminMethods.ts	66	function asStrictObject(value: unknown, subject: string, allowedKeys: readonly string[]): JsonObject {
src/execution/adminMethods.ts	78	function identifier(doc: JsonObject, subject: string, key: string): string {
src/execution/adminMethods.ts	86	function timestamp(doc: JsonObject, subject: string, key: string): string {
src/execution/adminMethods.ts	92	function sha256Digest(doc: JsonObject, subject: string, key: string): string {
src/execution/adminMethods.ts	98	function positiveEpoch(doc: JsonObject, subject: string, key: string): number {
src/execution/adminMethods.ts	110	function locatorPath(doc: JsonObject, subject: string, key: string): string {
src/execution/adminMethods.ts	130	function parseAdminEnvelope(params: unknown, method: string): { envelope: JsonObject; body: JsonObject } {
src/execution/adminMethods.ts	145	identifier(envelope, method, "requestId");
src/execution/adminMethods.ts	146	timestamp(envelope, method, "issuedAt");
src/execution/adminMethods.ts	169	function bindingFacts(record: ExecutionBindingRecord): JsonObject {
src/execution/adminMethods.ts	184	async function bindLocalAuthorityHost(params: unknown, verify: SignatureVerifier): Promise<JsonObject> {
src/execution/adminMethods.ts	187	asStrictObject(body, subject, [
src/execution/adminMethods.ts	236	async function registerWorkingCopy(params: unknown, verify: SignatureVerifier): Promise<JsonObject> {
src/execution/adminMethods.ts	239	asStrictObject(body, subject, [
src/execution/adminMethods.ts	346	function guarded(fn: (params: unknown) => Promise<JsonObject>): RpcMethodHandler {
src/execution/adminMethods.ts	362	export function createExecutionAdminMethods(options: ExecutionAdminOptions = {}): Record<string, RpcMethodHandler> {
src/execution/archiveRepair.ts	137	function object(value: unknown): Record<string, unknown> | undefined {
src/execution/archiveRepair.ts	143	function timestamp(value: unknown): number | undefined {
src/execution/archiveRepair.ts	149	function refused(
src/execution/archiveRepair.ts	158	function isMatchingArchiveAudit(event: LedgerEvent, beeName: string, archivedEventId: string): boolean {
src/execution/archiveRepair.ts	167	function explicitLifecycleOperation(operations: OperationRecord[]): OperationRecord | undefined {
src/execution/archiveRepair.ts	171	function legacyLeaseCancelEvent(events: StoredRunEvent[]): StoredRunEvent | undefined {
src/execution/archiveRepair.ts	179	function matchingLeaseTerminalEvent(events: StoredRunEvent[]): StoredRunEvent | undefined {
src/execution/archiveRepair.ts	194	function axes(value: unknown): AcceptedTransition["from"] | undefined {
src/execution/archiveRepair.ts	202	function acceptedTransition(event: LedgerEvent, beeName: string): AcceptedTransition | undefined {
src/execution/archiveRepair.ts	223	function archiveCorrectionEvidence(value: unknown): ArchiveCorrectionEvidence | undefined {
src/execution/archiveRepair.ts	242	function exactAxes(
src/execution/archiveRepair.ts	249	function currentReceiptMatches(record: SessionRecord, receipt: BeeTransitionReceipt): boolean {
src/execution/archiveRepair.ts	254	function exactProbe(
src/execution/archiveRepair.ts	264	function exactRecoveryEvidence(
src/execution/archiveRepair.ts	275	function exactHostEpochOnly(events: RunnerEvent[], meta: HsrMeta): boolean {
src/execution/archiveRepair.ts	282	function exactStoppedSuccessorTail(events: RunnerEvent[], meta: HsrMeta): boolean {
src/execution/archiveRepair.ts	291	async function defaultHasQueuedMessages(beeName: string): Promise<boolean> {
src/execution/archiveRepair.ts	299	function exactRecoveryRecord(
src/execution/archiveRepair.ts	313	async function isExactStoppedDaemonMarker(
src/execution/archiveRepair.ts	338	async function inspectCompatibilityOverwrite(
src/execution/archiveRepair.ts	658	async function inspectLegacyLeaseExpiryArchive(
src/execution/archiveRepair.ts	894	function sameCompatibilityProof(left: CompatibilityOverwriteProof, right: CompatibilityOverwriteProof): boolean {
src/execution/archiveRepair.ts	905	async function applyCompatibilityOverwriteRepair(
src/execution/archiveRepair.ts	1142	export async function repairLegacyLeaseExpiryArchive(
src/execution/conformance.ts	40	function asObject(value: JsonValue | undefined): JsonObject | undefined {
src/execution/conformance.ts	45	function stringArray(value: JsonValue | undefined): string[] {
src/execution/conformance.ts	49	function profileSection(contract: ExecutionContract, name: string): JsonObject | undefined {
src/execution/conformance.ts	53	export function runConformance(contract: ExecutionContract = loadExecutionContract()): ConformanceReport {
src/execution/consumerRollout.ts	8	export const APIARY_BUNDLE_IDENTIFIER = "com.trmd.apiary";
src/execution/consumerRollout.ts	9	export const APIARY_TEAM_IDENTIFIER = "4QK8JBAU4V";
src/execution/consumerRollout.ts	10	export const APIARY_DESIGNATED_REQUIREMENT =
src/execution/consumerRollout.ts	60	function object(value: unknown, label: string): Record<string, unknown> {
src/execution/consumerRollout.ts	67	function string(value: unknown, label: string): string {
src/execution/consumerRollout.ts	72	function featureList(value: unknown, label: string): string[] {
src/execution/consumerRollout.ts	89	export function parseExecutionConsumerRollout(value: unknown): ExecutionConsumerRollout {
src/execution/consumerRollout.ts	162	export function assertExecutionConsumerAccepts(
src/execution/consumerRollout.ts	225	export function assertExecutionMaterializationMatches(
src/execution/consumerRollout.ts	269	function codeSignFailure(action: string, result: CodeSignResult): Error {
src/execution/consumerRollout.ts	278	export function verifyInstalledApiaryAppSignature(
src/execution/consumerRollout.ts	313	export function preflightInstalledExecutionConsumer(
src/execution/contract.ts	16	export const EXECUTION_CONTRACT_SCHEMA_ID_BASE = "https://honeybee.dev/contracts/execution/v1/";
src/execution/contract.ts	63	export function executionContractRoot(): string {
src/execution/contract.ts	67	function readJson(path: string): JsonValue {
src/execution/contract.ts	71	function asObject(value: JsonValue, subject: string): JsonObject {
src/execution/contract.ts	78	function walkJsonFiles(dir: string): string[] {
src/execution/contract.ts	88	function pairList(value: JsonValue, subject: string): Array<[string, string]> {
src/execution/contract.ts	98	export function loadExecutionContract(rootDir: string = executionContractRoot()): ExecutionContract {
src/execution/contract.ts	165	export function computeSchemaDigest(contract: ExecutionContract): string {
src/execution/contract.ts	178	export const EXECUTION_VALIDATION_SURFACE_VERSION = 1 as const;
src/execution/contract.ts	180	function requiredField(source: JsonObject, key: string, subject: string): JsonValue {
src/execution/contract.ts	192	export function executionValidationSurface(contract: ExecutionContract): JsonObject {
src/execution/contract.ts	225	export function computeExecutionValidationSurfaceDigest(contract: ExecutionContract): string {
src/execution/contract.ts	230	export function executionBaselineFeatures(contract: ExecutionContract): string[] {
src/execution/contract.ts	252	validate(schemaName: string, value: unknown): ValidationResult;
src/execution/contract.ts	253	hasSchema(schemaName: string): boolean;
src/execution/contract.ts	256	function formatErrors(errors: ErrorObject[] | null | undefined): string[] {
src/execution/contract.ts	260	export function createExecutionValidator(contract: ExecutionContract): ExecutionValidator {
src/execution/contract.ts	290	export function stateMachine(contract: ExecutionContract, entity: string): StateMachine {
src/execution/contract.ts	305	export function isTransitionAllowed(contract: ExecutionContract, entity: string, from: string, to: string): boolean {
src/execution/describe.ts	20	export const NATIVE_PROVIDER_ID = "native-host";
src/execution/describe.ts	21	export const GIT_WORKTREE_MATERIALIZER_ID = "git-worktree";
src/execution/describe.ts	23	export const DESCRIPTOR_TTL_MS = 5 * 60_000;
src/execution/describe.ts	26	export const ADVERTISED_HARNESSES = ["claude", "codex", "opencode", "grok", "kimi"] as const;
src/execution/describe.ts	34	export const SUPPORTED_COMMANDS = ["send", "interrupt"] as const;
src/execution/describe.ts	43	export const PRODUCED_EVENT_TYPES = [
src/execution/describe.ts	77	export async function probeHarness(kind: string, deps: ProbeHarnessDependencies = {}): Promise<{
src/execution/describe.ts	106	export function assertDescribeScope(request: JsonObject, binding: ExecutionBindingRecord): void {
src/execution/describe.ts	115	export async function buildNodeDescriptor(deps: NodeDescriptorDeps): Promise<JsonObject> {
src/execution/describe.ts	187	export function nativeIsolationManifest(): JsonObject {
src/execution/envelope.ts	35	export function validateOperationEnvelope(request: JsonValue, deps: OperationEnvelopeDeps): ValidatedOperationEnvelope {
src/execution/envelope.ts	91	export function assertRunBinding(reservation: RunReservation, authority: JsonObject): void {
src/execution/envelope.ts	109	export function assertLeaseNotExpired(reservation: RunReservation, now: Date): void {
src/execution/errors.ts	33	export class ExecutionProtocolError extends Error {
src/execution/errors.ts	39	constructor(
src/execution/errors.ts	53	toWire(): ExecutionErrorWire {
src/execution/errors.ts	71	export class IndeterminateExecutionError extends ExecutionProtocolError {
src/execution/errors.ts	74	constructor(code: ExecutionErrorCode, message: string, cause: string, details?: JsonValue) {
src/execution/errors.ts	81	export function executionError(
src/execution/errors.ts	90	export function indeterminateExecutionError(
src/execution/errors.ts	100	export function toWireError(error: unknown): ExecutionErrorWire {
src/execution/evidence.ts	38	function evidenceDir(runId: string): string {
src/execution/evidence.ts	43	export async function putEvidence(runId: string, bytes: Buffer | string): Promise<StoredEvidence> {
src/execution/evidence.ts	56	export function resolveEvidenceToken(token: string): { runKey: string; sha256hex: string; path: string } {
src/execution/evidence.ts	65	export async function readEvidence(token: string): Promise<Buffer> {
src/execution/evidence.ts	84	async function git(cwd: string, args: string[]): Promise<string> {
src/execution/evidence.ts	95	export async function collectGitDiffMetadata(copy: WorkingCopyRecord, generatedAt: string): Promise<JsonObject> {
src/execution/evidence.ts	141	export async function readRunLogBytes(runId: string): Promise<Buffer | null> {
src/execution/evidence.ts	151	export async function readTranscriptBytes(beeName: string): Promise<Buffer | null> {
src/execution/harnessControl.ts	23	export class HarnessDispatchError extends Error {
src/execution/harnessControl.ts	25	constructor(outcome: DispatchFailureOutcome, message: string) {
src/execution/harnessControl.ts	39	send(beeName: string, text: string, deliveryId: string): Promise<void>;
src/execution/harnessControl.ts	40	answer(beeName: string, inputRequestId: string, answer: JsonValue): Promise<void>;
src/execution/harnessControl.ts	41	interrupt(beeName: string, reason?: string): Promise<void>;
src/execution/harnessControl.ts	43	pendingInputId(beeName: string): Promise<string | null>;
src/execution/harnessControl.ts	45	stop(beeName: string): Promise<HarnessStopResult>;
src/execution/harnessControl.ts	50	async function liveMeta(beeName: string, options: HsrHarnessControlOptions): Promise<HsrMeta | null> {
src/execution/harnessControl.ts	61	async function initialHostStopped(
src/execution/harnessControl.ts	78	function classifyCallFailure(error: unknown): DispatchFailureOutcome {
src/execution/harnessControl.ts	84	async function callControl(
src/execution/harnessControl.ts	116	export function hsrHarnessControl(options: HsrHarnessControlOptions = {}): HarnessControl {
src/execution/harnessPolicy.ts	21	export function executionReasoningArgs(
src/execution/hello.ts	9	export const SERVER_PRODUCT = "honeybee";
src/execution/hello.ts	11	export const SERVER_VERSION = "0.0.1";
src/execution/hello.ts	19	function stringArray(value: JsonValue | undefined): string[] {
src/execution/hello.ts	24	export function supportedFeatures(contract: ExecutionContract): string[] {
src/execution/hello.ts	32	function protocolVersion(contract: ExecutionContract): string {
src/execution/hello.ts	42	function rangeCompatible(range: string, serverVersion: string): boolean {
src/execution/hello.ts	53	export function negotiateHello(
src/execution/launcher.ts	30	function asObject(value: JsonValue | undefined): JsonObject | undefined {
src/execution/launcher.ts	63	export function resolveHsrHarnessLaunchConfig(intent: JsonObject): HsrHarnessLaunchConfig {
src/execution/launcher.ts	72	executionReasoningArgs(driverId, model, reasoning);
src/execution/launcher.ts	101	export function buildHsrSpawnFlags(
src/execution/launcher.ts	121	export function buildHsrHarnessArgs(config: HsrHarnessLaunchConfig): string[] {
src/execution/launcher.ts	137	export async function materializeExplicitPlacement(
src/execution/launcher.ts	186	export function environmentFactsForWorkingCopy(
src/execution/launcher.ts	216	export async function recoverExplicitPlacementEnvironment(
src/execution/launcher.ts	257	export function createHsrRunLauncher(deps: HsrRunLauncherDependencies): RunLauncher {
src/execution/localCredentials.ts	9	export const LOCAL_GITHUB_SESSION_LEASE_PREFIX = "local-gh-session-v1:";
src/execution/localCredentials.ts	11	export function localGithubSessionCredentialLeaseId(runId: string): string {
src/execution/localCredentials.ts	16	export function hasExactLocalGithubSessionCredentialLease(
src/execution/nodeState.ts	20	export function executionRoot(): string {
src/execution/nodeState.ts	24	export async function ensureExecutionRoot(): Promise<void> {
src/execution/nodeState.ts	42	function identityPath(): string {
src/execution/nodeState.ts	47	function mintNodeId(): string {
src/execution/nodeState.ts	53	function parseIdentity(raw: string): ExecutionNodeIdentity {
src/execution/nodeState.ts	81	export async function loadNodeIdentity(): Promise<ExecutionNodeIdentity> {
src/execution/nodeState.ts	149	function bindingPath(): string {
src/execution/nodeState.ts	163	function buildBindingRecord(input: InstallBindingInput): ExecutionBindingRecord {
src/execution/nodeState.ts	199	export async function installLocalAuthorityHostBinding(input: InstallBindingInput): Promise<ExecutionBindingRecord> {
src/execution/nodeState.ts	218	export async function bindLocalAuthorityHostFirstUse(input: InstallBindingInput): Promise<FirstUseBindOutcome> {
src/execution/nodeState.ts	252	export async function readExecutionBinding(): Promise<ExecutionBindingRecord | null> {
src/execution/nodeState.ts	292	export async function requireExecutionBinding(): Promise<ExecutionBindingRecord> {
src/execution/nodeState.ts	301	export function bindingRefMatches(installed: LocalAuthorityHostBindingRef, ref: JsonValue): boolean {
src/execution/operations.ts	73	evidence(beeName: string): Promise<{ sessionExists: boolean; stampedRunId?: string }>;
src/execution/operations.ts	112	settle(reservation: RunReservation): Promise<{ reservation: RunReservation; state: string }>;
src/execution/operations.ts	113	origin(extra?: { driverId?: string; providerId?: string }): Promise<{ nodeId: string; driverId?: string; providerId?: string }>;
src/execution/operations.ts	117	runCommand(request: JsonValue): Promise<JsonObject>;
src/execution/operations.ts	118	runCancel(request: JsonValue): Promise<JsonObject>;
src/execution/operations.ts	119	runCollect(request: JsonValue): Promise<JsonObject>;
src/execution/operations.ts	120	runRetain(request: JsonValue): Promise<JsonObject>;
src/execution/operations.ts	121	runRelease(request: JsonValue): Promise<JsonObject>;
src/execution/operations.ts	123	reconcileOperations(runId: string): Promise<void>;
src/execution/operations.ts	127	export const DEFAULT_OPERATION_ATTEMPT_LEASE_MS = 15_000;
src/execution/operations.ts	130	function asObject(value: JsonValue | undefined): JsonObject | undefined {
src/execution/operations.ts	135	function isLeaseParkedTerminal(reservation: RunReservation): boolean {
src/execution/operations.ts	139	export function createRunOperations(deps: RunOperationsDeps): RunOperations {
src/execution/opsStore.ts	135	function opsDir(runId: string): string {
src/execution/opsStore.ts	139	function opPath(runId: string, effectKey: string): string {
src/execution/opsStore.ts	143	function parseOperation(raw: string, subject: string): OperationRecord {
src/execution/opsStore.ts	183	export async function readOperation(runId: string, effectKey: string): Promise<OperationRecord | null> {
src/execution/opsStore.ts	199	export async function listOperations(runId: string): Promise<OperationRecord[]> {
src/execution/opsStore.ts	221	async function writeOperation(record: OperationRecord): Promise<void> {
src/execution/opsStore.ts	253	export async function admitOperation(input: OperationAdmissionInput): Promise<OperationAdmission> {
src/execution/opsStore.ts	354	export async function mutateOperation(
src/execution/opsStore.ts	374	export async function setOperationResult(
src/execution/production.ts	10	export async function createProductionExecutionService(): Promise<ExecutionService> {
src/execution/production.ts	26	export function createProductionExecutionServiceProvider(): ExecutionServiceProvider {
src/execution/rpcMethods.ts	23	onDisconnect(ctx: RpcConnectionCtx): void;
src/execution/rpcMethods.ts	26	export function createExecutionRpcMethods(service: () => ExecutionService | Promise<ExecutionService>): ExecutionRpcMethods {
src/execution/runStart.ts	19	export const KIT_PROFILE_CAPABILITY = "kit/profile";
src/execution/runStart.ts	50	export function assertLeaseWindow(lease: JsonObject, now: Date): void {
src/execution/runStart.ts	59	export function supportedCapabilities(): Set<string> {
src/execution/runStart.ts	67	function asObject(value: JsonValue | undefined): JsonObject | undefined {
src/execution/runStart.ts	72	function canonicalEquals(a: JsonValue, b: JsonValue): boolean {
src/execution/runStart.ts	86	export function assertSupportedExecutionLeasePolicy(lease: JsonObject): void {
src/execution/runStart.ts	128	export function assertSupportedExecutionIntentPolicy(intent: JsonObject): void {
src/execution/runStart.ts	192	export function validateRunStart(request: JsonValue, deps: RunStartValidationDeps): ValidatedRunStart {
src/execution/runStart.ts	292	assertSupportedExecutionIntentPolicy(intent);
src/execution/runStart.ts	331	assertSupportedExecutionLeasePolicy(lease);
src/execution/runStore.ts	39	function sha256hex(value: string): string {
src/execution/runStore.ts	44	export function runKey(runId: string): string {
src/execution/runStore.ts	48	export function runDir(runId: string): string {
src/execution/runStore.ts	52	function reservationPath(runId: string): string {
src/execution/runStore.ts	56	function eventsPath(runId: string): string {
src/execution/runStore.ts	60	function eventsLockPath(runId: string): string {
src/execution/runStore.ts	64	function effectIndexPath(effectKey: string): string {
src/execution/runStore.ts	69	export function admissionLockPath(): string {
src/execution/runStore.ts	228	export function enterLossEpisode(record: RunReservation, cause: string, observedAt: string): RunReservation {
src/execution/runStore.ts	243	export function clearLossEpisode(record: RunReservation): RunReservation {
src/execution/runStore.ts	254	export function lossEpisodePayload(record: RunReservation, payload: JsonObject): JsonObject {
src/execution/runStore.ts	277	export function beeNameForRun(runId: string): string {
src/execution/runStore.ts	282	export function receiptIdFor(effectKey: string, requestDigest: string): string {
src/execution/runStore.ts	287	export function effectKeyHash(effectKey: string): string {
src/execution/runStore.ts	296	export async function readReservation(runId: string): Promise<RunReservation | null> {
src/execution/runStore.ts	358	export async function listRunReservationInventory(options: {
src/execution/runStore.ts	422	function isValidInitiator(value: unknown): value is { kind: string; id: string } {
src/execution/runStore.ts	428	function isValidPersistedLease(value: unknown, reservation: Record<string, unknown>): value is JsonObject {
src/execution/runStore.ts	446	function isValidLaunchAttempt(value: unknown): value is RunLaunchAttempt {
src/execution/runStore.ts	465	function isValidLaunchOccupancyCleanup(value: unknown): value is RunLaunchOccupancyCleanup {
src/execution/runStore.ts	484	async function writeReservation(reservation: RunReservation): Promise<void> {
src/execution/runStore.ts	491	export async function readEffectIndex(effectKey: string): Promise<EffectIndexEntry | null> {
src/execution/runStore.ts	511	export async function writeEffectIndex(entry: EffectIndexEntry): Promise<void> {
src/execution/runStore.ts	522	export async function ensureRunReservationIndexed(reservation: RunReservation): Promise<RunReservation> {
src/execution/runStore.ts	598	export async function admitRunStart(input: AdmissionInput): Promise<AdmissionOutcome> {
src/execution/runStore.ts	710	export async function mutateReservation(
src/execution/runStore.ts	742	export async function claimRunLaunchAttempt(
src/execution/runStore.ts	831	export async function activateRunLaunchAttempt(
src/execution/runStore.ts	854	export async function commitRunLaunchStarted(
src/execution/runStore.ts	883	export function launchAttemptOwns(record: RunReservation, attemptId: string): boolean {
src/execution/runStore.ts	895	function explicitWorkingCopyId(reservation: RunReservation): string | undefined {
src/execution/runStore.ts	904	function scheduleLaunchOccupancyCleanup(
src/execution/runStore.ts	937	export async function reconcileRunLaunchOccupancyCleanup(
src/execution/runStore.ts	981	export async function commitRunTerminalResult(
src/execution/runStore.ts	1051	export function eventFamilyKey(type: string, payload: JsonValue): string {
src/execution/runStore.ts	1084	export const RUN_TERMINAL_EVENT_TYPES = ["run.completed", "run.failed", "run.cancelled"] as const;
src/execution/runStore.ts	1088	function terminalEventType(outcome: RunTerminalOutcome): RunTerminalEventType {
src/execution/runStore.ts	1092	function terminalEventPayload(result: RunTerminalResult): JsonObject {
src/execution/runStore.ts	1113	function parseEventLog(runId: string, raw: string): ParsedEventLog {
src/execution/runStore.ts	1153	async function readEventLog(runId: string): Promise<ParsedEventLog> {
src/execution/runStore.ts	1164	export async function readRunEvents(runId: string): Promise<StoredRunEvent[]> {
src/execution/runStore.ts	1185	function acceptedSemanticPayload(payload: JsonValue): JsonValue {
src/execution/runStore.ts	1192	export function acceptedCursorResetThroughSeq(events: StoredRunEvent[]): number | null {
src/execution/runStore.ts	1212	function finishRewrittenEventGeneration(
src/execution/runStore.ts	1284	export async function ensureRunAcceptedFirst(
src/execution/runStore.ts	1378	export async function appendRunEvents(
src/execution/runStore.ts	1541	export async function appendRunLossEpisodeEvents(
src/execution/runStore.ts	1587	export async function appendRunTerminalEvents(
src/execution/runStore.ts	1729	export async function lastEventSeq(runId: string): Promise<number> {
src/execution/runStore.ts	1748	export const LAUNCH_EVIDENCE_GRACE_MS = 15_000;
src/execution/runStore.ts	1766	export function classifyLaunch(
src/execution/runtimeSettlement.ts	62	export function exactPublishedExecutionRecord(
src/execution/runtimeSettlement.ts	76	async function stopRuntime(runtime: SpawnedRuntimeHandle): Promise<SpawnRuntimeCleanup> {
src/execution/runtimeSettlement.ts	84	function unresolved(
src/execution/runtimeSettlement.ts	105	export async function stopAndSettleExecutionRuntime(
src/execution/runtimeSettlement.ts	252	function exactExecutionSession(owner: ExecutionSessionOwner, record: SessionRecord): boolean {
src/execution/runtimeSettlement.ts	258	function isExactParkedExecutionSession(owner: ExecutionSessionOwner, record: SessionRecord): boolean {
src/execution/runtimeSettlement.ts	279	export async function parkExpiredExecutionSession(
src/execution/runtimeSettlement.ts	392	export async function stopAndRetireExecutionSession(
src/execution/service.ts	131	evidence(beeName: string): Promise<LaunchEvidence>;
src/execution/service.ts	133	outcome(beeName: string): Promise<{ live: boolean; exitCode?: number | null } | null>;
src/execution/service.ts	201	hello(request: JsonValue): HelloResult;
src/execution/service.ts	202	describe(request: JsonValue): Promise<NonEffectResult>;
src/execution/service.ts	203	runStart(request: JsonValue): Promise<JsonObject>;
src/execution/service.ts	204	runGet(request: JsonValue): Promise<NonEffectResult>;
src/execution/service.ts	205	runEvents(request: JsonValue): Promise<NonEffectResult>;
src/execution/service.ts	206	runCommand(request: JsonValue): Promise<JsonObject>;
src/execution/service.ts	207	runCancel(request: JsonValue): Promise<JsonObject>;
src/execution/service.ts	208	runCollect(request: JsonValue): Promise<JsonObject>;
src/execution/service.ts	209	runRetain(request: JsonValue): Promise<JsonObject>;
src/execution/service.ts	210	runRelease(request: JsonValue): Promise<JsonObject>;
src/execution/service.ts	212	reconcileInventory(options?: { afterDirectory?: string; limit?: number }): Promise<ExecutionInventoryPage>;
src/execution/service.ts	220	export async function inspectRunLaunchOwner(
src/execution/service.ts	242	export async function retireExecutionSessionRecord(
src/execution/service.ts	279	export function createExecutionService(options: ExecutionServiceOptions): ExecutionService {
src/execution/service.ts	1737	export function storeSessionEvidenceSource(): SessionEvidenceSource {
src/execution/signing.ts	10	export const SIGNATURE_PREFIX = "ed25519:";
src/execution/signing.ts	19	export function generateExecutionKeyPair(): ExecutionKeyPair {
src/execution/signing.ts	27	function toPrivateKey(privateKeyB64: string): KeyObject {
src/execution/signing.ts	31	function toPublicKey(publicKeyB64: string): KeyObject {
src/execution/signing.ts	36	export function publicKeyFingerprint(publicKeyB64: string): string {
src/execution/signing.ts	41	export function isEd25519PublicKey(publicKeyB64: string): boolean {
src/execution/signing.ts	49	function canonicalUnsignedBytes(document: Record<string, JsonValue>): Buffer {
src/execution/signing.ts	55	export function signCanonical(privateKeyB64: string, document: Record<string, JsonValue>): string {
src/execution/signing.ts	61	export function verifyCanonicalSignature(publicKeyB64: string, document: Record<string, JsonValue>): boolean {
src/execution/workingCopies.ts	34	function registryPath(): string {
src/execution/workingCopies.ts	38	function lockPath(): string {
src/execution/workingCopies.ts	42	function occupancyLockPath(workingCopyId: string): string {
src/execution/workingCopies.ts	53	export async function withWorkingCopyOccupancyLock<T>(workingCopyId: string, action: () => Promise<T>): Promise<T> {
src/execution/workingCopies.ts	63	async function readRegistry(): Promise<WorkingCopyFile> {
src/execution/workingCopies.ts	87	async function mutateRegistry<T>(mutate: (file: WorkingCopyFile) => T): Promise<T> {
src/execution/workingCopies.ts	108	function contentOf(record: Pick<WorkingCopyRecord, "productId" | "path" | "snapshotDigest" | "origin" | "revision" | "branch">): string {
src/execution/workingCopies.ts	126	export async function registerWorkingCopy(input: RegisterWorkingCopyInput): Promise<WorkingCopyRecord> {
src/execution/workingCopies.ts	133	export async function registerWorkingCopyIdempotent(input: RegisterWorkingCopyInput): Promise<RegisterWorkingCopyOutcome> {
src/execution/workingCopies.ts	169	export async function readWorkingCopy(workingCopyId: string): Promise<WorkingCopyRecord | null> {
src/execution/workingCopies.ts	180	export async function claimWorkingCopy(workingCopyId: string, runId: string): Promise<WorkingCopyRecord> {
src/execution/workingCopies.ts	203	export async function releaseWorkingCopy(workingCopyId: string, runId: string): Promise<void> {
src/fleet.ts	29	function keysOf(record: SessionRecord): string[] {
src/fleet.ts	41	export function parentEdgeOf(record: SessionRecord, opts?: { includeForks?: boolean }): { ref: string; edge: FleetEdge } | null {
src/fleet.ts	49	export function findSession(ref: string, sessions: SessionRecord[]): SessionRecord | undefined {
src/fleet.ts	60	function buildIndex(sessions: SessionRecord[], opts?: { includeForks?: boolean }): BuildResult {
src/fleet.ts	86	export function fleetTree(rootRef: string, sessions: SessionRecord[], opts?: { includeForks?: boolean }): FleetNode | null {
src/fleet.ts	110	attach(root, 0);
src/fleet.ts	115	export function flattenFleet(root: FleetNode): FleetNode[] {
src/fleet.ts	121	walk(root);
src/fleet.ts	129	export function fleetDescendants(rootRef: string, sessions: SessionRecord[], opts?: { includeForks?: boolean }): FleetNode[] {
src/fleet.ts	141	export function fleetForest(sessions: SessionRecord[], opts?: { includeForks?: boolean }): FleetNode[] {
src/flight/capacity.ts	75	acquire(request: FlightCapacityAcquireRequest): Promise<FlightCapacityAcquired | FlightCapacityUnavailable>;
src/flight/capacity.ts	76	lookup(idempotencyKey: string): Promise<{ leaseId: string; beeName: string; beeId?: string } | null>;
src/flight/capacity.ts	77	release(leaseId: string, reason: "done" | "failed" | "cancelled"): Promise<void>;
src/flight/capacity.ts	103	function leasesDir(flightId: string): string {
src/flight/capacity.ts	107	function leasePath(flightId: string, idempotencyKey: string): string {
src/flight/capacity.ts	111	async function writeLease(lease: FlightLeaseRecord): Promise<void> {
src/flight/capacity.ts	116	export async function readLease(flightId: string, idempotencyKey: string): Promise<FlightLeaseRecord | null> {
src/flight/capacity.ts	125	export async function listLeases(flightId: string): Promise<FlightLeaseRecord[]> {
src/flight/capacity.ts	140	async function findLeaseById(leaseId: string, listFlightIds: () => Promise<string[]>): Promise<FlightLeaseRecord | null> {
src/flight/capacity.ts	173	export function createFlightCapacityProvider(overrides: Partial<FlightCapacityDeps> = {}): FlightCapacityProvider {
src/flight/controller.ts	100	function validDateMs(value: number): boolean {
src/flight/controller.ts	104	export function hsrActivitySignal(
src/flight/controller.ts	116	export function trustedHsrObservationSource(
src/flight/controller.ts	129	export function paneActivitySignal(record: Pick<SessionRecord, "name">, pane: string, atMs: number): BeeActivitySignal {
src/flight/controller.ts	148	export async function sweepFlights(
src/flight/controller.ts	173	async function sweepOneFlight(
src/flight/controller.ts	670	export function stallNudgeText(flight: FlightRecord, slot: SlotRecord): string {
src/flight/machine.ts	57	export function judgeSeal(slot: SlotRecord, seal: SlotSealObservation | null | undefined): ActivationEvidenceVerdict {
src/flight/machine.ts	71	export function planSlot(flight: FlightRecord, slot: SlotRecord, evidence: SlotEvidence, nowMs: number): SlotPlan {
src/flight/machine.ts	316	transition("working");
src/flight/machine.ts	328	function stall(
src/flight/spawnSlotBee.ts	23	export async function spawnSlotBee(
src/flight/store.ts	24	export function flightsRoot(): string {
src/flight/store.ts	28	export function flightDir(flightId: string): string {
src/flight/store.ts	32	function flightPath(flightId: string): string {
src/flight/store.ts	36	function slotsDir(flightId: string): string {
src/flight/store.ts	40	function slotPath(flightId: string, slotId: string): string {
src/flight/store.ts	44	export function allocateFlightId(): string {
src/flight/store.ts	48	export async function saveFlight(flight: FlightRecord): Promise<void> {
src/flight/store.ts	53	export async function saveSlot(slot: SlotRecord): Promise<void> {
src/flight/store.ts	58	export async function loadFlight(flightId: string): Promise<FlightRecord | null> {
src/flight/store.ts	66	export async function listFlights(): Promise<FlightRecord[]> {
src/flight/store.ts	77	export async function listSlots(flightId: string): Promise<SlotRecord[]> {
src/flight/store.ts	92	export async function deleteFlight(flightId: string): Promise<void> {
src/flight/store.ts	110	function queueDir(flightId: string, bucket: TaskBucket): string {
src/flight/store.ts	114	function taskFilename(taskId: string): string {
src/flight/store.ts	118	async function writeTask(flightId: string, bucket: TaskBucket, task: FlightTaskPacket): Promise<void> {
src/flight/store.ts	124	export async function enqueueTask(flightId: string, task: Omit<FlightTaskPacket, "enqueuedAt"> & { enqueuedAt?: string }): Promise<FlightTaskPacket> {
src/flight/store.ts	135	export async function readTask(flightId: string, bucket: TaskBucket, taskId: string): Promise<FlightTaskPacket | null> {
src/flight/store.ts	143	export async function listTasks(flightId: string, bucket: TaskBucket): Promise<FlightTaskPacket[]> {
src/flight/store.ts	159	export async function taskCounts(flightId: string): Promise<TaskCounts> {
src/flight/store.ts	168	export async function isQueueBacked(flightId: string): Promise<boolean> {
src/flight/store.ts	178	export async function claimNextTask(
src/flight/store.ts	196	export async function leasedTaskForSlot(flightId: string, slotId: string): Promise<FlightTaskPacket | null> {
src/flight/store.ts	202	export async function finishTask(
src/flight/store.ts	220	export async function requeueTask(flightId: string, taskId: string): Promise<FlightTaskPacket> {
src/flight/store.ts	232	function normalizeTask(value: unknown): FlightTaskPacket | null {
src/flight/store.ts	258	function normalizeFlight(value: unknown): FlightRecord | null {
src/flight/store.ts	314	function normalizeSlot(value: unknown): SlotRecord | null {
src/flight/types.ts	64	export const SLOT_STATES = [
src/flight/types.ts	85	export const SLOT_BOOTING_STATES: readonly SlotState[] = ["provisioning", "booting"];
src/flight/types.ts	88	export const SLOT_TERMINAL_STATES: readonly SlotState[] = ["done", "abandoned"];
src/flight/types.ts	91	export const SLOT_COMPLETION_STATES: readonly SlotState[] = ["done", "abandoned", "drained"];
src/flight/types.ts	162	export function slotTaskId(flightId: string, slotId: string): string {
src/flight/types.ts	170	export function slotContractTaskId(slot: Pick<SlotRecord, "flightId" | "slotId" | "taskId">): string {
src/flight/types.ts	183	export function slotBeeName(flightId: string, slotId: string, generation: number, attempt: number): string {
src/flight/types.ts	189	export function slotIdempotencyKey(flightId: string, slotId: string, generation: number, attempt: number): string {
src/flight/types.ts	193	export const FLIGHT_CONTRACT_DEFAULTS: FlightContractSpec = {
src/flight/types.ts	201	export const FLIGHT_REPLACEMENT_DEFAULTS: FlightReplacementSpec = {
src/flight/types.ts	206	export const TASK_BUCKETS = ["pending", "leased", "done", "failed"] as const;
src/flow/background.ts	39	async function resolveEntry(): Promise<string> {
src/flow/background.ts	75	export const DETACHED_RUN_ENV = "HIVE_FLOW_DETACHED";
src/flow/background.ts	78	function inheritableExecArgv(): string[] {
src/flow/background.ts	97	export async function spawnDetachedRun(
src/flow/background.ts	230	export async function cancelRun(
src/flow/background.ts	326	function sleep(ms: number): Promise<void> {
src/flow/background.ts	334	export async function runDirExists(flowName: string, runId: string): Promise<boolean> {
src/flow/hive_facade.ts	85	export class HiveFacade {
src/flow/hive_facade.ts	96	constructor(options: HiveFacadeOptions) {
src/flow/hive_facade.ts	107	spawnedNames(): string[] {
src/flow/hive_facade.ts	117	untrack(name: string): boolean {
src/flow/hive_facade.ts	128	async spawn(spec: FlowSpawnInput): Promise<BeeHandle> {
src/flow/hive_facade.ts	177	async send(target: BeeRef, text: string): Promise<void> {
src/flow/hive_facade.ts	190	async brief(target: BeeRef, text: string): Promise<void> {
src/flow/hive_facade.ts	207	async wait(target: BeeRef, options: FacadeWaitOptions = {}): Promise<void> {
src/flow/hive_facade.ts	225	async waitForSeal(target: BeeRef, options: FacadeSealOptions = {}): Promise<SealRecord> {
src/flow/hive_facade.ts	245	async kill(target: BeeRef): Promise<void> {
src/flow/hive_facade.ts	259	async seal(target: BeeRef, artifactPath: string): Promise<SealRecord> {
src/flow/hive_facade.ts	273	async collect(target: BeeRef): Promise<SealRecord | null> {
src/flow/hive_facade.ts	280	async log(message: string): Promise<void> {
src/flow/hive_facade.ts	288	async buzSend(
src/flow/hive_facade.ts	312	async buzInbox(target: BeeRef): Promise<BuzMessage[]> {
src/flow/hive_facade.ts	322	async buzAwait(target: BeeRef, options: { timeoutMs?: number; pollMs?: number } = {}): Promise<BuzMessage> {
src/flow/hive_facade.ts	344	async killAll(): Promise<{ killed: string[]; failed: { name: string; error: string }[] }> {
src/flow/hive_facade.ts	370	private assertNotAborted(): void {
src/flow/hive_facade.ts	379	private async resolveRecord(target: BeeRef): Promise<SessionRecord> {
src/flow/hive_facade.ts	399	function resolveNode(name: string | undefined): NodeRecord | undefined {
src/flow/hive_facade.ts	406	function sleep(ms: number) {
src/flow/index.ts	70	spawn(spec: FlowSpawnInput): Promise<BeeHandle>;
src/flow/index.ts	71	send(target: BeeHandle | string, text: string): Promise<void>;
src/flow/index.ts	72	brief(target: BeeHandle | string, text: string): Promise<void>;
src/flow/index.ts	73	waitForSeal(target: BeeHandle | string, options?: { timeoutMs?: number }): Promise<unknown>;
src/flow/index.ts	74	wait(target: BeeHandle | string, options?: { idleMs?: number; timeoutMs?: number }): Promise<void>;
src/flow/index.ts	75	kill(target: BeeHandle | string): Promise<void>;
src/flow/index.ts	76	seal(target: BeeHandle | string, artifactPath: string): Promise<unknown>;
src/flow/index.ts	77	log(message: string): Promise<void> | void;
src/flow/index.ts	119	export function validFlowName(name: string): boolean {
src/flow/index.ts	129	export function defineFlow(spec: FlowSpec): Flow {
src/flow/index.ts	149	function normalizeArgs(value: unknown, flowName: string): FlowArg[] {
src/flow/index.ts	181	export const BUILTIN_FLOW_NAMES = Object.keys(BUILTIN_FLOW_LOADERS);
src/flow/index.ts	183	function isBuiltinFlow(name: string): boolean {
src/flow/index.ts	191	export async function listFlows(): Promise<Flow[]> {
src/flow/index.ts	222	function unloadableFlow(name: string, error: unknown): Flow {
src/flow/index.ts	235	export async function loadFlow(name: string): Promise<Flow | null> {
src/flow/index.ts	269	export async function flowExists(name: string): Promise<boolean> {
src/flow/index.ts	277	export async function defineFlowFromFile(sourcePath: string, nameOverride?: string): Promise<Flow> {
src/flow/index.ts	320	export async function loadFlowSource(name: string): Promise<string | null> {
src/flow/index.ts	332	export async function removeFlow(name: string): Promise<boolean> {
src/flow/index.ts	358	export function validateFlow(value: unknown, expectedName?: string): Flow {
src/flow/index.ts	387	async function loadTsModule(path: string): Promise<unknown> {
src/flow/index.ts	391	async function pathExists(path: string): Promise<boolean> {
src/flow/index.ts	395	async function ensureDir(): Promise<void> {
src/flow/index.ts	399	function flowsDir(): string {
src/flow/index.ts	403	function flowFilePath(name: string, extension: ".json" | ".ts"): string {
src/flow/index.ts	407	function flowSourcePath(name: string): string {
src/flow/json.ts	94	export function parseJsonFlow(value: unknown, options: ParseOptions = {}): Flow {
src/flow/json.ts	124	function normalizeArgs(value: unknown, flowName: string): FlowArg[] {
src/flow/json.ts	140	function validateStep(value: unknown, index: number, flowName: string): JsonFlowOp {
src/flow/json.ts	157	function isJsonFlowOpName(op: string): op is JsonFlowOpName {
src/flow/json.ts	161	function validateSpawn(step: Record<string, unknown>, index: number, flowName: string): SpawnJsonFlowOp {
src/flow/json.ts	183	function validateSend(step: Record<string, unknown>, index: number, flowName: string): SendJsonFlowOp {
src/flow/json.ts	187	function validateBrief(step: Record<string, unknown>, index: number, flowName: string): BriefJsonFlowOp {
src/flow/json.ts	191	function validateSendLike(
src/flow/json.ts	197	function validateSendLike(
src/flow/json.ts	203	function validateSendLike(
src/flow/json.ts	220	function validateWaitForSeal(step: Record<string, unknown>, index: number, flowName: string): WaitForSealJsonFlowOp {
src/flow/json.ts	235	function validateWait(step: Record<string, unknown>, index: number, flowName: string): WaitJsonFlowOp {
src/flow/json.ts	253	function validateKill(step: Record<string, unknown>, index: number, flowName: string): KillJsonFlowOp {
src/flow/json.ts	261	function validateSeal(step: Record<string, unknown>, index: number, flowName: string): SealJsonFlowOp {
src/flow/json.ts	273	function validateLog(step: Record<string, unknown>, index: number, flowName: string): LogJsonFlowOp {
src/flow/json.ts	281	function validateReturn(step: Record<string, unknown>): ReturnJsonFlowOp {
src/flow/json.ts	289	function compileSteps(steps: JsonFlowOp[], flowName: string): Flow["run"] {
src/flow/json.ts	307	function compileStep(step: JsonFlowOp, ctx: FlowContext): Promise<StepCompileResult> | StepCompileResult {
src/flow/json.ts	314	async function compileSpawn(step: SpawnJsonFlowOp, ctx: FlowContext): Promise<void> {
src/flow/json.ts	326	async function compileSend(step: SendJsonFlowOp, ctx: FlowContext): Promise<void> {
src/flow/json.ts	330	async function compileBrief(step: BriefJsonFlowOp, ctx: FlowContext): Promise<void> {
src/flow/json.ts	334	async function compileWaitForSeal(step: WaitForSealJsonFlowOp, ctx: FlowContext): Promise<void> {
src/flow/json.ts	339	async function compileWait(step: WaitJsonFlowOp, ctx: FlowContext): Promise<void> {
src/flow/json.ts	346	async function compileKill(step: KillJsonFlowOp, ctx: FlowContext): Promise<void> {
src/flow/json.ts	350	async function compileSeal(step: SealJsonFlowOp, ctx: FlowContext): Promise<void> {
src/flow/json.ts	354	async function compileLog(step: LogJsonFlowOp, ctx: FlowContext): Promise<void> {
src/flow/json.ts	358	function compileReturn(step: ReturnJsonFlowOp): StepCompileResult {
src/flow/json.ts	377	export function substituteString(template: string, ctx: FlowContext): string {
src/flow/run.ts	65	export async function executeFlow(flow: Flow, options: ExecuteFlowOptions = {}): Promise<ExecuteFlowResult> {
src/flow/run.ts	212	function applyDefaults(flow: Flow, supplied: Record<string, unknown>): Record<string, unknown> {
src/flow/run.ts	220	async function touchLog(flowName: string, runId: string): Promise<void> {
src/flow/runs.ts	59	export function generateRunId(now: number = Date.now()): string {
src/flow/runs.ts	63	function encodeBase32(value: number, length: number): string {
src/flow/runs.ts	74	function randomHex(bytes: number): string {
src/flow/runs.ts	86	export function flowsRoot(): string {
src/flow/runs.ts	90	export function flowRunsRoot(flowName: string): string {
src/flow/runs.ts	94	export function runDir(flowName: string, runId: string): string {
src/flow/runs.ts	98	export function runMetaPath(flowName: string, runId: string): string {
src/flow/runs.ts	102	export function runLogPath(flowName: string, runId: string): string {
src/flow/runs.ts	106	export function runResultPath(flowName: string, runId: string): string {
src/flow/runs.ts	114	export async function createRunDir(flowName: string, runId: string): Promise<string> {
src/flow/runs.ts	120	export async function writeMeta(flowName: string, runId: string, meta: FlowRunMeta): Promise<void> {
src/flow/runs.ts	125	export async function readMeta(flowName: string, runId: string): Promise<FlowRunMeta | null> {
src/flow/runs.ts	136	export async function writeResult(flowName: string, runId: string, result: FlowRunResult): Promise<void> {
src/flow/runs.ts	154	function stringifyQuiet(value: unknown): string {
src/flow/runs.ts	162	export async function readResult(flowName: string, runId: string): Promise<FlowRunResult | null> {
src/flow/runs.ts	172	export async function readLogFull(flowName: string, runId: string): Promise<string> {
src/flow/runs.ts	192	export const PIDLESS_RUNNING_GRACE_MS = 30_000;
src/flow/runs.ts	203	export async function listRuns(opts: { flowName?: string; isPidAlive?: (pid: number) => boolean; now?: number } = {}): Promise<RunSummary[]> {
src/flow/runs.ts	243	export async function findRunById(runId: string): Promise<RunSummary | null> {
src/flow/runs.ts	248	function normalizeMeta(value: unknown): FlowRunMeta | null {
src/flow/runs.ts	276	async function statQuiet(path: string) {
src/fork.ts	64	export function pickForkSeed(input: ForkSeedInput): ForkSeedDecision {
src/fork.ts	130	function logDecision(forkName: string, transcriptPath: string): ForkSeedDecision {
src/fork.ts	138	function sealBrief(forkName: string, seal: SealRecord): string {
src/fork.ts	149	function handoffBrief(forkName: string, seal: SealRecord, instruction: string | undefined): string {
src/fork.ts	164	export function modelArgsFor(tool: string, model: string | undefined): string[] {
src/forkTui.ts	80	export const SEED_OPTIONS = ["auto", "seal", "log", "cold"] as const;
src/forkTui.ts	83	export const SEED_HELP: Record<string, string> = {
src/forkTui.ts	91	export function whereOptions(hasProRepo: boolean): string[] {
src/forkTui.ts	100	export function defaultForkForm(input: {
src/forkTui.ts	125	export function missingForFork(values: ForkFormValues, ctx: { accountRequired: boolean }): string[] {
src/forkTui.ts	154	export function forkIntent(values: ForkFormValues, ctx: { sourceName: string; sourceAgent: string }): ForkIntent {
src/forkTui.ts	201	export function formRows(values: ForkFormValues, advancedOpen: boolean, accountRequired: boolean): FormRow[] {
src/forkTui.ts	215	export async function chooseFork(hooks: ForkTuiHooks): Promise<ForkLaunchResult | null> {
src/format.ts	5	export function isPretty(stream: Stream = process.stdout): boolean {
src/format.ts	9	function colorDisabledByEnv(env: NodeJS.ProcessEnv = process.env): boolean {
src/format.ts	17	function terminalIsDumbForUi(env: NodeJS.ProcessEnv = process.env): boolean {
src/format.ts	24	export const bold = wrap("1");
src/format.ts	25	export const dim = wrap("2");
src/format.ts	26	export const red = wrap("31");
src/format.ts	27	export const green = wrap("32");
src/format.ts	28	export const yellow = wrap("33");
src/format.ts	29	export const blue = wrap("34");
src/format.ts	30	export const magenta = wrap("35");
src/format.ts	31	export const cyan = wrap("36");
src/format.ts	32	export const gray = wrap("90");
src/format.ts	34	export function statusDot(state: "running" | "dead"): string {
src/format.ts	38	export function formatRelativeTime(fromIso: string | undefined, now: number = Date.now()): string {
src/format.ts	59	export function formatTimeUntil(untilIso: string | undefined, now: number = Date.now()): string {
src/format.ts	68	export function tildify(path: string): string {
src/format.ts	80	export function formatTable(columns: TableColumn[], rows: string[][]): string {
src/format.ts	101	function padCell(value: string, width: number, align: "left" | "right"): string {
src/format.ts	110	export function stripAnsi(value: string): string {
src/format.ts	114	export function visibleLength(value: string): number {
src/format.ts	187	export function codePointWidth(codePoint: number): number {
src/format.ts	200	export function graphemeWidth(cluster: string): number {
src/format.ts	206	export function displayWidth(value: string): number {
src/format.ts	212	function inRanges(codePoint: number, ranges: ReadonlyArray<readonly [number, number]>): boolean {
src/format.ts	228	export function actionLine(status: ActionStatus, verb: string, parts: Array<string | undefined | null>): string {
src/format.ts	235	function actionIcon(status: ActionStatus): string {
src/format.ts	248	export function note(message: string): string {
src/format.ts	252	export function errorPrefix(): string {
src/format.ts	256	export function truncate(value: string, max: number): string {
src/format.ts	268	function stripAnsiSlice(value: string, maxVisible: number): string {
src/format.ts	291	function firstGrapheme(value: string): string {
src/frame.ts	24	export function validFrameName(name: string): boolean {
src/frame.ts	28	export async function listFrames(): Promise<Frame[]> {
src/frame.ts	45	export async function loadFrame(name: string): Promise<Frame | null> {
src/frame.ts	54	export async function frameExists(name: string): Promise<boolean> {
src/frame.ts	59	export async function frameDefinitionFile(name: string): Promise<{ path: string; ext: ".json" | ".ts" } | null> {
src/frame.ts	68	export async function writeFrameFromValidatedObject(
src/frame.ts	85	export async function writeFrameFromObject(frame: Frame): Promise<Frame> {
src/frame.ts	89	export async function defineFrameFromFile(sourcePath: string, nameOverride?: string): Promise<Frame> {
src/frame.ts	121	export async function loadFrameSource(name: string): Promise<string | null> {
src/frame.ts	133	export async function removeFrame(name: string): Promise<boolean> {
src/frame.ts	148	export function validateFrame(value: unknown, expectedName?: string): Frame {
src/frame.ts	170	function validateCaste(value: unknown, index: number, frameName: string): Caste {
src/frame.ts	198	async function loadTsModule(path: string): Promise<unknown> {
src/frame.ts	202	async function pathExists(path: string): Promise<boolean> {
src/frame.ts	206	async function ensureDir(): Promise<void> {
src/frame.ts	210	function framesDir(): string {
src/frame.ts	214	function frameFilePath(name: string, extension: ".json" | ".ts"): string {
src/frame.ts	218	function frameSourcePath(name: string): string {
src/fsx.ts	7	export function storeRoot(): string {
src/fsx.ts	27	export function machineId(): string {
src/fsx.ts	66	export function lockOwnedByThisMachine(
src/fsx.ts	82	export function namingGeneratorCwd(): string {
src/fsx.ts	94	export async function atomicWriteFile(path: string, data: string | Buffer, options: AtomicWriteOptions = {}): Promise<void> {
src/fsx.ts	125	export class LockBusyError extends Error {
src/fsx.ts	127	constructor(message: string, existing: LockMeta | null) {
src/fsx.ts	134	function generateLockToken(): string {
src/fsx.ts	144	export async function acquireLongLivedLock(path: string, options: AcquireLockOptions = {}): Promise<LongLivedLock> {
src/fsx.ts	229	async function cleanupOrphanedStagedFiles(path: string): Promise<void> {
src/fsx.ts	242	async function releaseIfOwner(path: string, ourToken: string): Promise<void> {
src/fsx.ts	262	async function stealLongLivedLock(path: string, stillStealable: () => Promise<boolean>): Promise<void> {
src/fsx.ts	286	export async function readLockMeta(path: string): Promise<LockMeta | null> {
src/fsx.ts	307	export function defaultIsPidAlive(pid: number): boolean {
src/gateways.ts	35	export function gatewaysAreDisabled(): boolean {
src/gateways.ts	39	function gatewayDebug(message: string): void {
src/gateways.ts	43	function gatewayDir(): string {
src/gateways.ts	47	function isStringRecord(value: unknown): value is Record<string, string> {
src/gateways.ts	52	function parseGatewayRecord(raw: string): GatewayRecord | null {
src/gateways.ts	94	function statelessShimIsSpawnable(command: string): boolean {
src/gateways.ts	103	function cachedGatewayRecords(): Array<{ record: GatewayRecord; registryPath: string }> {
src/gateways.ts	143	export function gatewayPidIsLive(pid: number, kill: (pid: number, signal: 0) => void = process.kill): boolean {
src/gateways.ts	152	export function gatewaysWithLiveness(): GatewayStatus[] {
src/gateways.ts	168	export function liveGateways(): GatewayRecord[] {
src/gateways.ts	172	export function liveGatewayEnv(): Record<string, string> {
src/gateways.ts	187	export function resetGatewayCacheForTests(): void {
src/hiveState.ts	24	export const HIVE_STATE_OPTION = "@hive_state";
src/hiveState.ts	26	export function hiveStateFor(state: BeeState): HiveTmuxState | undefined {
src/hiveState.ts	70	export function effectiveHiveState(liveHive: string | undefined, derived: BeeState | undefined): string | undefined {
src/hiveState.ts	82	export async function writeHiveState(record: SessionRef, state: HiveTmuxState): Promise<void> {
src/hiveState.ts	96	export async function writeHiveTitle(record: SessionRef, title: string): Promise<void> {
src/hiveState.ts	117	export async function writeHiveTags(record: SessionRecord): Promise<void> {
src/hiveState.ts	126	export async function writeSpawnOptions(record: SessionRecord): Promise<void> {
src/hsr/adapter-loader.ts	26	export async function loadAdapterFor(
src/hsr/adapters/acpRpc.ts	6	export const ACP_RPC_METHOD_NOT_FOUND = -32601;
src/hsr/adapters/acpRpc.ts	10	export class AcpRpcError extends Error {
src/hsr/adapters/acpRpc.ts	15	constructor(method: string, message: string, code?: number, data?: unknown) {
src/hsr/adapters/acpRpc.ts	24	export class AcpRpcRequestTimeoutError extends Error {
src/hsr/adapters/acpRpc.ts	28	constructor(method: string, timeoutMs: number) {
src/hsr/adapters/acpRpc.ts	37	resolve(value: unknown): void;
src/hsr/adapters/acpRpc.ts	38	reject(error: Error): void;
src/hsr/adapters/acpRpc.ts	45	request(method: string, params?: unknown, opts?: { timeoutMs?: number }): Promise<unknown>;
src/hsr/adapters/acpRpc.ts	46	notify(method: string, params?: unknown): void;
src/hsr/adapters/acpRpc.ts	47	onNotification(method: string, handler: (params: unknown) => void): () => void;
src/hsr/adapters/acpRpc.ts	48	onNotificationCatchAll(handler: (method: string, params: unknown) => void): void;
src/hsr/adapters/acpRpc.ts	49	onServerRequest(handler: (method: string, id: AcpRpcId, params: unknown) => void): void;
src/hsr/adapters/acpRpc.ts	50	canRespond(): boolean;
src/hsr/adapters/acpRpc.ts	51	respond(id: AcpRpcId, result: unknown): Promise<void>;
src/hsr/adapters/acpRpc.ts	52	respondError(id: AcpRpcId, code: number, message: string): void;
src/hsr/adapters/acpRpc.ts	53	dispose(error?: Error): void;
src/hsr/adapters/acpRpc.ts	56	export function createAcpRpcPeer(stdin: Writable, stdout: Readable): AcpRpcPeer {
src/hsr/adapters/claude.ts	30	function asObject(value: unknown): Record<string, unknown> | undefined {
src/hsr/adapters/claude.ts	35	function toNumber(value: unknown): number | undefined {
src/hsr/adapters/claude.ts	40	function parseClaudeQuestions(input: unknown): RunnerInputQuestion[] {
src/hsr/adapters/claude.ts	65	function claudeNeedsInput(requestId: string, input: unknown): RunnerEvent | null {
src/hsr/adapters/claude.ts	84	function parseClaudeLine(line: string): RunnerEvent[] {
src/hsr/adapters/claude.ts	163	function parseClaudeRateLimit(rateLimitInfo: unknown): RunnerEvent[] {
src/hsr/adapters/claude.ts	174	function resetHintFromEpochSeconds(value: unknown): string | undefined {
src/hsr/adapters/claude.ts	181	function sessionIdFromClaudeEvent(_event: RunnerEvent, raw: unknown): string | undefined {
src/hsr/adapters/claude.ts	190	function encodeClaudeUserTurn(text: string): string {
src/hsr/adapters/claude.ts	194	function parsedAnswerMap(answer: string): Record<string, unknown> | undefined {
src/hsr/adapters/claude.ts	204	export function encodeClaudeQuestionAnswer(requestId: string, answer: string, input: unknown): string {
src/hsr/adapters/claude.ts	232	function encodeClaudeInterrupt(): string {
src/hsr/adapters/claude.ts	247	function stripSessionIdArgs(args: string[]): string[] {
src/hsr/adapters/claude.ts	264	export function buildClaudeStreamConfig(opts: RunnerOpts): {
src/hsr/adapters/claude.ts	379	export const claudeAdapter: RunnerAdapter = {
src/hsr/adapters/claude.ts	381	tier(): RunnerTier {
src/hsr/adapters/claude.ts	384	start(opts: RunnerOpts): Promise<RunnerSession> {
src/hsr/adapters/codex.ts	42	function asObject(value: unknown): Record<string, unknown> | undefined {
src/hsr/adapters/codex.ts	47	function toNumber(value: unknown): number | undefined {
src/hsr/adapters/codex.ts	51	function stringField(value: unknown): string | undefined {
src/hsr/adapters/codex.ts	55	function notificationThreadId(params: Record<string, unknown>): string | undefined {
src/hsr/adapters/codex.ts	74	export function codexNotificationToEvents(method: string, params: unknown): RunnerEvent[] {
src/hsr/adapters/codex.ts	141	function rateLimitsToEvents(rateLimits: unknown): RunnerEvent[] {
src/hsr/adapters/codex.ts	153	function resetHintFromWindow(value: unknown): string | undefined {
src/hsr/adapters/codex.ts	161	function usageFromBreakdown(value: unknown): (RunnerEvent & { type: "usage" }) | undefined {
src/hsr/adapters/codex.ts	173	function usageFromThreadTokenUsage(value: unknown): (RunnerEvent & { type: "usage" }) | undefined {
src/hsr/adapters/codex.ts	190	export function isCodexAuthExpiryError(message: string): boolean {
src/hsr/adapters/codex.ts	201	export function encodeCodexUserInput(text: string): unknown {
src/hsr/adapters/codex.ts	211	export function codexTurnLifecycleAfterNotification(
src/hsr/adapters/codex.ts	244	export function codexServerRequestToNeedsInput(
src/hsr/adapters/codex.ts	281	function codexInputQuestions(params: unknown): RunnerInputQuestion[] {
src/hsr/adapters/codex.ts	306	function codexQuestionAnswers(answer: string, params: unknown): Record<string, { answers: string[] }> {
src/hsr/adapters/codex.ts	336	export function encodeCodexApprovalResponse(
src/hsr/adapters/codex.ts	362	function isApproval(answer: string): boolean {
src/hsr/adapters/codex.ts	395	run(preRequestDelayMs: number, requestTimeoutMs: number, initializeTimeoutMs: number): Promise<T>;
src/hsr/adapters/codex.ts	397	isAlive(): boolean;
src/hsr/adapters/codex.ts	399	discard(): Promise<void>;
src/hsr/adapters/codex.ts	407	export async function retryCodexThreadHandshake<T>(
src/hsr/adapters/codex.ts	465	export function buildCodexSpawn(opts: RunnerOpts): { command: string; args: string[]; env: Record<string, string> } {
src/hsr/adapters/codex.ts	492	export function codexConfigOverridesFromArgs(args: readonly string[] | undefined): string[] {
src/hsr/adapters/codex.ts	516	export function codexModelFromArgs(args: readonly string[] | undefined): string | undefined {
src/hsr/adapters/codex.ts	539	export function buildCodexThreadRequestParams(
src/hsr/adapters/codex.ts	571	function forwardCodexStderr(child: ChildProcess): void {
src/hsr/adapters/codex.ts	597	async function createLiveCodexHandshakeAttempt(params: {
src/hsr/adapters/codex.ts	612	forwardCodexStderr(child);
src/hsr/adapters/codex.ts	665	export async function startCodexRunner(opts: RunnerOpts): Promise<RunnerSession> {
src/hsr/adapters/codex.ts	853	function threadIdFromResponse(res: unknown): string | undefined {
src/hsr/adapters/codex.ts	860	export const codexAdapter: RunnerAdapter = {
src/hsr/adapters/codex.ts	862	tier(): RunnerTier {
src/hsr/adapters/codex.ts	865	start(opts: RunnerOpts): Promise<RunnerSession> {
src/hsr/adapters/codexRpc.ts	29	export const CODEX_RPC_METHOD_NOT_FOUND = -32601;
src/hsr/adapters/codexRpc.ts	34	export class CodexRpcRequestTimeoutError extends Error {
src/hsr/adapters/codexRpc.ts	38	constructor(method: string, timeoutMs: number) {
src/hsr/adapters/codexRpc.ts	48	request(method: string, params?: unknown, opts?: { timeoutMs?: number }): Promise<unknown>;
src/hsr/adapters/codexRpc.ts	50	notify(method: string, params?: unknown): void;
src/hsr/adapters/codexRpc.ts	52	onNotification(method: string, handler: (params: unknown) => void): () => void;
src/hsr/adapters/codexRpc.ts	54	onNotificationCatchAll(handler: (method: string, params: unknown) => void): void;
src/hsr/adapters/codexRpc.ts	56	onServerRequest(handler: (method: string, id: JsonRpcId, params: unknown) => void): void;
src/hsr/adapters/codexRpc.ts	58	canRespond(): boolean;
src/hsr/adapters/codexRpc.ts	60	respond(id: JsonRpcId, result: unknown): Promise<void>;
src/hsr/adapters/codexRpc.ts	62	respondError(id: JsonRpcId, code: number, message: string): void;
src/hsr/adapters/codexRpc.ts	64	dispose(err?: Error): void;
src/hsr/adapters/codexRpc.ts	77	export function createCodexRpcPeer(stdin: Writable, stdout: Readable): CodexRpcPeer {
src/hsr/adapters/cursor.ts	27	function asObject(value: unknown): Record<string, unknown> | undefined {
src/hsr/adapters/cursor.ts	32	function toNumber(value: unknown): number | undefined {
src/hsr/adapters/cursor.ts	41	export function parseCursorLine(line: string): RunnerEvent[] {
src/hsr/adapters/cursor.ts	95	export function cursorToolName(toolCall: unknown): string {
src/hsr/adapters/cursor.ts	106	function cursorUsageEvent(value: unknown): (RunnerEvent & { type: "usage" }) | undefined {
src/hsr/adapters/cursor.ts	117	export function sessionIdFromCursorEvent(_event: RunnerEvent, raw: unknown): string | undefined {
src/hsr/adapters/cursor.ts	128	export function stripCursorPrintArgs(args: string[]): string[] {
src/hsr/adapters/cursor.ts	148	export function buildCursorTurnConfig(opts: RunnerOpts): {
src/hsr/adapters/cursor.ts	177	export const cursorAdapter: RunnerAdapter = {
src/hsr/adapters/cursor.ts	179	tier(): RunnerTier {
src/hsr/adapters/cursor.ts	182	start(opts: RunnerOpts): Promise<RunnerSession> {
src/hsr/adapters/grok.ts	28	function asObject(value: unknown): ObjectLike | undefined {
src/hsr/adapters/grok.ts	32	function stringField(value: unknown, ...keys: string[]): string | undefined {
src/hsr/adapters/grok.ts	42	function numberField(value: unknown, ...keys: string[]): number | undefined {
src/hsr/adapters/grok.ts	52	function optionValue(args: readonly string[], long: string, short?: string): string | undefined {
src/hsr/adapters/grok.ts	63	export function grokModelFromArgs(args: readonly string[]): string | undefined {
src/hsr/adapters/grok.ts	67	export function grokReasoningFromArgs(args: readonly string[]): string | undefined {
src/hsr/adapters/grok.ts	72	export function grokModeFromArgs(args: readonly string[]): string | undefined {
src/hsr/adapters/grok.ts	79	function hasAlwaysApprove(args: readonly string[]): boolean {
src/hsr/adapters/grok.ts	84	function supportedAgentExtras(args: readonly string[]): string[] {
src/hsr/adapters/grok.ts	114	export function buildGrokSpawn(opts: RunnerOpts): GrokSpawnConfig {
src/hsr/adapters/grok.ts	129	export function grokSessionUpdateToEvents(updateValue: unknown): RunnerEvent[] {
src/hsr/adapters/grok.ts	147	function usageObject(value: unknown): ObjectLike | undefined {
src/hsr/adapters/grok.ts	164	export function grokUsageEvent(value: unknown): Extract<RunnerEvent, { type: "usage" }> | undefined {
src/hsr/adapters/grok.ts	189	function permissionOptions(params: unknown): PermissionOption[] {
src/hsr/adapters/grok.ts	202	function toolCallText(toolCall: ObjectLike | undefined): string | undefined {
src/hsr/adapters/grok.ts	214	export function grokPermissionRequestToNeedsInput(
src/hsr/adapters/grok.ts	240	export function encodeGrokPermissionAnswer(params: unknown, answerValue: string): unknown {
src/hsr/adapters/grok.ts	268	function questionOptions(value: unknown): RunnerInputOption[] {
src/hsr/adapters/grok.ts	280	export function grokInputQuestions(paramsValue: unknown): RunnerInputQuestion[] {
src/hsr/adapters/grok.ts	297	export function grokQuestionRequestToNeedsInput(id: AcpRpcId, paramsValue: unknown): RunnerEvent {
src/hsr/adapters/grok.ts	316	function answerSource(parsed: unknown, question: RunnerInputQuestion, index: number, count: number): unknown {
src/hsr/adapters/grok.ts	324	function selectionsForQuestion(question: RunnerInputQuestion, value: unknown): string[] {
src/hsr/adapters/grok.ts	348	export function encodeGrokQuestionAnswer(paramsValue: unknown, answerValue: string): unknown {
src/hsr/adapters/grok.ts	368	function errorParts(error: unknown): string[] {
src/hsr/adapters/grok.ts	379	function resetHint(error: unknown): string | undefined {
src/hsr/adapters/grok.ts	393	function isAuthFailure(error: unknown): boolean {
src/hsr/adapters/grok.ts	399	export function grokPromptErrorToEvents(error: unknown, authKind: "subscription" | "api-key" = "subscription"): RunnerEvent[] {
src/hsr/adapters/grok.ts	429	function updatePayload(params: unknown): ObjectLike | undefined {
src/hsr/adapters/grok.ts	433	function toolId(value: unknown): string | undefined {
src/hsr/adapters/grok.ts	437	function sessionIdFromSetup(value: unknown): string | undefined {
src/hsr/adapters/grok.ts	441	function currentModelId(value: unknown): string | undefined {
src/hsr/adapters/grok.ts	447	function delay(ms: number): Promise<void> {
src/hsr/adapters/grok.ts	454	function authMethodId(initialized: unknown, authKind: "subscription" | "api-key"): string {
src/hsr/adapters/grok.ts	469	export async function startGrokRunner(opts: RunnerOpts, dependencies: GrokRunnerDependencies = {}): Promise<RunnerSession> {
src/hsr/adapters/grok.ts	759	export const grokAdapter: RunnerAdapter = {
src/hsr/adapters/grok.ts	761	tier(): RunnerTier {
src/hsr/adapters/grok.ts	764	start(opts): Promise<RunnerSession> {
src/hsr/adapters/index.ts	33	export function adapterFor(harness: string): RunnerAdapter | undefined {
src/hsr/adapters/kimi.ts	32	export const KIMI_MODELS = [
src/hsr/adapters/kimi.ts	38	export const KIMI_MODES = ["default", "plan", "auto", "yolo"] as const;
src/hsr/adapters/kimi.ts	41	function asObject(value: unknown): ObjectLike | undefined {
src/hsr/adapters/kimi.ts	45	function stringField(value: unknown, ...keys: string[]): string | undefined {
src/hsr/adapters/kimi.ts	55	export function normalizeKimiModel(model: string): KimiModel {
src/hsr/adapters/kimi.ts	61	export function kimiModelFromArgs(args: readonly string[]): KimiModel | undefined {
src/hsr/adapters/kimi.ts	72	export function kimiModeFromArgs(args: readonly string[]): KimiMode {
src/hsr/adapters/kimi.ts	85	export function buildKimiSpawn(opts: RunnerOpts): KimiSpawnConfig {
src/hsr/adapters/kimi.ts	92	export function kimiSessionUpdateToEvents(updateValue: unknown): RunnerEvent[] {
src/hsr/adapters/kimi.ts	111	function permissionOptions(params: unknown): KimiPermissionOption[] {
src/hsr/adapters/kimi.ts	123	function rawQuestions(value: unknown): RunnerInputQuestion[] {
src/hsr/adapters/kimi.ts	149	function toolCallText(toolCall: ObjectLike | undefined): string | undefined {
src/hsr/adapters/kimi.ts	162	export function kimiPermissionRequestToNeedsInput(
src/hsr/adapters/kimi.ts	193	export function encodeKimiPermissionAnswer(params: unknown, answerValue: string): unknown {
src/hsr/adapters/kimi.ts	238	function sessionIdFromSetup(value: unknown): string | undefined {
src/hsr/adapters/kimi.ts	242	function configOptions(value: unknown): ObjectLike[] {
src/hsr/adapters/kimi.ts	253	function configValue(setup: unknown, configId: string): string | undefined {
src/hsr/adapters/kimi.ts	258	async function setKimiConfig(peer: AcpRpcPeer, sessionId: string, configId: "model" | "mode", value: string): Promise<void> {
src/hsr/adapters/kimi.ts	262	function updatePayload(params: unknown): ObjectLike | undefined {
src/hsr/adapters/kimi.ts	266	function toolId(value: unknown): string | undefined {
src/hsr/adapters/kimi.ts	270	function delay(ms: number): Promise<void> {
src/hsr/adapters/kimi.ts	278	export async function startKimiRunner(opts: RunnerOpts, dependencies: KimiRunnerDependencies = {}): Promise<RunnerSession> {
src/hsr/adapters/kimi.ts	545	export const kimiAdapter: RunnerAdapter = {
src/hsr/adapters/kimi.ts	547	tier(): RunnerTier {
src/hsr/adapters/kimi.ts	550	start(opts): Promise<RunnerSession> {
src/hsr/adapters/kimiTelemetry.ts	16	function asObject(value: unknown): ObjectLike | undefined {
src/hsr/adapters/kimiTelemetry.ts	20	function numberField(object: ObjectLike, ...keys: string[]): number | undefined {
src/hsr/adapters/kimiTelemetry.ts	28	function stringField(object: ObjectLike | undefined, ...keys: string[]): string | undefined {
src/hsr/adapters/kimiTelemetry.ts	37	function errorShape(value: unknown): { code?: string; message: string; statusCode?: number; resetHint?: string } {
src/hsr/adapters/kimiTelemetry.ts	53	export function kimiErrorToRunnerEvent(value: unknown): RunnerEvent {
src/hsr/adapters/kimiTelemetry.ts	73	export function parseKimiWireRecord(line: string): RunnerEvent[] {
src/hsr/adapters/kimiTelemetry.ts	114	export function kimiHome(env: Record<string, string>): string {
src/hsr/adapters/kimiTelemetry.ts	119	export async function findKimiWirePath(home: string, sessionId: string): Promise<string | undefined> {
src/hsr/adapters/kimiTelemetry.ts	139	pollNow(): Promise<void>;
src/hsr/adapters/kimiTelemetry.ts	140	stop(): Promise<void>;
src/hsr/adapters/kimiTelemetry.ts	144	export function startKimiWireTelemetry(opts: {
src/hsr/adapters/kimiTelemetry.ts	147	onEvent(event: RunnerEvent): void;
src/hsr/adapters/kimiTelemetry.ts	247	pollInBackground();
src/hsr/adapters/opencode.ts	60	constructor(
src/hsr/adapters/opencode.ts	70	function asObject(value: unknown): ObjectLike | undefined {
src/hsr/adapters/opencode.ts	74	function stringField(value: ObjectLike | undefined, ...keys: string[]): string | undefined {
src/hsr/adapters/opencode.ts	83	function finiteNumber(value: unknown): number | undefined {
src/hsr/adapters/opencode.ts	87	function flagValue(args: readonly string[], names: readonly string[]): string | undefined {
src/hsr/adapters/opencode.ts	104	export function parseOpenCodeModel(value: string | undefined): OpenCodeModelSelection | undefined {
src/hsr/adapters/opencode.ts	112	export function openCodeSelection(opts: Pick<RunnerOpts, "model" | "args">): {
src/hsr/adapters/opencode.ts	129	function isOpenCodeExecutable(value: string): boolean {
src/hsr/adapters/opencode.ts	134	export function buildOpenCodeSpawn(opts: RunnerOpts, password: string): {
src/hsr/adapters/opencode.ts	173	export function parseOpenCodeStartupUrl(line: string): URL | undefined {
src/hsr/adapters/opencode.ts	192	function safeDetail(value: unknown): string {
src/hsr/adapters/opencode.ts	205	function errorShape(value: unknown): { name: string; message: string; status?: number; headers?: ObjectLike; body?: string } {
src/hsr/adapters/opencode.ts	216	function resetHint(error: ReturnType<typeof errorShape>): string | undefined {
src/hsr/adapters/opencode.ts	232	function isAbortError(value: unknown): boolean {
src/hsr/adapters/opencode.ts	238	export function openCodeErrorToRunnerEvent(value: unknown): RunnerEvent {
src/hsr/adapters/opencode.ts	261	export function openCodeAssistantUsage(value: unknown): (RunnerEvent & { type: "usage" }) | undefined {
src/hsr/adapters/opencode.ts	289	export function openCodePermissionNeedsInput(value: unknown): RunnerEvent | undefined {
src/hsr/adapters/opencode.ts	317	export function openCodeQuestionNeedsInput(value: unknown): RunnerEvent | undefined {
src/hsr/adapters/opencode.ts	357	function permissionReply(answer: string): "once" | "always" | "reject" {
src/hsr/adapters/opencode.ts	364	function questionAnswers(answer: RunnerInputAnswer, pending: PendingInput): string[][] {
src/hsr/adapters/opencode.ts	387	async function canonicalDirectory(path: string): Promise<string> {
src/hsr/adapters/opencode.ts	391	function ownerMetadata(bee: string, cwd: string): ObjectLike {
src/hsr/adapters/opencode.ts	395	function validateOwner(session: OpenCodeSessionInfo, bee: string, cwd: string): void {
src/hsr/adapters/opencode.ts	407	function eventSessionId(properties: ObjectLike): string | undefined {
src/hsr/adapters/opencode.ts	413	function isAssistantCompleted(info: ObjectLike): boolean {
src/hsr/adapters/opencode.ts	417	function isProcessAlive(child: ChildProcess): boolean {
src/hsr/adapters/opencode.ts	421	function delay(ms: number, signal?: AbortSignal): Promise<void> {
src/hsr/adapters/opencode.ts	434	async function withTimeout<T>(promise: Promise<T>, timeoutMs: number, label: string): Promise<T> {
src/hsr/adapters/opencode.ts	448	export async function startOpenCodeRunner(
src/hsr/adapters/opencode.ts	1107	export const openCodeAdapter: RunnerAdapter = {
src/hsr/adapters/opencode.ts	1110	tier(): RunnerTier {
src/hsr/adapters/opencode.ts	1113	start(opts): Promise<RunnerSession> {
src/hsr/adapters/stub.ts	31	function emit(o) { process.stdout.write(JSON.stringify(o) + "\\n"); }
src/hsr/adapters/stub.ts	79	emit({ t: "assistant", text: "echo:" + text });
src/hsr/adapters/stub.ts	83	emit({ t: "result" });
src/hsr/adapters/stub.ts	87	function parseStub(line: string): unknown {
src/hsr/adapters/stub.ts	100	parseLine(line: string): RunnerEvent[] {
src/hsr/adapters/stub.ts	137	encodeUserTurn(text: string): string {
src/hsr/adapters/stub.ts	140	encodeAnswer(_requestId: string, answer: string): string {
src/hsr/adapters/stub.ts	143	encodeInterrupt(): string {
src/hsr/adapters/stub.ts	146	sessionIdFromEvent(_event: RunnerEvent, raw: unknown): string | undefined {
src/hsr/adapters/stub.ts	155	export const stubAdapter: RunnerAdapter = {
src/hsr/adapters/stub.ts	157	tier(): RunnerTier {
src/hsr/adapters/stub.ts	160	start(opts: RunnerOpts): Promise<RunnerSession> {
src/hsr/allowance.ts	51	export function allowanceFor(harness: string, authKind: AuthKind): AllowanceRow | undefined {
src/hsr/allowance.ts	56	export function bestTier(harness: string, authKind: AuthKind): RunnerTier | undefined {
src/hsr/allowance.ts	61	export function scrubEnvFor(harness: string, authKind: AuthKind): string[] {
src/hsr/allowance.ts	71	export function tierAfterFingerprint(
src/hsr/answer.ts	30	function resultFromReceipt(
src/hsr/answer.ts	50	export function hsrAnswerHostFromMeta(meta: HsrMeta): HsrAnswerHostIdentity {
src/hsr/answer.ts	61	export async function persistHsrAnswerAmbiguity(
src/hsr/answer.ts	85	export async function answerLocalHsrSessionInAdmission(
src/hsr/bootstrap.ts	50	export const REMOTE_RUNNER_HOST_DIR = "~/.hive/runner-host";
src/hsr/bootstrap.ts	51	export const DEFAULT_REMOTE_RUNNER_HOST_SOCKET = `${REMOTE_RUNNER_HOST_DIR}/control.sock`;
src/hsr/bootstrap.ts	99	export function remoteBundlePath(version: string): string {
src/hsr/bootstrap.ts	103	function parseNodeMajor(versionOut: string): number | null {
src/hsr/bootstrap.ts	110	function sha256Hex(content: string): string {
src/hsr/bootstrap.ts	114	function shellQuote(value: string): string {
src/hsr/bootstrap.ts	119	export async function bootstrapRunnerHost(
src/hsr/buildRunnerHostBundle.ts	19	export function runnerHostVersionCore(options: { artifactDir?: string } = {}): string {
src/hsr/buildRunnerHostBundle.ts	24	export function runnerHostCacheDir(): string {
src/hsr/buildRunnerHostBundle.ts	29	export function runnerHostBundlePath(version: string): string {
src/hsr/buildRunnerHostBundle.ts	38	async function cachedArtifactMatches(path: string, expectedDigest: string): Promise<boolean> {
src/hsr/buildRunnerHostBundle.ts	50	export async function ensureRunnerHostBundle(
src/hsr/cellSandbox.ts	79	function executableOnPath(name: string, env: NodeJS.ProcessEnv = process.env): string | undefined {
src/hsr/cellSandbox.ts	95	export function probeCellSandbox(
src/hsr/cellSandbox.ts	157	function canonicalExistingDirectory(path: string, label: string): string {
src/hsr/cellSandbox.ts	166	function ensurePrivateDirectory(path: string): string {
src/hsr/cellSandbox.ts	168	mkdirSync(path, { recursive: true, mode: 0o700 });
src/hsr/cellSandbox.ts	172	function canonicalPotentialPath(path: string): string {
src/hsr/cellSandbox.ts	187	function assertNarrowProviderRoot(path: string, cwd: string): void {
src/hsr/cellSandbox.ts	196	function providerWriteRoots(kind: string, env: Record<string, string>, cwd: string): string[] {
src/hsr/cellSandbox.ts	247	function hiveBuzWritePaths(env: Record<string, string>, cwd: string): string[] {
src/hsr/cellSandbox.ts	263	writeFileSync(ledgerFile, "", { flag: "a", mode: 0o600 });
src/hsr/cellSandbox.ts	278	export function resolveCellSandboxExtraWriteRoots(
src/hsr/cellSandbox.ts	315	function scratchEnvironment(scratchRoot: string): Record<string, string> {
src/hsr/cellSandbox.ts	371	function packageManagerWriteTrees(cwd: string, env: Record<string, string>): string[] {
src/hsr/cellSandbox.ts	383	function macPackageManagerWriteRules(trees: readonly string[]): string {
src/hsr/cellSandbox.ts	422	export function appendMacPackageManagerWriteRules(
src/hsr/cellSandbox.ts	458	export function buildCellSandboxState(input: {
src/hsr/cellSandbox.ts	518	export function initializeCellSandbox(input: {
src/hsr/cellSandbox.ts	533	function shellQuote(value: string): string {
src/hsr/cellSandbox.ts	538	export function commandString(command: string, args: readonly string[]): string {
src/hsr/cellSandbox.ts	543	export async function wrapCellSandboxCommand(
src/hsr/cellSandbox.ts	553	export async function wrapCellSandboxCommandForState(
src/hsr/cellSandbox.ts	596	export function cleanupCellSandboxCommand(): void {
src/hsr/cellSandbox.ts	600	export function shutdownCellSandbox(): void {
src/hsr/cellSandbox.ts	608	export function activeCellSandboxBackend(): CellSandboxBackend | undefined {
src/hsr/credsParams.ts	15	export function normalizeCreds(value: unknown): DeliveredCredentials | undefined {
src/hsr/eventIntegrity.ts	75	export class HsrSourceEventIntegrityError extends Error {
src/hsr/eventIntegrity.ts	78	constructor(
src/hsr/eventIntegrity.ts	90	export class HsrSourceAuthorityChangedError extends Error {
src/hsr/eventIntegrity.ts	92	constructor(readonly bee: string) {
src/hsr/eventIntegrity.ts	98	function beeKey(bee: string): string {
src/hsr/eventIntegrity.ts	102	function receiptPath(bee: string): string {
src/hsr/eventIntegrity.ts	106	function receiptHistoryPath(receipt: HsrEventIntegrityReceipt): string {
src/hsr/eventIntegrity.ts	117	function lockPath(bee: string): string {
src/hsr/eventIntegrity.ts	121	function validFingerprint(value: unknown): value is ProcessBirthFingerprint {
src/hsr/eventIntegrity.ts	128	function validHost(value: unknown): value is HsrEventIntegrityHost {
src/hsr/eventIntegrity.ts	136	function parseReceipt(raw: string, expectedBee: string): HsrEventIntegrityReceipt {
src/hsr/eventIntegrity.ts	196	export function parseHsrEventIntegrityReceipt(
src/hsr/eventIntegrity.ts	203	function sameHost(left: HsrEventIntegrityHost, right: HsrEventIntegrityHost): boolean {
src/hsr/eventIntegrity.ts	212	function metaOwnsObservedHost(meta: HsrMeta, observed: HsrEventIntegrityHost): boolean {
src/hsr/eventIntegrity.ts	221	function sameRemoteAuthority(
src/hsr/eventIntegrity.ts	228	export function hsrEventIntegrityReceiptOwnsHost(
src/hsr/eventIntegrity.ts	236	export async function readHsrEventIntegrityReceipt(bee: string): Promise<HsrEventIntegrityReceipt | null> {
src/hsr/eventIntegrity.ts	250	export async function importRemoteHsrEventIntegrityReceipt(
src/hsr/eventIntegrity.ts	302	async function writeReceipt(receipt: HsrEventIntegrityReceipt): Promise<void> {
src/hsr/eventIntegrity.ts	314	export function hsrEventIntegrityReceiptOwnsSession(
src/hsr/eventIntegrity.ts	333	async function currentReceiptOwnership(
src/hsr/eventIntegrity.ts	358	async function archiveStaleReceipt(receipt: HsrEventIntegrityReceipt): Promise<void> {
src/hsr/eventIntegrity.ts	368	function canonicalMarker(receipt: HsrEventIntegrityReceipt): HsrEventIntegrityDoubt {
src/hsr/eventIntegrity.ts	388	export async function fenceCanonicalHsrEventIntegrity(
src/hsr/eventIntegrity.ts	420	export async function persistHsrEventIntegrityFailure(input: {
src/hsr/eventIntegrity.ts	551	export async function assertHsrSourceEventLogIntegrity(input: {
src/hsr/eventIntegrity.ts	700	export async function recordHsrEventIntegrityDeliveryVerdict(
src/hsr/eventIntegrity.ts	722	export async function recordHsrEventIntegrityStop(
src/hsr/eventIntegrity.ts	751	export async function assertNoUnresolvedHsrEventIntegrity(
src/hsr/eventIntegrity.ts	773	export function assertNoCanonicalHsrEventIntegrityDoubt(
src/hsr/eventIntegrity.ts	791	export async function acknowledgeHsrEventIntegrityLoss(
src/hsr/eventIntegrity.ts	864	async function clearCanonicalHsrEventIntegrityProjection(
src/hsr/eventTranscript.ts	17	function rowOf(type: string, content: string, ts?: number): TranscriptRow {
src/hsr/eventTranscript.ts	21	export function transcriptRowsFromEvents(events: RunnerEvent[]): TranscriptRow[] {
src/hsr/eventTranscript.ts	86	flush();
src/hsr/gatewayConnect.ts	78	function resolveWebSocketCtor(): NodeWebSocketCtor {
src/hsr/gatewayConnect.ts	137	close(): Promise<void>;
src/hsr/gatewayConnect.ts	176	function isValidCursor(value: unknown): value is number {
src/hsr/gatewayConnect.ts	181	export function gatewayUrlWithCell(gatewayUrl: string, cellId: string): string {
src/hsr/gatewayConnect.ts	188	export function gatewayEventConsumerId(gatewayUrl: string, cellId: string): string {
src/hsr/gatewayConnect.ts	194	async function presenceRow(bee: string): Promise<BeePresence | null> {
src/hsr/gatewayConnect.ts	206	async function enumerateBees(): Promise<BeePresence[]> {
src/hsr/gatewayConnect.ts	220	export function connectToGateway(options: GatewayConnectOptions): GatewayConnectHandle {
src/hsr/harness.ts	39	export const AUTH_KINDS = ["subscription", "api-key"] as const;
src/hsr/harness.ts	124	export const HARNESSES = {
src/hsr/harness.ts	353	export function harnessNames(): string[] {
src/hsr/harness.ts	358	export function harnessDescriptor(harness: string): HarnessDescriptor | undefined {
src/hsr/harness.ts	363	export function harnessAllowance(harness: string, authKind: AuthKind): HarnessAllowancePolicy | undefined {
src/hsr/harness.ts	368	export function ephemeralPolicyFor(harness: string): EphemeralCredentialPolicy | undefined {
src/hsr/harness.ts	373	export function ephemeralHarnesses(): string[] {
src/hsr/harness.ts	378	export function harnessSupportsRemoteHsr(harness: string): boolean {
src/hsr/harness.ts	389	export async function validateHarnessRegistry(): Promise<string[]> {
src/hsr/host.ts	79	stop(): Promise<void>;
src/hsr/host.ts	86	export async function runHsrHost(params: {
src/hsr/lineReader.ts	39	end(): void;
src/hsr/lineReader.ts	47	export function makeLineReader(onLine: (line: string) => void, opts: LineReaderOpts = {}): LineReader {
src/hsr/observe.ts	58	async function mapWithConcurrency<T, R>(
src/hsr/observe.ts	81	function observationConcurrency(value: number | undefined): number {
src/hsr/observe.ts	94	function isMetaLive(meta: HsrMeta | null): boolean {
src/hsr/observe.ts	101	export async function listHsrBees(): Promise<string[]> {
src/hsr/observe.ts	124	export async function hsrLiveness(): Promise<Map<string, boolean>> {
src/hsr/observe.ts	142	export async function hsrLivenessStrict(bees: Iterable<string>): Promise<Map<string, boolean | null>> {
src/hsr/observe.ts	164	export async function isHsrPoolMutatorLive(
src/hsr/observe.ts	187	export async function hsrPoolLivenessStrict(
src/hsr/observe.ts	200	export async function hsrSnapshot(bee: string, lines?: number): Promise<string> {
src/hsr/observe.ts	222	export const EVENT_TAIL_MAX_BYTES = HSR_EVENTS_MAX_BYTES + 64 * 1024;
src/hsr/observe.ts	229	async function readTailText(path: string, maxBytes: number): Promise<string | null> {
src/hsr/observe.ts	324	function eventHost(event: RunnerEvent): HsrAnswerHostIdentity | undefined {
src/hsr/observe.ts	333	function latestStampedHost(events: RunnerEvent[]): HsrAnswerHostIdentity | undefined {
src/hsr/observe.ts	362	export function currentHsrEventEpoch(
src/hsr/observe.ts	394	function lifecycleThreadId(event: RunnerEvent): string | undefined {
src/hsr/observe.ts	399	function lifecycleAppliesToRoot(event: RunnerEvent, rootThreadId: string | undefined): boolean {
src/hsr/observe.ts	430	export function structuredStateFromEvents(
src/hsr/observe.ts	507	function structuredStateFromRunDir(meta: HsrMeta, events: RunnerEvent[]): BeeState {
src/hsr/observe.ts	516	function eventText(event: RunnerEvent): string | undefined {
src/hsr/observe.ts	520	function isActivityEvent(event: RunnerEvent, rootThreadId: string | undefined): boolean {
src/hsr/observe.ts	545	function activityFingerprint(event: RunnerEvent): string {
src/hsr/observe.ts	550	export function hsrActivityFromEvents(
src/hsr/observe.ts	569	export function isAuthNeededMessage(message: string): boolean {
src/hsr/observe.ts	581	function parseRunnerEvents(raw: string): RunnerEvent[] {
src/hsr/observe.ts	597	export async function readEventTail(bee: string): Promise<RunnerEvent[]> {
src/hsr/observe.ts	603	export async function readCurrentHsrEventTail(bee: string): Promise<RunnerEvent[]> {
src/hsr/observe.ts	616	function eventSnapshotFromRetainedEvents(
src/hsr/observe.ts	658	export async function hsrObservations(options: HsrObservationOptions = {}): Promise<Map<string, HsrObservation>> {
src/hsr/observe.ts	769	export function pendingNeedsInputFromEvents(
src/hsr/observe.ts	804	export async function pendingNeedsInput(bee: string): Promise<PendingNeedsInput | null> {
src/hsr/observe.ts	849	export function hsrUsageObservationFromEvents(events: RunnerEvent[]): HsrUsageObservation {
src/hsr/observe.ts	875	export async function hsrUsageObservation(bee: string): Promise<HsrUsageObservation> {
src/hsr/observe.ts	919	export function isHsrProcessGroupAlive(pgid: number): boolean {
src/hsr/observe.ts	930	export function inspectHsrHostProcess(
src/hsr/observe.ts	940	export function inspectHsrChildProcess(
src/hsr/observe.ts	966	export async function killOrphanedChildGroup(
src/hsr/observe.ts	1003	export async function ensureOrphanedChildGroupStopped(
src/hsr/observe.ts	1069	export async function proveHsrChildGroupAbsent(
src/hsr/observe.ts	1093	export async function reapDeadHosts(deps: HsrProcessSignalDependencies = {}): Promise<string[]> {
src/hsr/pendingTurns.ts	45	export class HsrDeliveryAmbiguousError extends Error {
src/hsr/pendingTurns.ts	48	constructor(readonly deliveryId: string, message: string, options?: ErrorOptions) {
src/hsr/pendingTurns.ts	54	export class HsrDeliveryInFlightError extends Error {
src/hsr/pendingTurns.ts	57	constructor(readonly deliveryId: string, message: string) {
src/hsr/pendingTurns.ts	63	export class HsrDeliveryIdentityConflictError extends Error {
src/hsr/pendingTurns.ts	66	constructor(readonly deliveryId: string, message: string) {
src/hsr/pendingTurns.ts	72	export class HsrDeliveryDiscardedError extends Error {
src/hsr/pendingTurns.ts	75	constructor(readonly deliveryId: string, message: string) {
src/hsr/pendingTurns.ts	81	export function isHsrDeliveryAmbiguous(error: unknown): boolean {
src/hsr/pendingTurns.ts	97	export function createPendingHsrDeliveryGate(): PendingHsrDeliveryGate {
src/hsr/pendingTurns.ts	111	function pendingTurnsDir(bee: string): string {
src/hsr/pendingTurns.ts	119	function retainedTurnReceiptsDir(bee: string): string {
src/hsr/pendingTurns.ts	135	function recoveryReplayDir(bee: string): string {
src/hsr/pendingTurns.ts	139	function recoveryReplayTurnsDir(bee: string): string {
src/hsr/pendingTurns.ts	143	function recoveryReplayManifestPath(bee: string): string {
src/hsr/pendingTurns.ts	147	function deliveryLockPath(bee: string): string {
src/hsr/pendingTurns.ts	152	function turnKey(deliveryId: string): string {
src/hsr/pendingTurns.ts	156	function pendingTurnStateLockPath(bee: string, deliveryId: string): string {
src/hsr/pendingTurns.ts	161	function deterministicTurnFilename(deliveryId: string): string {
src/hsr/pendingTurns.ts	166	export function withHsrTurnDeliveryLock<T>(bee: string, fn: () => Promise<T>): Promise<T> {
src/hsr/pendingTurns.ts	171	export async function enqueuePendingHsrTurn(
src/hsr/pendingTurns.ts	220	function validHost(value: unknown): value is PendingHsrTurnHost {
src/hsr/pendingTurns.ts	232	function normalizePendingTurn(parsed: Partial<PendingHsrTurn>, filename: string): PendingHsrTurn {
src/hsr/pendingTurns.ts	265	async function readTurnsFromDir(dir: string): Promise<PendingHsrTurn[]> {
src/hsr/pendingTurns.ts	296	export async function readPendingHsrTurns(bee: string): Promise<PendingHsrTurn[]> {
src/hsr/pendingTurns.ts	332	export async function readPendingHsrTurn(bee: string, deliveryId: string): Promise<PendingHsrTurn | null> {
src/hsr/pendingTurns.ts	346	export async function cancelPendingHsrTurnIfQueued(
src/hsr/pendingTurns.ts	358	function sameHost(left: PendingHsrTurnHost | undefined, right: PendingHsrTurnHost): boolean {
src/hsr/pendingTurns.ts	365	async function writePendingHsrTurn(bee: string, turn: PendingHsrTurn): Promise<void> {
src/hsr/pendingTurns.ts	370	async function mutatePendingHsrTurn<T>(
src/hsr/pendingTurns.ts	393	function assertTurnIdentity(
src/hsr/pendingTurns.ts	406	async function preparePendingHsrDelivery(
src/hsr/pendingTurns.ts	461	constructor(readonly turn: PendingHsrTurn, readonly original: Error) {
src/hsr/pendingTurns.ts	466	function throwAfterPersist(turn: PendingHsrTurn, error: Error): never {
src/hsr/pendingTurns.ts	471	export async function claimPendingHsrTurnOnHost(
src/hsr/pendingTurns.ts	489	async function advancePendingHsrTurn(
src/hsr/pendingTurns.ts	523	export const markPendingHsrTurnAccepted = (bee: string, id: string, host: PendingHsrTurnHost) =>
src/hsr/pendingTurns.ts	524	advancePendingHsrTurn(bee, id, host, "accepted");
src/hsr/pendingTurns.ts	525	export const markPendingHsrTurnStarted = (bee: string, id: string, host: PendingHsrTurnHost) =>
src/hsr/pendingTurns.ts	526	advancePendingHsrTurn(bee, id, host, "started");
src/hsr/pendingTurns.ts	527	export const markPendingHsrTurnAuthFailed = (bee: string, id: string, host: PendingHsrTurnHost) =>
src/hsr/pendingTurns.ts	528	advancePendingHsrTurn(bee, id, host, "auth_failed");
src/hsr/pendingTurns.ts	529	export const markPendingHsrTurnCompleted = (bee: string, id: string, host: PendingHsrTurnHost) =>
src/hsr/pendingTurns.ts	530	advancePendingHsrTurn(bee, id, host, "completed");
src/hsr/pendingTurns.ts	531	export const markPendingHsrTurnAmbiguous = (bee: string, id: string, host: PendingHsrTurnHost, error: string) =>
src/hsr/pendingTurns.ts	532	advancePendingHsrTurn(bee, id, host, "ambiguous", error);
src/hsr/pendingTurns.ts	534	async function readRecoveryReplayManifest(bee: string): Promise<StagedPendingHsrTurns | null> {
src/hsr/pendingTurns.ts	582	export function readStagedPendingHsrTurns(bee: string): Promise<StagedPendingHsrTurns | null> {
src/hsr/pendingTurns.ts	595	export async function stagePendingHsrTurnsForRecovery(
src/hsr/pendingTurns.ts	638	export async function restorePendingHsrTurnsAfterRecovery(bee: string): Promise<StagedPendingHsrTurns | null> {
src/hsr/pendingTurns.ts	667	export async function clearStagedPendingHsrTurns(bee: string): Promise<void> {
src/hsr/pendingTurns.ts	673	async function drainReplacementHost(bee: string): Promise<number> {
src/hsr/pendingTurns.ts	692	export async function drainStagedPendingHsrTurns(
src/hsr/pendingTurns.ts	724	export async function hasPendingHsrTurns(bee: string): Promise<boolean> {
src/hsr/pendingTurns.ts	735	export async function drainPendingHsrTurns(
src/hsr/pendingTurns.ts	773	export async function enqueueTurnForBootingHsrHost(
src/hsr/pendingTurns.ts	812	export async function settlePendingHsrTurnsForIntentionalStop(
src/hsr/pendingTurns.ts	836	async function forcePendingHsrTurnAmbiguousForPurge(
src/hsr/pendingTurns.ts	862	export async function preservePendingHsrTurnReceiptsForPurge(bee: string): Promise<PendingHsrTurn[]> {
src/hsr/pendingTurns.ts	896	export async function clearCompletedPendingHsrTurnReceipt(bee: string, deliveryId: string): Promise<boolean> {
src/hsr/pendingTurns.ts	911	export async function markAmbiguousPendingHsrTurnReceiptCompleted(
src/hsr/pendingTurns.ts	946	export async function markAmbiguousPendingHsrTurnReceiptDiscarded(bee: string, deliveryId: string): Promise<PendingHsrTurn> {
src/hsr/pendingTurns.ts	988	export async function markPendingHsrTurnPublicationAmbiguous(
src/hsr/pendingTurns.ts	1039	export async function ambiguatePendingHsrTurnsForEventIntegrity(
src/hsr/pendingTurns.ts	1058	export async function clearPendingHsrTurns(bee: string): Promise<void> {
src/hsr/processIdentity.ts	55	export function parseProcessRows(output: string): ProcessRow[] {
src/hsr/processIdentity.ts	69	function execPs(args: string[]): Promise<string> {
src/hsr/processIdentity.ts	92	export async function listProcessRows(): Promise<ProcessRow[]> {
src/hsr/processIdentity.ts	101	export async function readProcessBirthFingerprint(pid: number): Promise<ProcessBirthFingerprint | null> {
src/hsr/processIdentity.ts	123	export async function capturePersistableProcessBirthFingerprint(
src/hsr/processIdentity.ts	135	export async function captureProcessBirthFingerprint(
src/hsr/processIdentity.ts	155	export async function captureProcessBirthFingerprintWithRetry(
src/hsr/processIdentity.ts	174	export function sameProcessBirthFingerprint(
src/hsr/processIdentity.ts	191	function normalizeStartedAt(value: string): string {
src/hsr/processIdentity.ts	200	export async function inspectProcessBirth(
src/hsr/processIdentity.ts	228	export async function readProcessGroupPresence(pgid: number): Promise<ProcessGroupPresence> {
src/hsr/processIdentity.ts	250	export async function inspectProcessGroupBirth(
src/hsr/provisioning.ts	21	function runGit(args: string[], cwd?: string): Promise<{ ok: boolean; stdout: string; stderr: string; code: number }> {
src/hsr/provisioning.ts	34	function firstLine(text: string): string {
src/hsr/provisioning.ts	39	function normRepo(url: string): string {
src/hsr/provisioning.ts	43	function sameRepo(a: string, b: string): boolean {
src/hsr/provisioning.ts	48	function slugForRepo(repo: string): string {
src/hsr/provisioning.ts	60	function safeGitRef(raw: string): string | null {
src/hsr/provisioning.ts	73	function safeRepoUrl(raw: string): string | null {
src/hsr/provisioning.ts	84	function safeCheckoutName(raw: string): string | null {
src/hsr/provisioning.ts	93	async function currentBranch(path: string): Promise<string | undefined> {
src/hsr/provisioning.ts	107	export async function provisionCheckout(params: ProvisionParams): Promise<Record<string, unknown>> {
src/hsr/provisioning.ts	177	export async function enumerateCheckouts(): Promise<Array<Record<string, unknown>>> {
src/hsr/remoteCreds.ts	104	export async function mintEphemeralCredential(
src/hsr/remoteCreds.ts	169	function blankRefreshTokens(value: unknown): unknown {
src/hsr/remoteCreds.ts	190	async function mintRefreshBlankedFileCredential(account: AccountRecord, kind: string): Promise<EphemeralCredential> {
src/hsr/remoteCreds.ts	214	async function mintOpenCodeProviderCredential(account: AccountRecord, kind: string): Promise<EphemeralCredential> {
src/hsr/remoteCreds.ts	252	async function mintCodexAccessTokenCredential(account: AccountRecord, kind: string, deps: MintDeps): Promise<EphemeralCredential> {
src/hsr/remoteCreds.ts	298	async function defaultRunClaudeSetupToken(homePath: string): Promise<string | null> {
src/hsr/remoteCreds.ts	313	function extractSetupToken(raw: string): string | null {
src/hsr/remoteCreds.ts	329	async function requirePrimaryCredential(account: AccountRecord, kind: string): Promise<EphemeralCredentialFile> {
src/hsr/remoteCreds.ts	355	export function homeDirForSpec(kind: string, env: Record<string, string>): string | undefined {
src/hsr/remoteCreds.ts	472	export class DeliveredCredentialsLocatorError extends Error {
src/hsr/remoteCreds.ts	475	constructor(code: "locator-unreadable" | "locator-invalid") {
src/hsr/remoteCreds.ts	482	function errnoCode(error: unknown): string | undefined {
src/hsr/remoteCreds.ts	486	function physicalIdentity(info: BigIntStats): PhysicalIdentity {
src/hsr/remoteCreds.ts	490	function samePhysicalIdentity(info: BigIntStats, identity: PhysicalIdentity): boolean {
src/hsr/remoteCreds.ts	494	function currentUid(): bigint {
src/hsr/remoteCreds.ts	501	function requireNoFollowFlag(): number {
src/hsr/remoteCreds.ts	508	function credentialPathComponents(value: unknown): string[] | null {
src/hsr/remoteCreds.ts	516	function isSafeCredentialRelativePath(value: unknown): value is string {
src/hsr/remoteCreds.ts	520	function isStrictBase64(value: string): boolean {
src/hsr/remoteCreds.ts	526	function keysExactly(value: Record<string, unknown>, expected: readonly string[]): boolean {
src/hsr/remoteCreds.ts	532	function decimalIdentity(value: unknown): value is string {
src/hsr/remoteCreds.ts	536	function isSafeBeeName(bee: string): boolean {
src/hsr/remoteCreds.ts	540	async function canonicalOwnedHome(homeDir: string): Promise<OwnedHomeIdentity> {
src/hsr/remoteCreds.ts	558	function targetFor(home: OwnedHomeIdentity, homeRelPath: string): string {
src/hsr/remoteCreds.ts	564	async function lstatOrAbsent(path: string): Promise<BigIntStats | null> {
src/hsr/remoteCreds.ts	573	async function ensureOwnedParentDirectories(
src/hsr/remoteCreds.ts	609	async function verifyParentDirectories(
src/hsr/remoteCreds.ts	637	async function prepareDeliveredCredentials(homeDir: string, creds: DeliveredCredentials): Promise<{
src/hsr/remoteCreds.ts	719	async function writePreparedCredentials(prepared: PreparedCredential[]): Promise<void> {
src/hsr/remoteCreds.ts	748	export async function writeDeliveredCredentials(homeDir: string, creds: DeliveredCredentials): Promise<string[]> {
src/hsr/remoteCreds.ts	766	function deliveredCredsPath(bee: string): string {
src/hsr/remoteCreds.ts	770	async function syncDirectory(path: string): Promise<void> {
src/hsr/remoteCreds.ts	784	async function writeDurableExclusiveLocator(path: string, data: string): Promise<void> {
src/hsr/remoteCreds.ts	828	export async function recordDeliveredCredentials(bee: string, paths: string[]): Promise<void> {
src/hsr/remoteCreds.ts	844	export async function deliverAndRecordCredentials(
src/hsr/remoteCreds.ts	872	function parseLocator(raw: string, bee: string): ParsedDeliveredCredentialsLocator | null {
src/hsr/remoteCreds.ts	968	async function callBefore(options: DeliveredCredentialEraseOptions, operation: DeliveredCredentialEraseOperation): Promise<void> {
src/hsr/remoteCreds.ts	972	async function loadLocator(bee: string, options: DeliveredCredentialEraseOptions): Promise<LoadedLocator | null> {
src/hsr/remoteCreds.ts	1016	export async function readDeliveredCredentials(bee: string): Promise<string[]> {
src/hsr/remoteCreds.ts	1021	function eraseFailure(code: DeliveredCredentialEraseFailureCode): DeliveredCredentialEraseResult {
src/hsr/remoteCreds.ts	1025	async function verifyOwnedHome(
src/hsr/remoteCreds.ts	1047	function zeroedTargetIdentity(info: BigIntStats): ZeroedTargetIdentity {
src/hsr/remoteCreds.ts	1057	function sameZeroedTargetIdentity(info: BigIntStats, identity: ZeroedTargetIdentity): boolean {
src/hsr/remoteCreds.ts	1067	function zeroReceiptDirectory(bee: string): string {
src/hsr/remoteCreds.ts	1071	function zeroReceiptPath(loaded: LoadedLocator, fileIndex: number): string {
src/hsr/remoteCreds.ts	1075	async function verifyZeroReceiptDirectory(bee: string, create: boolean): Promise<string | null> {
src/hsr/remoteCreds.ts	1092	function expectedZeroReceipt(
src/hsr/remoteCreds.ts	1108	function parseZeroReceipt(raw: string): ZeroedCredentialReceipt | null {
src/hsr/remoteCreds.ts	1149	function sameZeroReceipt(actual: ZeroedCredentialReceipt, expected: ZeroedCredentialReceipt): boolean {
src/hsr/remoteCreds.ts	1165	async function loadZeroReceipt(
src/hsr/remoteCreds.ts	1219	async function persistZeroReceipt(
src/hsr/remoteCreds.ts	1270	async function verifyZeroBytes(
src/hsr/remoteCreds.ts	1290	async function zeroCredentialTarget(
src/hsr/remoteCreds.ts	1393	async function unlinkZeroedTarget(
src/hsr/remoteCreds.ts	1502	async function overwriteAndUnlink(
src/hsr/remoteCreds.ts	1521	async function shredDeliveredCredentialsTransaction(
src/hsr/remoteCreds.ts	1585	export function shredDeliveredCredentials(
src/hsr/remoteEventMirror.ts	96	close(): Promise<void>;
src/hsr/remoteEventMirror.ts	122	function remoteMirrorCursorPath(bee: string): string {
src/hsr/remoteEventMirror.ts	126	function remoteMirrorRingStatePath(bee: string): string {
src/hsr/remoteEventMirror.ts	145	function remoteNodeName(record: SessionRecord): string | undefined {
src/hsr/remoteEventMirror.ts	153	function isRunnerEvent(value: unknown): value is RunnerEvent {
src/hsr/remoteEventMirror.ts	157	function substrateSignature(node: NodeRecord): string {
src/hsr/remoteEventMirror.ts	166	export function createRemoteEventMirror(deps: RemoteEventMirrorDeps = {}): RemoteEventMirrorDispatcher {
src/hsr/remoteHost.ts	150	function messageOf(error: unknown): string {
src/hsr/remoteHost.ts	154	function canonicalJson(value: unknown): unknown {
src/hsr/remoteHost.ts	165	function remoteSpawnRequestDigest(params: unknown): string {
src/hsr/remoteHost.ts	169	function answerResultForReceipt(
src/hsr/remoteHost.ts	196	async function unresolvedAnswerOwnership(bee: string): Promise<HsrAnswerReceipt | null> {
src/hsr/remoteHost.ts	202	function sameAnswerOperation(left: HsrAnswerOperation, right: HsrAnswerOperation): boolean {
src/hsr/remoteHost.ts	217	async function assertNoUnresolvedRemoteAnswerOwnership(bee: string, operation: string): Promise<void> {
src/hsr/remoteHost.ts	226	function requireRemoteBeeName(raw: unknown): string {
src/hsr/remoteHost.ts	233	function requireLaunchId(raw: unknown): string {
src/hsr/remoteHost.ts	242	export function remoteHarnessPolicyError(kind: string): string | undefined {
src/hsr/remoteHost.ts	257	export function resolveRemoteSpawnCwd(bee: string, cwd: unknown): { cwd: string; derived: boolean } {
src/hsr/remoteHost.ts	280	export function resolveRemoteSpawnHome(bee: string, kind: string, home: unknown): { homeDir: string; homeEnv: string | undefined } {
src/hsr/remoteHost.ts	294	function bundledPackageVersion(): string | undefined {
src/hsr/remoteHost.ts	308	export function versionCore(): string {
src/hsr/remoteHost.ts	322	export function versionString(): string {
src/hsr/remoteHost.ts	340	attachServer(server: RpcServer): void;
src/hsr/remoteHost.ts	342	beginClose(): void;
src/hsr/remoteHost.ts	343	close(): Promise<void>;
src/hsr/remoteHost.ts	364	function eventMatchesHost(event: RunnerEvent, expected: RemoteHsrHostIdentity): boolean {
src/hsr/remoteHost.ts	379	async function readHsrListEventProjection(
src/hsr/remoteHost.ts	387	export function buildController(options: RunnerHostControllerOptions = {}): RunnerHostController {
src/hsr/remoteHost.ts	3315	export async function serve(socketPath: string, options: RunnerHostControllerOptions = {}): Promise<RpcServer> {
src/hsr/remoteHost.ts	3343	function cliFlag(argv: string[], name: string): string | undefined {
src/hsr/remoteHost.ts	3352	async function liveServePing(socketPath: string): Promise<{ client: RpcClient; ping: RunnerHostPing }> {
src/hsr/remoteHost.ts	3364	async function probeLiveServe(socketPath: string, expectedVersion: string): Promise<void> {
src/hsr/remoteHost.ts	3383	async function upgradeLiveServe(socketPath: string, targetVersion: string): Promise<"already-current" | "upgraded"> {
src/hsr/remoteHost.ts	3443	async function main(argv: string[]): Promise<number> {
src/hsr/remoteHost.ts	3608	main(process.argv.slice(2)).then(
src/hsr/remoteLaunchReceipt.ts	10	export const REMOTE_HSR_SAFETY_PROTOCOL = 1;
src/hsr/remoteLaunchReceipt.ts	57	export function remoteHsrLaunchReceiptPath(bee: string): string {
src/hsr/remoteLaunchReceipt.ts	68	function remoteHsrLaunchHistoryPath(bee: string, launchId: string): string {
src/hsr/remoteLaunchReceipt.ts	74	function remoteHsrLaunchCancellationPath(bee: string, launchId: string): string {
src/hsr/remoteLaunchReceipt.ts	81	export async function remoteHsrRunDirExistsStrict(bee: string): Promise<boolean> {
src/hsr/remoteLaunchReceipt.ts	91	function validFingerprint(value: unknown): value is ProcessBirthFingerprint {
src/hsr/remoteLaunchReceipt.ts	98	function validHost(value: unknown): value is RemoteHsrHostIdentity {
src/hsr/remoteLaunchReceipt.ts	109	async function readReceiptAtStrict(
src/hsr/remoteLaunchReceipt.ts	221	export async function writeRemoteHsrLaunchCancellation(bee: string, launchId: string): Promise<void> {
src/hsr/remoteLaunchReceipt.ts	228	export async function readRemoteHsrLaunchCancellationStrict(bee: string, launchId: string): Promise<boolean> {
src/hsr/remoteLaunchReceipt.ts	258	export async function readRemoteHsrLaunchReceiptStrict(bee: string): Promise<RemoteHsrLaunchReceipt | null> {
src/hsr/remoteLaunchReceipt.ts	263	export async function listRemoteHsrLaunchReceiptsStrict(): Promise<RemoteHsrLaunchReceipt[]> {
src/hsr/remoteLaunchReceipt.ts	296	export async function readRemoteHsrLaunchHistoryStrict(
src/hsr/remoteLaunchReceipt.ts	303	export async function writeRemoteHsrLaunchReceipt(receipt: RemoteHsrLaunchReceipt): Promise<void> {
src/hsr/remoteTransport.ts	45	export const DEFAULT_REMOTE_SOCKET = DEFAULT_REMOTE_RUNNER_HOST_SOCKET;
src/hsr/remoteTransport.ts	104	kill(): void;
src/hsr/remoteTransport.ts	128	function sshBinaryFor(node: NodeRecord): string {
src/hsr/remoteTransport.ts	132	function controlArgsFor(node: NodeRecord): string[] {
src/hsr/remoteTransport.ts	140	function forwardControlArgsFor(node: NodeRecord): string[] {
src/hsr/remoteTransport.ts	145	export function buildServeExecArgv(node: NodeRecord, remoteCommand: string): string[] {
src/hsr/remoteTransport.ts	150	export function buildSshForwardArgv(node: NodeRecord, localSocket: string, remoteSocket: string): string[] {
src/hsr/remoteTransport.ts	162	export function localForwardSocket(node: NodeRecord): string {
src/hsr/remoteTransport.ts	166	function requireVersion(node: NodeRecord): string {
src/hsr/remoteTransport.ts	186	export async function resolveRemoteSocket(runRemote: RunRemote, remoteSocket: string): Promise<string> {
src/hsr/remoteTransport.ts	212	export async function ensureRemoteServe(
src/hsr/remoteTransport.ts	293	close(): Promise<void>;
src/hsr/remoteTransport.ts	309	export async function openSshSocketForward(
src/hsr/remoteTransport.ts	313	requireVersion(node);
src/hsr/remoteTransport.ts	374	connected(): boolean;
src/hsr/remoteTransport.ts	381	call(method: string, params?: unknown, opts?: { timeoutMs?: number }): Promise<unknown>;
src/hsr/remoteTransport.ts	387	on(method: string, handler: (params: unknown) => void): () => void;
src/hsr/remoteTransport.ts	389	droppedCount(method: string): number;
src/hsr/remoteTransport.ts	391	close(): Promise<void>;
src/hsr/remoteTransport.ts	417	export async function connectRemoteRunnerHost(
src/hsr/remoteTransport.ts	421	requireVersion(node);
src/hsr/remoteTransport.ts	596	emitStatus("up", { attempt: 0 });
src/hsr/remoteTransport.ts	657	function pickDeps(opts: RemoteTransportDeps): RemoteTransportDeps {
src/hsr/remoteTransport.ts	670	export function defaultSpawnTunnel(argv: string[]): TunnelChild {
src/hsr/remoteWorkingCopy.ts	44	provisionRemote(params: { repo: string; branch?: string; name?: string }): Promise<{ path: string }>;
src/hsr/remoteWorkingCopy.ts	56	function defaultExec(command: string, args: string[], opts: { cwd?: string; timeoutMs?: number }): Promise<ExecResult> {
src/hsr/remoteWorkingCopy.ts	79	function proSaysNotApplicable(stderr: string): boolean {
src/hsr/remoteWorkingCopy.ts	84	function proRejectsDirtyFlag(stderr: string): boolean {
src/hsr/remoteWorkingCopy.ts	92	function remedyFor(stderr: string, endpoint: string): string {
src/hsr/remoteWorkingCopy.ts	108	export async function resolveRemoteCwd(
src/hsr/rpc.ts	54	function frame(value: JsonRpcResponse | JsonRpcNotification | JsonRpcRequest): string {
src/hsr/rpc.ts	71	broadcast(method: string, params?: unknown): void;
src/hsr/rpc.ts	73	connectionCount(): number;
src/hsr/rpc.ts	75	broadcastDroppedCount(): number;
src/hsr/rpc.ts	76	close(): Promise<void>;
src/hsr/rpc.ts	85	async function clearStaleSocket(socketPath: string): Promise<void> {
src/hsr/rpc.ts	114	export async function startRpcServer(opts: {
src/hsr/rpc.ts	295	call(method: string, params?: unknown, opts?: { timeoutMs?: number }): Promise<unknown>;
src/hsr/rpc.ts	297	on(method: string, handler: (params: unknown) => void): () => void;
src/hsr/rpc.ts	298	close(): void;
src/hsr/rpc.ts	310	export async function connectRpcClient(
src/hsr/runDir.ts	35	export function hsrRoot(): string {
src/hsr/runDir.ts	40	export function hsrRunDir(bee: string): string {
src/hsr/runDir.ts	52	export function worktreesRoot(): string {
src/hsr/runDir.ts	56	export function hsrMetaPath(bee: string): string {
src/hsr/runDir.ts	60	export function hsrEventsPath(bee: string): string {
src/hsr/runDir.ts	64	export function hsrRingPath(bee: string): string {
src/hsr/runDir.ts	68	export function hsrSeqPath(bee: string): string {
src/hsr/runDir.ts	73	function hsrSourceProofPath(bee: string): string {
src/hsr/runDir.ts	78	export function hsrEventAuthorityLockPath(bee: string): string {
src/hsr/runDir.ts	84	export function hsrEventHistoryEvidenceDir(bee: string, integrityId: string): string {
src/hsr/runDir.ts	91	export function hsrEventConsumerDiscardEvidencePath(
src/hsr/runDir.ts	117	export function hsrSocketDir(): string {
src/hsr/runDir.ts	129	export function hsrControlSocketPath(bee: string): string {
src/hsr/runDir.ts	226	function validHsrStartupFailure(value: unknown): value is HsrStartupFailure {
src/hsr/runDir.ts	234	function validHsrEventStreamClosure(value: unknown): value is HsrEventStreamClosure {
src/hsr/runDir.ts	243	function validHsrEventStreamClosureShape(object: Record<string, unknown>): boolean {
src/hsr/runDir.ts	253	export function hsrMetaProvesProviderNeverStarted(meta: HsrMeta): boolean {
src/hsr/runDir.ts	260	function validMirrorSyncShape(object: Record<string, unknown>): boolean {
src/hsr/runDir.ts	272	export async function ensureHsrRunDir(bee: string): Promise<void> {
src/hsr/runDir.ts	281	export async function removeConfirmedStoppedHsrRunDir(
src/hsr/runDir.ts	306	forgetHsrRunState(bee);
src/hsr/runDir.ts	330	function hsrRestartPath(bee: string): string {
src/hsr/runDir.ts	335	export async function writeHsrRestart(bee: string, descriptor: HsrRestartDescriptor): Promise<void> {
src/hsr/runDir.ts	340	export async function readHsrRestart(bee: string): Promise<HsrRestartDescriptor | null> {
src/hsr/runDir.ts	359	export async function writeHsrMeta(bee: string, meta: HsrMeta): Promise<void> {
src/hsr/runDir.ts	368	export async function readHsrMeta(bee: string): Promise<HsrMeta | null> {
src/hsr/runDir.ts	424	export async function readHsrMetaStrict(bee: string): Promise<HsrMeta | null> {
src/hsr/runDir.ts	528	export function __testOnlyHasAppendChain(bee: string): boolean {
src/hsr/runDir.ts	554	export const HSR_LEGACY_EVENT_CONSUMER_ID = "__legacy_single_consumer__";
src/hsr/runDir.ts	570	export class HsrSourceEventLogBusyError extends Error {
src/hsr/runDir.ts	572	constructor(readonly bee: string) {
src/hsr/runDir.ts	581	export function __testOnlySetHsrEventAuthorityTimeout(timeoutMs: number | undefined): void {
src/hsr/runDir.ts	585	export async function withHsrEventAuthorityLock<T>(
src/hsr/runDir.ts	608	export async function removeHsrRunDirUnderEventAuthority(bee: string): Promise<void> {
src/hsr/runDir.ts	618	forgetHsrRunState(safeBee);
src/hsr/runDir.ts	628	export async function removeHsrRunDirIfConsumersCaughtUp(
src/hsr/runDir.ts	658	function validHsrConsumerId(value: unknown): value is string {
src/hsr/runDir.ts	662	function effectiveConsumerWatermark(state: HsrSeqState): number | undefined {
src/hsr/runDir.ts	728	export function __testOnlySetSourceValidationAfterEventRead(
src/hsr/runDir.ts	735	export function __testOnlySetWholeEventLogReadGuard(
src/hsr/runDir.ts	741	async function readWholeHsrEventLog(bee: string): Promise<string> {
src/hsr/runDir.ts	746	async function readEventLogProof(bee: string): Promise<HsrEventLogProof | null> {
src/hsr/runDir.ts	762	function sameEventLogProof(left: HsrEventLogProof | null, right: HsrEventLogProof | null): boolean {
src/hsr/runDir.ts	773	function validStoredEventLogProof(value: unknown): value is HsrEventLogProof | null {
src/hsr/runDir.ts	781	function validProjectionFact(value: unknown): value is HsrSourceProjectionFact {
src/hsr/runDir.ts	789	function validProjectionFacts(value: unknown): value is HsrSourceProjectionFacts {
src/hsr/runDir.ts	796	function validSourceProjection(value: unknown): value is HsrSourceProjectionAccumulator {
src/hsr/runDir.ts	812	function parseSourceAuthorityProof(raw: string): HsrSourceAuthorityProof | null {
src/hsr/runDir.ts	845	async function readSourceAuthorityProof(bee: string): Promise<HsrSourceAuthorityProof | null> {
src/hsr/runDir.ts	857	async function persistSourceAuthorityProof(bee: string, proof: HsrSourceAuthorityProof): Promise<void> {
src/hsr/runDir.ts	862	async function validatedSourceAuthorityProofInLock(
src/hsr/runDir.ts	872	function tailProofOf(event: RunnerEvent): HsrSourceTailProof | undefined {
src/hsr/runDir.ts	881	function sourceEventMatchesHost(
src/hsr/runDir.ts	892	function projectionLifecycleMatchesRoot(event: RunnerEvent, rootThreadId: string | undefined): boolean {
src/hsr/runDir.ts	898	function addSourceProjectionFact(
src/hsr/runDir.ts	935	function foldSourceProjection(
src/hsr/runDir.ts	965	function sourceProjectionMatches(
src/hsr/runDir.ts	977	function emptySourceProjection(
src/hsr/runDir.ts	999	function advanceSourceProjectionHostEpoch(
src/hsr/runDir.ts	1013	export function __testOnlyResetSeqState(bee?: string): void {
src/hsr/runDir.ts	1025	export function forgetHsrRunState(bee: string): void {
src/hsr/runDir.ts	1033	export async function drainHsrEventWrites(bee: string): Promise<void> {
src/hsr/runDir.ts	1047	export function resetHsrMirrorGeneration(bee: string): Promise<void> {
src/hsr/runDir.ts	1082	function sha256Text(value: string): string {
src/hsr/runDir.ts	1086	async function optionalText(path: string): Promise<string | null> {
src/hsr/runDir.ts	1095	function parseEventHistorySnapshot(raw: string, integrityId: string): HsrEventHistorySnapshot {
src/hsr/runDir.ts	1118	async function verifiedEventHistorySnapshot(bee: string, integrityId: string): Promise<HsrEventHistorySnapshot | null> {
src/hsr/runDir.ts	1135	export async function isHsrEventHistoryQuarantined(bee: string, integrityId: string): Promise<boolean> {
src/hsr/runDir.ts	1152	export function quarantineHsrEventHistory(bee: string, integrityId: string): Promise<void> {
src/hsr/runDir.ts	1201	export async function readHsrSeqState(bee: string): Promise<HsrSeqState | null> {
src/hsr/runDir.ts	1272	async function persistSeqState(bee: string, state: HsrSeqState): Promise<void> {
src/hsr/runDir.ts	1277	async function readHsrSeqStateForWriterStrict(bee: string): Promise<HsrSeqState | null> {
src/hsr/runDir.ts	1294	function mergeHsrSeqStates(left: HsrSeqState, right: HsrSeqState): HsrSeqState {
src/hsr/runDir.ts	1359	function seqOfLine(line: string): number | undefined {
src/hsr/runDir.ts	1376	function stripSeqFromLine(line: string): string {
src/hsr/runDir.ts	1388	async function eventLogNeedsTrailingNewline(bee: string): Promise<boolean> {
src/hsr/runDir.ts	1405	function validateDurableConsumerEventLog(bee: string, raw: string, state: HsrSeqState): number {
src/hsr/runDir.ts	1474	async function loadSeqState(bee: string): Promise<HsrSeqState> {
src/hsr/runDir.ts	1532	async function readHsrSourceEventLogStrictInChain(bee: string): Promise<RunnerEvent[]> {
src/hsr/runDir.ts	1542	async function currentSourceAuthorityProofInLock(bee: string): Promise<HsrSourceAuthorityProof | null> {
src/hsr/runDir.ts	1558	async function validateHsrSourceEventLogStrictInChain(bee: string): Promise<void> {
src/hsr/runDir.ts	1565	async function terminalEventStreamHighWaterInChain(bee: string, meta: HsrMeta): Promise<number> {
src/hsr/runDir.ts	1610	export function sealHsrEventStreamClosure(
src/hsr/runDir.ts	1632	export function verifyHsrEventStreamClosure(
src/hsr/runDir.ts	1653	export function validateHsrSourceEventLogStrict(bee: string): Promise<void> {
src/hsr/runDir.ts	1675	export function readHsrSourceEventsStrict(bee: string): Promise<RunnerEvent[]> {
src/hsr/runDir.ts	1702	export const HSR_EVENTS_MAX_BYTES = 1024 * 1024;
src/hsr/runDir.ts	1703	export const HSR_EVENTS_COMPACT_KEEP_LINES = 400;
src/hsr/runDir.ts	1704	export const HSR_EVENTS_COMPACT_TARGET_BYTES = 512 * 1024;
src/hsr/runDir.ts	1713	function lifecycleScopeKey(event: Extract<RunnerEvent, { type: "turn_start" | "turn_end" }>): string {
src/hsr/runDir.ts	1753	async function compactHsrEventsInChain(
src/hsr/runDir.ts	2066	export function compactHsrEvents(
src/hsr/runDir.ts	2105	export function onHsrEventAppended(listener: (bee: string, event: RunnerEvent) => void): () => void {
src/hsr/runDir.ts	2124	export function appendHsrEvent(bee: string, event: RunnerEvent): Promise<void> {
src/hsr/runDir.ts	2233	export function ackHsrEvents(bee: string, upToSeq: number, consumerId?: string): Promise<number> {
src/hsr/runDir.ts	2280	function withoutConsumer(state: HsrSeqState, consumerId: string): HsrSeqState {
src/hsr/runDir.ts	2298	export async function readPendingHsrEventConsumers(
src/hsr/runDir.ts	2342	async function readHsrConsumerDiscardEvidence(
src/hsr/runDir.ts	2384	export function discardHsrEventConsumer(
src/hsr/runDir.ts	2483	export function markHsrConsumerSubscribed(bee: string, consumerId?: string): Promise<void> {
src/hsr/runDir.ts	2529	export function markHsrConsumerSubscribedStrict(
src/hsr/runDir.ts	2616	export const HSR_EVENT_REPLAY_PAGE_MAX_EVENTS = 128;
src/hsr/runDir.ts	2617	export const HSR_EVENT_REPLAY_PAGE_TARGET_BYTES = 256 * 1024;
src/hsr/runDir.ts	2620	export const HSR_EVENT_REPLAY_MAX_EVENT_BYTES = 4 * 1024 * 1024;
src/hsr/runDir.ts	2632	export class HsrEventReplayPageTokenError extends Error {
src/hsr/runDir.ts	2633	constructor(message: string) {
src/hsr/runDir.ts	2665	export function __testOnlySetReplayPageAfterSessionClaim(
src/hsr/runDir.ts	2672	export async function __testOnlyClearHsrEventReplaySessions(): Promise<void> {
src/hsr/runDir.ts	2704	async function closeHsrEventReplaySession(session: HsrEventReplaySession): Promise<void> {
src/hsr/runDir.ts	2714	function retainHsrEventReplaySession(session: HsrEventReplaySession): void {
src/hsr/runDir.ts	2728	async function emptyEventLogLines(): Promise<AsyncGenerator<BoundedEventLogLine>> {
src/hsr/runDir.ts	2745	async function strictReplaySeqStateInLock(bee: string): Promise<HsrSeqState> {
src/hsr/runDir.ts	2780	async function openHsrEventReplaySession(
src/hsr/runDir.ts	2840	function parseReplayEventLine(session: HsrEventReplaySession, framed: BoundedEventLogLine): RunnerEvent | undefined {
src/hsr/runDir.ts	2901	async function finishReplaySnapshot(session: HsrEventReplaySession): Promise<void> {
src/hsr/runDir.ts	2924	async function readHsrEventReplayPageInLock(session: HsrEventReplaySession): Promise<HsrEventsReplayPage> {
src/hsr/runDir.ts	3047	export function readHsrEventsPageAfterSeqStrict(
src/hsr/runDir.ts	3096	function parseStrictSeqState(bee: string, raw: string): HsrSeqState {
src/hsr/runDir.ts	3179	async function readStrictSeqStateInEventLock(bee: string): Promise<HsrSeqState> {
src/hsr/runDir.ts	3204	async function foldHsrEventLogStrictInLock<T>(
src/hsr/runDir.ts	3357	export function foldHsrRetainedEventsStrict<T>(
src/hsr/runDir.ts	3386	export function foldHsrSourceEventsStrict<T>(
src/hsr/runDir.ts	3415	function latestSourceProjectionFact(
src/hsr/runDir.ts	3424	function latestSourceExhausted(
src/hsr/runDir.ts	3435	function finishSourceProjection(projection: HsrSourceProjectionAccumulator): HsrSourceListProjection {
src/hsr/runDir.ts	3473	export function readHsrSourceListProjectionStrict(
src/hsr/runDir.ts	3510	export function readHsrLeastConsumerCursorStrict(
src/hsr/runDir.ts	3548	function firstSeqGap(cursor: number, retained: number[], issuedMax: number): HsrSeqGap | undefined {
src/hsr/runDir.ts	3566	export async function readHsrEventsAfterSeq(bee: string, afterSeq: number): Promise<HsrEventsAfterSeq> {
src/hsr/runDir.ts	3606	function readHsrEventsWindowStrict(
src/hsr/runDir.ts	3721	export function readHsrEventsAfterSeqStrict(
src/hsr/runDir.ts	3736	export function readHsrRetainedEventsStrict(bee: string): Promise<HsrEventsAfterSeq> {
src/hsr/runDir.ts	3741	export async function writeHsrRing(bee: string, text: string): Promise<void> {
src/hsr/runDir.ts	3748	export const HSR_RING_MAX_LINES = 200;
src/hsr/runDir.ts	3749	export const HSR_RING_MAX_BYTES = 16 * 1024;
src/hsr/runDir.ts	3755	export function appendRingText(ring: string, text: string): string {
src/hsr/runner-entry.ts	68	export const EXECUTION_CELL_AMBIENT_ENV_KEYS = [
src/hsr/runner-entry.ts	121	function copyStringEnvironment(source: EnvironmentSource): Record<string, string> {
src/hsr/runner-entry.ts	129	function proxyUrlContainsCredentials(value: string): boolean {
src/hsr/runner-entry.ts	152	export function assertExecutionCellProxyEnvironment(
src/hsr/runner-entry.ts	166	export function hsrHostEnvironment(
src/hsr/runner-entry.ts	171	assertExecutionCellProxyEnvironment(inherited);
src/hsr/runner-entry.ts	187	export function executionCellProviderEnvironment(
src/hsr/runner-entry.ts	200	export function sanitizeExecutionCellPayload(payload: HsrRunPayload): HsrRunPayload {
src/hsr/runner-entry.ts	212	export function hsrHarnessEnvironment(
src/hsr/runner-entry.ts	245	function payloadStrings(value: unknown, found = new Set<string>()): Set<string> {
src/hsr/runner-entry.ts	261	export function redactHsrPayloadError(error: unknown, payload: HsrRunPayload): Error {
src/hsr/runner-entry.ts	270	export function hsrStartupFailureForPayload(error: unknown, payload: HsrRunPayload): HsrStartupFailure {
src/hsr/runner-entry.ts	301	export function cellSpaceKeyForCwd(cwd: string): string | undefined {
src/hsr/runner-entry.ts	317	export function applyCellEnvironmentStamp(
src/hsr/runner-entry.ts	339	export async function applyCellGithubCredential(
src/hsr/runner-entry.ts	361	export function hostGithubCredentialResolverEnvironment(
src/hsr/runner-entry.ts	373	export function hostGithubSessionToken(inherited: EnvironmentSource = process.env): Promise<string> {
src/hsr/runner-entry.ts	389	async function validatedHsrPayloadPath(payloadPath: string): Promise<{ payloadPath: string; dir: string }> {
src/hsr/runner-entry.ts	417	export async function consumeHsrRunPayload(payloadPath: string): Promise<HsrRunPayload> {
src/hsr/runner-entry.ts	452	export async function startHsrHostFromPayload(
src/hsr/runner-entry.ts	465	async function startConsumedHsrPayload(
src/hsr/runner-entry.ts	479	export async function runHsrHostFromPayload(payloadPath: string | undefined): Promise<void> {
src/hsr/runner-entry.ts	502	shutdownCellSandbox();
src/hsr/runner-entry.ts	506	async function hydrateAndStartConsumedPayload(
src/hsr/runner-entry.ts	525	applyCellEnvironmentStamp(childEnv, payload);
src/hsr/runner-entry.ts	585	runHsrHostFromPayload(process.argv[2]).catch((error) => {
src/hsr/runnerHost.ts	40	export function inheritableExecArgvForHsr(): string[] {
src/hsr/runnerHost.ts	69	export function dedicatedHsrEntryCandidate(runnerHostEntry: string): string | undefined {
src/hsr/runnerHost.ts	82	export function isRunnerHostBundleEntry(runnerHostEntry: string): boolean {
src/hsr/runnerHost.ts	92	export async function resolveHsrEntry(
src/hsr/runnerHost.ts	124	export function hsrEntryArgv(entry: ResolvedHsrEntry, payloadPath: string): string[] {
src/hsr/runnerHost.ts	140	export function hsrCellPayloadFields(
src/hsr/runnerHost.ts	171	export async function spawnHsrHost(
src/hsr/runnerHost.ts	247	async function waitForSpawnedHostChildAdmission(bee: string, hostPid: number, timeoutMs: number): Promise<void> {
src/hsr/runnerHost.ts	276	async function waitForSpawnedHostExit(child: ReturnType<typeof spawnChild>, timeoutMs: number): Promise<boolean> {
src/hsr/runnerHost.ts	292	export function spawnedHsrHostHasExited(expectedPid: number): boolean {
src/hsr/runnerHost.ts	301	export async function stopSpawnedHsrHost(expectedPid: number): Promise<SpawnedHsrHostStop> {
src/hsr/runnerHost.ts	317	export const HSR_HOST_POLL_INTERVAL_MS = 10;
src/hsr/runnerHost.ts	328	export async function waitForHsrHost(
src/hsr/runnerHost.ts	356	export async function waitForHsrReadiness(
src/hsr/runnerHostArtifact.ts	8	export const RUNNER_HOST_ARTIFACT_SCHEMA_VERSION = 1;
src/hsr/runnerHostArtifact.ts	9	export const RUNNER_HOST_ARTIFACT_FILENAME = "runner-host.mjs";
src/hsr/runnerHostArtifact.ts	10	export const RUNNER_HOST_ARTIFACT_MANIFEST_FILENAME = "runner-host.manifest.json";
src/hsr/runnerHostArtifact.ts	29	export function runnerHostArtifactDir(): string {
src/hsr/runnerHostArtifact.ts	40	export function runnerHostArtifactDigest(bytes: Uint8Array): string {
src/hsr/runnerHostArtifact.ts	44	export function runnerHostVersionForDigest(packageVersion: string, digest: string): string {
src/hsr/runnerHostArtifact.ts	55	export function runnerHostHandshakeVersion(version: string): string {
src/hsr/runnerHostArtifact.ts	62	export function parseRunnerHostArtifactManifest(value: unknown): RunnerHostArtifactManifest {
src/hsr/runnerHostArtifact.ts	94	export function readStagedRunnerHostArtifactSync(
src/hsr/sessionBase.ts	57	rootIsAlive(): boolean;
src/hsr/sessionBase.ts	76	function indexProcessRows(rows: ProcessRow[]): ProcessInventory {
src/hsr/sessionBase.ts	92	function refreshScope(scope: OwnedProcessScope, inventory: ProcessInventory, rootWasAlive: boolean): void {
src/hsr/sessionBase.ts	128	async function refreshOwnershipScopes(): Promise<void> {
src/hsr/sessionBase.ts	144	async function refreshOwnershipScopesFresh(): Promise<void> {
src/hsr/sessionBase.ts	149	function releaseOwnershipScope(scope: OwnedProcessScope): void {
src/hsr/sessionBase.ts	154	function trackChildProcessTree(child: ChildProcess): void {
src/hsr/sessionBase.ts	167	export function __testOnlyOwnedProcessGroups(child: ChildProcess): number[] {
src/hsr/sessionBase.ts	171	function scheduleToolOwnershipSample(scope: OwnedProcessScope, attemptsRemaining: number): void {
src/hsr/sessionBase.ts	191	export function noteChildProcessEvent(child: ChildProcess, event: RunnerEvent): void {
src/hsr/sessionBase.ts	200	function isProcessGroupAlive(pgid: number): boolean {
src/hsr/sessionBase.ts	209	function signalProcessGroup(pgid: number, signal: NodeJS.Signals): void {
src/hsr/sessionBase.ts	217	async function terminateChildProcessTree(child: ChildProcess, hasChildExited: () => boolean): Promise<void> {
src/hsr/sessionBase.ts	289	export async function spawnSessionChild(
src/hsr/sessionBase.ts	331	trackChildProcessTree(child);
src/hsr/sessionBase.ts	375	ingestEvent(event: RunnerEvent): void;
src/hsr/sessionBase.ts	377	snapshot(lines?: number): string;
src/hsr/sessionBase.ts	379	flushRing(): Promise<void>;
src/hsr/sessionBase.ts	381	drain(): Promise<void>;
src/hsr/sessionBase.ts	383	fail(error: unknown): Promise<void>;
src/hsr/sessionBase.ts	385	endStream(): Promise<void>;
src/hsr/sessionBase.ts	388	export function createSessionPlumbing(
src/hsr/sessionBase.ts	541	export async function stopChildGroup(child: ChildProcess, hasExited: () => boolean, exitedPromise: Promise<void>): Promise<void> {
src/hsr/sessionBase.ts	550	ingestEvent(event: RunnerEvent): void;
src/hsr/sessionBase.ts	552	snapshot(lines?: number): string;
src/hsr/sessionBase.ts	554	hasExited(): boolean;
src/hsr/sessionBase.ts	558	stop(): Promise<void>;
src/hsr/sessionBase.ts	570	export function attachSessionPlumbing(
src/hsr/sessionBase.ts	606	watchOutput("stdout", child.stdout);
src/hsr/sessionBase.ts	607	watchOutput("stderr", child.stderr);
src/hsr/sshExec.ts	14	export const DEFAULT_SSH_EXEC_TIMEOUT_MS = 8_000;
src/hsr/sshExec.ts	27	export function defaultSshExecHook(
src/hsr/startupQueue.ts	19	export const DEFAULT_CODEX_STARTUP_CONCURRENCY = 2;
src/hsr/startupQueue.ts	20	export const DEFAULT_CODEX_STARTUP_QUEUE_TIMEOUT_MS = 10 * 60_000;
src/hsr/startupQueue.ts	27	function positiveIntegerEnv(name: string, fallback: number, options: { allowZero?: boolean; max?: number } = {}): number {
src/hsr/startupQueue.ts	37	export function codexStartupConcurrency(): number {
src/hsr/startupQueue.ts	44	function startupQueueTimeoutMs(): number {
src/hsr/startupQueue.ts	48	function slotPath(index: number): string {
src/hsr/startupQueue.ts	71	export async function withCodexStartupSlot<T>(bee: string, fn: () => Promise<T>, options: CodexStartupSlotOptions = {}): Promise<T> {
src/hsr/startupQueue.ts	125	function safeTiming(callback: CodexStartupSlotOptions["onTiming"], timing: CodexStartupSlotTiming): void {
src/hsr/streamRunner.ts	26	parseLine(line: string): RunnerEvent[];
src/hsr/streamRunner.ts	28	encodeUserTurn(text: string): string;
src/hsr/streamRunner.ts	57	function safeJsonParse(line: string): unknown {
src/hsr/streamRunner.ts	65	export async function startStreamRunner(config: StreamRunnerConfig, opts: RunnerOpts): Promise<RunnerSession> {
src/hsr/substrate.ts	74	async function hasSession(bee: string, deps: HsrProcessSignalDependencies = {}): Promise<boolean> {
src/hsr/substrate.ts	82	async function capture(bee: string, lines?: number): Promise<string> {
src/hsr/substrate.ts	87	async function sendText(bee: string, text: string, _paneId?: string, options?: SendTextOptions): Promise<void> {
src/hsr/substrate.ts	275	function sameHostIncarnation(left: HsrMeta, right: HsrMeta | null): boolean {
src/hsr/substrate.ts	280	async function waitUntilHostStopped(
src/hsr/substrate.ts	323	async function confirmChildGroupStopped(
src/hsr/substrate.ts	340	async function recordedHostPidAbsent(meta: HsrMeta, deps: HsrProcessSignalDependencies): Promise<boolean> {
src/hsr/substrate.ts	358	async function publishProvenStop(bee: string, initial: HsrMeta, current: HsrMeta | null): Promise<void> {
src/hsr/substrate.ts	385	async function settleStoppedSourceHistory(
src/hsr/substrate.ts	479	export async function stopHsrIncarnation(
src/hsr/substrate.ts	606	export async function stopHsrIncarnationByPid(bee: string, expectedHostPid: number): Promise<KillResult> {
src/hsr/substrate.ts	633	async function kill(bee: string, deps: HsrProcessSignalDependencies = {}): Promise<KillResult> {
src/hsr/substrate.ts	651	export async function stopKnownHsrExecution(bee: string): Promise<KillResult> {
src/hsr/substrate.ts	667	export function hsrSubstrate(): Substrate {
src/hsr/substrate.ts	674	export function createHsrSubstrate(processSignals: HsrProcessSignalDependencies = {}): Substrate {
src/hsr/turnRunner.ts	40	turnArgs(sessionId: string | undefined): string[];
src/hsr/turnRunner.ts	42	parseLine(line: string): RunnerEvent[];
src/hsr/turnRunner.ts	55	function safeJsonParse(line: string): unknown {
src/hsr/turnRunner.ts	63	export async function startTurnRunner(config: TurnRunnerConfig, opts: RunnerOpts): Promise<RunnerSession> {
src/hsr/types.ts	51	export function isRunnerAuthNeededMessage(message: string): boolean {
src/hsr/types.ts	72	dispatch(): Promise<void>;
src/hsr/types.ts	282	send(text: string, opts?: RunnerSendOpts): Promise<void>;
src/hsr/types.ts	283	interrupt(): Promise<RunnerInterruptResult>;
src/hsr/types.ts	284	prepareAnswer(requestId: string, answer: RunnerInputAnswer): Promise<RunnerPreparedAnswer>;
src/hsr/types.ts	285	answer(requestId: string, answer: RunnerInputAnswer): Promise<void>; // respond to a needs_input
src/hsr/types.ts	287	snapshot(lines?: number): string; // rendered tail for Substrate.capture() compat
src/hsr/types.ts	288	stop(): Promise<void>;
src/hsr/types.ts	298	tier(): RunnerTier; // from allowance registry + probing
src/hsr/types.ts	305	start(opts: RunnerOpts): Promise<RunnerSession>;
src/hsr/types.ts	314	spawn(adapter: RunnerAdapter, opts: RunnerOpts): Promise<RunnerSession>;
src/hsr/types.ts	315	get(bee: string): RunnerSession | undefined;
src/hsr/types.ts	316	liveness(): Map<string, boolean>; // bee -> alive
src/hsr/types.ts	317	stop(bee: string): Promise<void>;
src/ids.ts	36	export async function allocateBeeIdentity(options: AllocateBeeIdentityOptions): Promise<BeeIdentity> {
src/ids.ts	59	export function beePrefix(agent: string, requestedAgent = agent): string {
src/ids.ts	68	export function shortestUniqueSessionPrefix<T extends { id?: string; uuid?: string; name?: string }>(records: T[], target: T): string {
src/ids.ts	82	export function matchesSessionReference(record: { id?: string; uuid?: string; name: string }, query: string): boolean {
src/ids.ts	95	export function highlightUniqueSessionReference<T extends { id?: string; uuid?: string; name?: string }>(
src/ids.ts	106	function fullReference(record: { id?: string; uuid?: string; name?: string }): string | undefined {
src/ids.ts	114	function suffixReference(record: { id?: string; uuid?: string }): { display: string; full: string } | undefined {
src/ids.ts	123	function shortestUnusedUuidPrefixLength(uuid: string, used: Set<string>): number {
src/ids.ts	135	function initials(value: string): string {
src/ids.ts	140	function normalizeUuid(value: string): string {
src/ids.ts	146	async function readIndex(storeRoot: string): Promise<IdIndex> {
src/ids.ts	184	async function writeIndex(root: string, index: IdIndex): Promise<void> {
src/ids.ts	188	function indexPath(root: string): string {
src/ids.ts	192	function defaultStoreRoot(): string {
src/keybindings.ts	13	export const TMUX_BLOCK_START = "# >>> honeybee keybindings (recommended; you own this block) >>>";
src/keybindings.ts	14	export const TMUX_BLOCK_END = "# <<< honeybee keybindings <<<";
src/keybindings.ts	38	export const CANONICAL_TMUX_CONF = `# honeybee keybinding-layer affordances — UNMANAGED, operator-owned.
src/keybindings.ts	77	export const CANONICAL_WEZTERM_BLOCK = `-- honeybee cmd→Meta additions — append to the existing hive_keys table in
src/keybindings.ts	96	export const RECOMMENDED_BINDS: RecommendedBind[] = [
src/keybindings.ts	113	export function extractUrls(text: string): string[] {
src/keybindings.ts	128	function stripTrailingPunctuation(url: string): string {
src/keychain.ts	42	export function keychainAvailable(): boolean {
src/keychain.ts	48	export function claudeKeychainService(homePath: string): string {
src/keychain.ts	54	function explicitItemNotFound(error: unknown): boolean {
src/keychain.ts	66	function keychainReadFailureReason(error: unknown): "timeout" | "security-error" {
src/keychain.ts	83	function keychainReadFailureDetail(error: unknown): string | undefined {
src/keychain.ts	102	export async function readClaudeKeychainState(homePath: string, deps: KeychainReadDeps = {}): Promise<ClaudeKeychainReadResult> {
src/keychain.ts	121	export class ClaudeKeychainUnreadableError extends Error {
src/keychain.ts	122	constructor(homePath: string, readonly reason: Extract<ClaudeKeychainReadResult, { status: "unreadable" }>["reason"]) {
src/keychain.ts	129	export async function readClaudeKeychainRaw(homePath: string): Promise<string | null> {
src/keychain.ts	137	export async function readClaudeKeychain(homePath: string): Promise<string | null> {
src/keychain.ts	147	export function decodeSecurityPasswordOutput(raw: string): string {
src/keychain.ts	163	function quoteSecurityToken(value: string): string {
src/keychain.ts	184	export function buildAddGenericPasswordCommand(account: string, service: string, secret: string, keychainPath?: string): string | null {
src/keychain.ts	217	export function identityOnlyCredentials(credentials: string): string | null {
src/keychain.ts	234	export async function writeClaudeKeychainEntry(homePath: string, credentials: string): Promise<KeychainWriteReport> {
src/keychain.ts	291	function credentialsJsonEquivalent(actual: string | null, expected: string): boolean {
src/keychain.ts	300	export function credentialDigest(content: string): string {
src/kill.ts	111	function defaultSleep(ms: number): Promise<void> {
src/kill.ts	115	function errorMessage(error: unknown): string {
src/kill.ts	125	function explicitStopIntent(
src/kill.ts	147	function sameStopIntent(left: SessionStopIntent | undefined, right: SessionStopIntent): boolean {
src/kill.ts	159	function assertExpectedStopIntent(record: SessionRecord, expected: SessionStopIntent | undefined): void {
src/kill.ts	168	async function eventIntegrityStopBlock(
src/kill.ts	198	export async function purgeSessionData(
src/kill.ts	253	export async function purgeSessionAfterConfirmedRuntimeStop(
src/kill.ts	266	export async function purgeSessionAfterConfirmedRuntimeStopInTransaction(
src/kill.ts	288	export async function retireSessionAfterConfirmedRuntimeStopInTransaction(
src/kill.ts	349	async function purgeSessionDataInTransaction(
src/kill.ts	360	assertNoCanonicalHsrEventIntegrityDoubt(record, "session purge");
src/kill.ts	389	function containedArtifactPath(root: string, bee: string): string {
src/kill.ts	403	async function teardownSession(
src/kill.ts	505	async function openStopFailedRequest(record: SessionRecord, lastError: string): Promise<void> {
src/kill.ts	525	export async function syncSessionCredentialsOnExit(record: SessionRecord, timeoutMs?: number): Promise<void> {
src/kill.ts	538	function sessionBindingTime(record: SessionRecord): number {
src/kill.ts	546	async function conflictingHomeBinding(
src/kill.ts	600	async function boundedCredentialSync(
src/kill.ts	620	async function quarantineFinalCredentialHarvest(
src/kill.ts	642	async function runFinalCredentialSync(
src/kill.ts	750	export async function transactionalKill(
src/kill.ts	760	async function transactionalKillInTransaction(
src/kill.ts	765	assertExpectedStopIntent(current, options.expectedStopIntent);
src/kill.ts	902	export async function transactionalCleanSession(
src/kill.ts	925	export async function transactionalRetire(
src/kill.ts	1086	export async function retireSessionByNameExactly(
src/kit.ts	64	export const DEFAULT_KIT_SYNC_TTL_MS = 60_000;
src/kit.ts	66	function kitBin(): string {
src/kit.ts	70	function kitDisabled(): boolean {
src/kit.ts	74	function kitSyncTtlMs(override: number | undefined): number {
src/kit.ts	81	async function kitHomeWasMaterializedRecently(
src/kit.ts	110	export function kitAvailableVersion(): Promise<string | null> {
src/kit.ts	122	export function resetKitProbeForTests(): void {
src/kit.ts	129	function zeroTiming(freshness: KitMaterializeTiming["freshness"]): KitMaterializeTiming {
src/kit.ts	133	function notifyTiming(callback: KitMaterializeOptions["onTiming"], timing: KitMaterializeTiming): void {
src/kit.ts	141	function kitHomeLockPath(homePath: string): string {
src/kit.ts	153	export async function kitMaterializeHome(
src/kit.ts	175	async function runKitMaterializeHome(
src/kit.ts	271	export async function readKitHomeStamp(homePath: string): Promise<KitHomeStamp> {
src/kit.ts	284	function describeExecError(error: unknown): string {
src/launchAmbiguity.ts	9	export function isLaunchOwnershipIndeterminate(error: unknown): boolean {
src/launchPublication.ts	31	function messageOf(error: unknown): string {
src/launchPublication.ts	35	function exactFreshLaunchRecord(expected: SessionRecord, current: SessionRecord): boolean {
src/launchPublication.ts	66	async function retainRollbackDoubt(
src/launchPublication.ts	89	export async function rollbackFreshLaunchPublication(
src/launchPublication.ts	225	export async function cleanupLaunchedTmuxIncarnation(
src/launchPublication.ts	256	export async function cleanupLaunchedRemoteHsrIncarnation(
src/launchPublication.ts	282	export async function persistUnconfirmedLaunchOwnership(
src/launchPublication.ts	314	export function launchPublicationError(
src/launchTui.ts	108	export function requiredArgNames(template: LaunchTemplate): string[] {
src/launchTui.ts	116	export function seedArgValues(template: LaunchTemplate): Record<string, string> {
src/launchTui.ts	127	export function seedBeeMessages(template: LaunchTemplate): string[] {
src/launchTui.ts	135	export function beeSlotLabel(slot: BeeSlot): string {
src/launchTui.ts	143	export function missingRequiredArgs(template: LaunchTemplate, values: Record<string, string>): string[] {
src/launchTui.ts	147	export async function chooseLaunch(hooks: LaunchTuiHooks): Promise<LaunchResult | null> {
src/lifecycle.ts	26	export class LifecycleConflictError extends Error {
src/lifecycle.ts	29	constructor(message: string) {
src/lifecycle.ts	44	function lifecycleIdentity(record: SessionRecord): LifecycleIdentity {
src/lifecycle.ts	55	function sameLifecycleIdentity(
src/lifecycle.ts	68	function lifecycleLockPath(name: string): string {
src/lifecycle.ts	76	refresh(): Promise<SessionRecord>;
src/lifecycle.ts	77	commit(patch: Partial<SessionRecord>): Promise<SessionRecord>;
src/lifecycle.ts	85	constructor(record: SessionRecord) {
src/lifecycle.ts	91	async refresh(): Promise<SessionRecord> {
src/lifecycle.ts	109	async commit(patch: Partial<SessionRecord>): Promise<SessionRecord> {
src/lifecycle.ts	165	export function sessionLifecycleTransactionForHeldLock(
src/lifecycle.ts	176	export async function withSessionLifecycleTransaction<T>(
src/lifecycle.ts	192	export async function withSessionLifecycleTransactionIfPresent<T>(
src/lifecycle.ts	204	function validateTransactionEntry(expected: SessionRecord, current: SessionRecord): void {
src/lifecycle.ts	219	export async function withSessionLifecycleLock<T>(name: string, fn: () => Promise<T>): Promise<T> {
src/limits/autoPick.ts	40	export const AUTO_FIVE_HOUR_SATURATION_PERCENT = 90;
src/limits/autoPick.ts	47	export const AUTO_FABLE_WEEKLY_SATURATION_PERCENT = 75;
src/limits/autoPick.ts	50	export const AUTO_GENERAL_WEEKLY_SATURATION_PERCENT = 90;
src/limits/autoPick.ts	59	export const AUTO_PACE_FULL_WEIGHT_HEADROOM_PERCENT = 25;
src/limits/autoPick.ts	71	export function effectiveWindowLoad(window: WindowUsage, now = Date.now()): number {
src/limits/autoPick.ts	87	export const AUTO_TIE_EPSILON_PERCENT = 3;
src/limits/autoPick.ts	121	export function isFableModel(model: string | undefined): boolean {
src/limits/autoPick.ts	135	export function selectLeastLoadedAccount(
src/limits/autoPick.ts	217	function autoPickWeeklyReason(limits: AccountLimits | undefined, now: number, fableAware: boolean): string {
src/limits/autoPick.ts	233	export const AUTO_ACCOUNT_TTL_MS = 60 * 60 * 1000;
src/limits/autoPick.ts	249	export const AUTO_STALE_LIMITS_MAX_MS = 7 * 24 * 60 * 60 * 1000;
src/limits/autoPick.ts	279	function pickableAccounts(kind: string, registered: AccountRecord[], includePaused: boolean): AccountRecord[] {
src/limits/autoPick.ts	291	async function recentAuthFailures(accounts: AccountRecord[], now: number): Promise<Set<string>> {
src/limits/autoPick.ts	310	export async function pickLeastLoadedAccount(tool: string, deps: PickAccountDeps = {}): Promise<AutoAccountChoice> {
src/limits/autoPick.ts	437	async function rotateNearTie(
src/limits/autoPick.ts	479	function cursorPath(): string {
src/limits/autoPick.ts	483	function cursorLockPath(): string {
src/limits/autoPick.ts	487	async function readCursor(): Promise<CursorFile> {
src/limits/autoPick.ts	498	async function writeCursor(cursor: CursorFile): Promise<void> {
src/limits/autoPick.ts	511	export async function pickRoundRobinAccount(tool: string, options: { includePaused?: boolean } = {}): Promise<RoundRobinChoice> {
src/limits/cache.ts	17	export function limitsCachePath(): string {
src/limits/cache.ts	21	async function readLimitsCache(): Promise<LimitsCache> {
src/limits/cache.ts	41	async function updateLimitsCache(results: AccountLimits[], now: number): Promise<void> {
src/limits/cache.ts	60	export const PICKED_ENTRY_GRACE_MS = 5 * 60 * 1000;
src/limits/cache.ts	68	export async function agePickedLimitsCacheEntry(
src/limits/cache.ts	110	function isRateLimitedFailure(result: AccountLimits): boolean {
src/limits/cache.ts	114	export async function cachedAccountLimits(accounts: AccountRecord[], options: CachedLimitsOptions = {}): Promise<AccountLimits[]> {
src/limits/claude.ts	43	export async function claudeLimits(account: AccountRecord, deps: LimitsDeps): Promise<AccountLimits> {
src/limits/claude.ts	250	async function fetchClaudeUsage(accessToken: string): Promise<ClaudeUsageResponse> {
src/limits/claude.ts	267	export const CLAUDE_PROFILE_EMAIL_CACHE_MAX = 128;
src/limits/claude.ts	271	async function fetchClaudeProfileEmailCached(accessToken: string): Promise<string | null> {
src/limits/claude.ts	279	function getCachedClaudeProfileEmail(accessToken: string): string | undefined {
src/limits/claude.ts	287	function rememberClaudeProfileEmail(accessToken: string, email: string): void {
src/limits/claude.ts	297	async function fetchClaudeProfileEmail(accessToken: string): Promise<string | null> {
src/limits/claude.ts	305	async function claudeOauthGet(accessToken: string, url: string): Promise<unknown> {
src/limits/claude.ts	333	async function claudeCredentialCandidates(
src/limits/claude.ts	347	push(await readFile(join(accountDir(account), ".credentials.json"), "utf8").catch(() => null), true, "vault");
src/limits/claude.ts	367	function parseClaudeCredentials(raw: string | null, attributed: boolean, source: string): ClaudeOauthCredentials | null {
src/limits/codex.ts	29	export async function codexLimits(account: AccountRecord, deps: LimitsDeps = {}): Promise<AccountLimits> {
src/limits/codex.ts	75	assignCodexWindows(
src/limits/codex.ts	92	function assignCodexWindows<T>(
src/limits/codex.ts	105	add(primary, "fiveHour");
src/limits/codex.ts	106	add(secondary, "weekly");
src/limits/codex.ts	122	function codexWindowSlot(windowMinutes: number | undefined): CodexWindowSlot | null {
src/limits/codex.ts	128	function liveWindow(window: CodexLiveWindow): WindowUsage {
src/limits/codex.ts	136	function snapshotWindow(window: NonNullable<CodexRateLimits["primary"]>): WindowUsage | null {
src/limits/codex.ts	154	async function fetchCodexLiveRateLimits(homePath: string): Promise<CodexLiveRateLimits | null> {
src/limits/codex.ts	228	async function newestRateLimitSnapshot(sessionsDir: string): Promise<{ limits: CodexRateLimits; ts: string } | null> {
src/limits/codex.ts	241	async function newestRolloutFiles(sessionsDir: string): Promise<string[]> {
src/limits/codex.ts	275	export async function lastRateLimitsInFile(path: string): Promise<{ limits: CodexRateLimits; ts: string } | null> {
src/limits/codex.ts	296	async function readFileTail(path: string, maxBytes: number): Promise<string | null> {
src/limits/commitments.ts	34	export const AUTO_COMMITMENT_BUSY_PERCENT = 8;
src/limits/commitments.ts	41	export const AUTO_COMMITMENT_PARKED_PERCENT = 2;
src/limits/commitments.ts	63	export function sessionCommitmentPercent(session: SessionRecord): number {
src/limits/commitments.ts	78	export async function accountCommitments(tool: string, sessions?: SessionRecord[]): Promise<Map<string, number>> {
src/limits/commitments.ts	97	export const AUTO_PICK_DEBIT_PERCENT = 10;
src/limits/commitments.ts	104	export const AUTO_PICK_DEBIT_TTL_MS = 30 * 60 * 1000;
src/limits/commitments.ts	109	export function pendingPicksPath(): string {
src/limits/commitments.ts	113	function pendingPicksLockPath(): string {
src/limits/commitments.ts	122	export function decayedPickDebit(pick: PendingPick, now: number, ttlMs = AUTO_PICK_DEBIT_TTL_MS): number {
src/limits/commitments.ts	130	async function readPendingPicks(): Promise<PendingPicksFile> {
src/limits/commitments.ts	151	export async function pendingPickDebits(now = Date.now()): Promise<Map<string, number>> {
src/limits/commitments.ts	168	export async function recordAutoPick(accountId: string, now = Date.now(), percent = AUTO_PICK_DEBIT_PERCENT): Promise<void> {
src/limits/dispatch.ts	23	function memoizeKeychainReads(readKeychain: typeof readClaudeKeychain): typeof readClaudeKeychain {
src/limits/dispatch.ts	44	export function isAuthFailureLimitsError(message: string): boolean {
src/limits/dispatch.ts	63	async function recordLimitsAuthOutcome(accountId: string, limits: AccountLimits, now = Date.now()): Promise<void> {
src/limits/dispatch.ts	92	export async function accountLimits(accounts: AccountRecord[], deps: LimitsDeps = {}): Promise<AccountLimits[]> {
src/limits/dispatch.ts	142	export async function allAccountLimits(deps: LimitsDeps = {}): Promise<AccountLimits[]> {
src/limits/dispatch.ts	153	export function sortAccountsForLimitsDisplay(accounts: AccountRecord[]): AccountRecord[] {
src/limits/refresh.ts	18	export const LIMITS_REFRESH_THROTTLE_MS = 60_000;
src/limits/refresh.ts	20	function refreshStampPath(): string {
src/limits/refresh.ts	28	export function limitsRefreshCliEntry(raw: string | undefined = process.argv[1]): string | null {
src/limits/refresh.ts	44	export async function scheduleDetachedLimitsRefresh(): Promise<boolean> {
src/limits/window.ts	14	export function paceDelta(window: WindowUsage, now = Date.now()): number | null {
src/limits/window.ts	24	export function windowRolledOver(window: WindowUsage, now = Date.now()): boolean {
src/linear.ts	39	fetchIssue(identifier: string): Promise<LinearIssue | null>;
src/linear.ts	41	closeIssue(identifier: string): Promise<boolean>;
src/linear.ts	54	export function isLinearIdentifier(value: string): boolean {
src/linear.ts	73	function warn(message: string): void {
src/linear.ts	86	constructor(options: LinearAdapterOptions) {
src/linear.ts	130	async fetchIssue(identifier: string): Promise<LinearIssue | null> {
src/linear.ts	143	issue(id: $id) {
src/linear.ts	161	async closeIssue(identifier: string): Promise<boolean> {
src/linear.ts	170	issue(id: $id) {
src/linear.ts	198	issueUpdate(id: $id, input: { stateId: $stateId }) {
src/linear.ts	228	function normalizeIssue(raw: RawIssue): LinearIssue {
src/linear.ts	244	function pickCompletedState(states: RawState[]): { id: string } | undefined {
src/linear.ts	256	export function createApiTokenLinearAdapter(options: LinearAdapterOptions): LinearAdapter {
src/linear.ts	267	export function loadLinearAdapter(env: NodeJS.ProcessEnv = process.env): LinearAdapter | null {
src/linear.ts	288	function createFixtureLinearAdapter(raw: string): LinearAdapter {
src/listView.ts	8	export function shouldShowNodeColumn(nodes: { name: string }[], wideFlag: boolean): boolean {
src/listView.ts	21	export function substrateLabelFor(
src/listView.ts	34	export function sessionDisplayName(
src/listView.ts	43	function normalizeDisplayTitle(value: string | undefined): string | undefined {
src/lock.ts	82	export function fileLockMutationGuardPath(path: string, expected: FileLockOwnerIdentity): string {
src/lock.ts	94	export async function publishLockMutationGuardAtomically(
src/lock.ts	121	async function lockProtocolContext(testProbe?: (pid: number) => Promise<ProcessProbe>): Promise<LockProtocolContext> {
src/lock.ts	133	async function reclaimDeadMutationGuard(
src/lock.ts	158	async function acquireMutationGuard(
src/lock.ts	196	async function withGuardedFileLockOwnerContext<T>(
src/lock.ts	215	export async function withGuardedFileLockOwner<T>(
src/lock.ts	225	async function refreshFileLockIfOwner(
src/lock.ts	239	export async function withFileLock<T>(path: string, fn: () => Promise<T>, options: LockOptions = {}): Promise<T> {
src/lock.ts	248	async function acquireFileLock(path: string, options: LockOptions): Promise<LockHandle> {
src/lock.ts	332	function safeCallback(fn: () => void): void {
src/lock.ts	340	function ownerMetadataFromObject(value: Record<string, unknown>): LockOwnerMetadata {
src/lock.ts	352	function identityFromRaw(raw: string, mtimeMs: number): FileLockOwnerIdentity | null {
src/lock.ts	377	export async function readFileLockIdentity(path: string): Promise<FileLockOwnerIdentity | null> {
src/lock.ts	388	async function readLockOwner(path: string): Promise<LockOwnerMetadata | null> {
src/lock.ts	397	async function canSafelyReclaim(
src/lock.ts	418	async function stealDeadLock(
src/lock.ts	442	export async function removeFileLockIfOwner(
src/lock.ts	450	async function removeFileLockIfOwnerContext(
src/lock.ts	479	function isPid(value: unknown): value is number {
src/lock.ts	483	async function probeProcessOwner(pid: number): Promise<ProcessProbe> {
src/lock.ts	518	function probePidExistence(pid: number): "alive" | "dead" | "unknown" {
src/lock.ts	532	function execFileStdout(command: string, args: string[]): Promise<string> {
src/lock.ts	543	function sleep(ms: number): Promise<void> {
src/loop/boundary.ts	15	export const IDLE_FALLBACK_MS = 3_000; // pane stability window (PRD §14: idle detection ~3s)
src/loop/boundary.ts	16	export const BOUNDARY_GRACE_MS = 2_000; // extra slack after idle for a late-landing seal
src/loop/boundary.ts	17	export const BOUNDARY_POLL_MS = 500;
src/loop/boundary.ts	31	export async function waitForIterationBoundary(args: {
src/loop/boundary.ts	86	export async function captureBoundaryPane(
src/loop/context.ts	21	export function parseContextMode(s: string): ContextKnobs {
src/loop/context.ts	41	export function buildLoopConfig(input: Record<string, unknown>): LoopConfig {
src/loop/context.ts	81	function requiredString(value: unknown, name: string): string {
src/loop/context.ts	88	function coerceBool(value: unknown): boolean {
src/loop/context.ts	95	function coerceSummarizer(value: unknown): "self" | "bee" {
src/loop/control.ts	43	export async function startLoop(spec: LoopSpawnInput): Promise<string> {
src/loop/control.ts	71	export async function loopStatus(loopId: string): Promise<LoopConfig | null> {
src/loop/control.ts	81	export async function loopStop(loopId: string, opts: { now?: boolean } = {}): Promise<void> {
src/loop/control.ts	93	export function loopArgsFromSpec(spec: LoopSpawnInput, loopId: string): Record<string, unknown> {
src/loop/control.ts	101	appendDefinedLoopStopArgs(spec, args);
src/loop/flow.ts	80	export function __setLoopTestHooks(hooks: LoopTestHooks | undefined): void {
src/loop/flow.ts	84	export const loopFlow = defineFlow({
src/loop/flow.ts	101	async function runLoop(ctx: FlowContext): Promise<Record<string, unknown>> {
src/loop/flow.ts	321	async function ensureReadyBee(args: {
src/loop/flow.ts	374	async function resolveBoundarySeal(args: {
src/loop/flow.ts	423	async function decideStop(args: {
src/loop/flow.ts	457	function boundaryTimeoutMs(cfg: LoopConfig, started: number, now: () => number, defaultTimeoutMs: number): number {
src/loop/flow.ts	464	async function paneMatches(handle: BeeHandle | undefined, pattern: string): Promise<boolean> {
src/loop/flow.ts	483	async function recordStopCheck(loopId: string, condition: string, result: boolean): Promise<void> {
src/loop/internal.ts	10	export function bootMs(agent: string): number {
src/loop/internal.ts	30	export function handleOf(record: SessionRecord): BeeHandle {
src/loop/internal.ts	41	export async function readFileSafe(path: string): Promise<string> {
src/loop/internal.ts	46	export function sleep(ms: number): Promise<void> {
src/loop/spawn.ts	31	export async function spawnLoopBee(
src/loop/spawn.ts	68	export async function spawnIterationBee(
src/loop/spawn.ts	79	export function trackSpawned(facade: HiveFacade, record: SessionRecord): void {
src/loop/spawn.ts	88	export async function runSummarizerBee(
src/loop/spawn.ts	135	export async function judgeSaysStop(
src/loop/state.ts	59	export function loopsRoot(): string {
src/loop/state.ts	63	function loopsLockPath(): string {
src/loop/state.ts	67	export function loopDir(id: string): string {
src/loop/state.ts	71	export function loopConfigPath(id: string): string {
src/loop/state.ts	75	export function loopProgressPath(id: string): string {
src/loop/state.ts	79	export function loopHistoryMdPath(id: string): string {
src/loop/state.ts	83	export function loopHistoryLogPath(id: string): string {
src/loop/state.ts	87	export function loopIterLogPath(id: string, n: number): string {
src/loop/state.ts	91	export function loopSealPath(id: string, n: number): string {
src/loop/state.ts	95	export function loopStopRequestPath(id: string): string {
src/loop/state.ts	99	function padIter(n: number): string {
src/loop/state.ts	110	export const LOOP_ID_PREFIX = "LP.";
src/loop/state.ts	112	async function existingLoopIds(): Promise<string[]> {
src/loop/state.ts	124	export async function generateLoopId(uuidFactory: () => string = randomUUID): Promise<string> {
src/loop/state.ts	158	export async function resolveLoopId(query: string): Promise<string> {
src/loop/state.ts	176	export async function ensureLoopDir(id: string): Promise<void> {
src/loop/state.ts	180	export async function readLoopConfig(id: string): Promise<LoopConfig | null> {
src/loop/state.ts	190	export async function writeLoopConfig(cfg: LoopConfig): Promise<void> {
src/loop/state.ts	195	export async function updateLoopConfig(id: string, patch: Partial<LoopConfig>): Promise<LoopConfig> {
src/loop/state.ts	208	export const PIDLESS_RUNNING_GRACE_MS = 30_000;
src/loop/state.ts	218	export function reconcileLoopStatus(
src/loop/state.ts	236	export async function listLoops(opts: { isPidAlive?: (pid: number) => boolean; now?: number } = {}): Promise<LoopConfig[]> {
src/loop/state.ts	255	export async function appendIterLog(id: string, n: number, text: string): Promise<void> {
src/loop/state.ts	261	export async function writeIterSeal(id: string, n: number, seal: SealRecord): Promise<void> {
src/loop/state.ts	270	export async function requestStop(id: string): Promise<void> {
src/loop/state.ts	275	export async function isStopRequested(id: string): Promise<boolean> {
src/loop/stopConditions.ts	58	export const LOOP_STOP_CONDITIONS: readonly LoopStopConditionDescriptor[] = [
src/loop/stopConditions.ts	170	export function buildLoopStopConfig(input: Record<string, unknown>): LoopStopConfig {
src/loop/stopConditions.ts	186	export function loopStopFlowArgs(): LoopStopFlowArg[] {
src/loop/stopConditions.ts	190	export function appendDefinedLoopStopArgs(input: LoopStopInput, target: Record<string, unknown>): void {
src/loop/stopConditions.ts	198	export function loopStopConditionsForPhase(phase: LoopStopPhase): LoopStopConditionDescriptor[] {
src/loop/stopConditions.ts	204	export async function evaluateLoopStopConditions(ctx: LoopStopEvaluationContext): Promise<LoopStopDecision | null> {
src/loop/stopConditions.ts	212	function optionalString(value: unknown): string | null {
src/loop/stopConditions.ts	218	function coerceBool(value: unknown): boolean {
src/loop/stopConditions.ts	225	function coerceMax(value: unknown, forever: boolean): number | null {
src/loop/stopConditions.ts	240	function coerceStopOnSeal(value: unknown): SealStatus[] {
src/loop/stopConditions.ts	259	export function coerceDuration(value: unknown): number | null {
src/loop/summarizer.ts	18	export const HISTORY_DIGEST_THRESHOLD = 20;
src/loop/summarizer.ts	26	export const INJECTION_BUDGET_BYTES = 16_384;
src/loop/summarizer.ts	32	export const PROGRESS_SUMMARY_MAX_CHARS = 8_000;
src/loop/summarizer.ts	44	export function truncateForInjection(text: string, maxBytes: number = INJECTION_BUDGET_BYTES): string {
src/loop/summarizer.ts	71	export function buildIterationPrompt(args: BuildIterationPromptArgs): string {
src/loop/summarizer.ts	104	export async function foldForward(loopId: string, iteration: number, seal: SealRecord): Promise<void> {
src/loop/summarizer.ts	126	export async function rederiveHistory(loopId: string): Promise<void> {
src/loop/summarizer.ts	140	function renderProgress(seal: SealRecord): string {
src/loop/summarizer.ts	154	function firstNonEmptyLine(text: string): string {
src/loop/until.ts	15	export async function runStopPredicate(
src/loopTemplate.ts	40	export function validLoopTemplateName(name: string): boolean {
src/loopTemplate.ts	48	export async function listLoopTemplates(): Promise<LoopTemplate[]> {
src/loopTemplate.ts	59	export async function loadLoopTemplate(name: string): Promise<LoopTemplate | null> {
src/loopTemplate.ts	72	export async function saveLoopTemplate(input: LoopTemplateInput): Promise<LoopTemplate> {
src/loopTemplate.ts	89	export async function removeLoopTemplate(name: string): Promise<boolean> {
src/loopTemplate.ts	100	async function withLock<T>(fn: () => Promise<T>): Promise<T> {
src/loopTemplate.ts	105	async function save(record: LoopTemplate): Promise<void> {
src/loopTemplate.ts	111	function sanitize(input: LoopTemplateInput): LoopTemplateInput {
src/loopTemplate.ts	124	async function readLoopTemplate(path: string): Promise<LoopTemplate> {
src/loopTemplate.ts	154	async function ensureDir(): Promise<void> {
src/loopTemplate.ts	158	export function loopTemplatesDir(): string {
src/loopTemplate.ts	162	export function loopTemplatePath(name: string): string {
src/loopTui.ts	74	export const CONTEXT_MODES = ["persistent", "ralph", "rolling"] as const;
src/loopTui.ts	97	export function seedFormFromTemplate(template: LoopTemplate | null): LoopFormValues {
src/loopTui.ts	120	export function loopStartArgs(values: LoopFormValues): Record<string, string | boolean> {
src/loopTui.ts	125	put("context", values.context);
src/loopTui.ts	126	put("bee", values.bee);
src/loopTui.ts	127	put("prompt", values.prompt);
src/loopTui.ts	128	put("until", values.until);
src/loopTui.ts	129	put("max", values.max);
src/loopTui.ts	130	put("maxDuration", values.maxDuration);
src/loopTui.ts	131	put("stopOnSeal", values.stopOnSeal);
src/loopTui.ts	132	put("stopOnSentinel", values.stopOnSentinel);
src/loopTui.ts	133	put("judge", values.judge);
src/loopTui.ts	134	put("summarizer", values.summarizer);
src/loopTui.ts	145	export function missingForLaunch(values: LoopFormValues): string[] {
src/loopTui.ts	194	export function formRows(advancedOpen: boolean): FormRow[] {
src/loopTui.ts	204	export async function chooseLoop(hooks: LoopTuiHooks): Promise<LoopLaunchResult | null> {
src/nameAdmission.ts	88	markPredecessorStopping(): Promise<void>;
src/nameAdmission.ts	90	markLaunchDispatch(): Promise<void>;
src/nameAdmission.ts	92	markRemoteLaunchDispatch(input: { node: string; remoteLaunchId: string }): Promise<void>;
src/nameAdmission.ts	94	recordRemoteLaunch(input: { node: string; remoteLaunchId: string; remoteIncarnation: string }): Promise<void>;
src/nameAdmission.ts	96	recordTmuxLaunch(input: {
src/nameAdmission.ts	103	recordHsrLaunch(input: {
src/nameAdmission.ts	109	promotePublished(record: SessionRecord): Promise<void>;
src/nameAdmission.ts	111	promoteExternallyPublished(record: SessionRecord): Promise<void>;
src/nameAdmission.ts	113	clearAfterConfirmedStop(): Promise<void>;
src/nameAdmission.ts	115	retainStopDoubt(detail: string): Promise<void>;
src/nameAdmission.ts	117	retainRemoteStopDoubt(
src/nameAdmission.ts	122	noteFailure(detail: string): Promise<void>;
src/nameAdmission.ts	124	clearBeforeLaunchFailure(): Promise<void>;
src/nameAdmission.ts	134	export function beeNameLaunchReservationPath(name: string, root = storeRoot()): string {
src/nameAdmission.ts	142	export async function readBeeNameLaunchReservation(
src/nameAdmission.ts	173	export async function clearPublishedBeeNameLaunchReservationForPurge(
src/nameAdmission.ts	208	export async function withBeeNameLaunchAdmission<T>(
src/nameAdmission.ts	322	export async function assertNoUnresolvedBeeNameLaunchReservationInAdmission(
src/nameAdmission.ts	346	export async function reconcileBeeReplacementLaunchAdmission(
src/nameAdmission.ts	359	export async function withBeeReplacementLaunchAdmission<T>(
src/nameAdmission.ts	369	export async function continueBeeReplacementLaunchAdmission<T>(
src/nameAdmission.ts	395	export async function beginBeeReplacementOperation(
src/nameAdmission.ts	400	assertNoCanonicalHsrEventIntegrityDoubt(current, `replacement operation ${operation}`);
src/nameAdmission.ts	524	export async function beginBeeReplacementLaunchAdmission(
src/nameAdmission.ts	531	async function createBeeReplacementLaunchAdmission(
src/nameAdmission.ts	537	assertNoCanonicalHsrEventIntegrityDoubt(current, `replacement launch ${operation}`);
src/nameAdmission.ts	562	async function assertReplacementSourceEventIntegrity(
src/nameAdmission.ts	612	async function admitReplacementReservation(current: SessionRecord): Promise<void> {
src/nameAdmission.ts	644	async function hsrRunStateExists(name: string): Promise<boolean> {
src/nameAdmission.ts	658	constructor(record: BeeNameLaunchReservationRecord) {
src/nameAdmission.ts	679	async markPredecessorStopping(): Promise<void> {
src/nameAdmission.ts	687	async markLaunchDispatch(): Promise<void> {
src/nameAdmission.ts	704	async markRemoteLaunchDispatch(input: { node: string; remoteLaunchId: string }): Promise<void> {
src/nameAdmission.ts	718	async recordRemoteLaunch(input: {
src/nameAdmission.ts	728	async recordTmuxLaunch(input: {
src/nameAdmission.ts	749	async recordHsrLaunch(input: {
src/nameAdmission.ts	767	async promotePublished(record: SessionRecord): Promise<void> {
src/nameAdmission.ts	810	async promoteExternallyPublished(record: SessionRecord): Promise<void> {
src/nameAdmission.ts	857	async clearAfterConfirmedStop(): Promise<void> {
src/nameAdmission.ts	863	async retainStopDoubt(detail: string): Promise<void> {
src/nameAdmission.ts	877	async retainRemoteStopDoubt(
src/nameAdmission.ts	886	async noteFailure(detail: string): Promise<void> {
src/nameAdmission.ts	891	async clearBeforeLaunchFailure(): Promise<void> {
src/nameAdmission.ts	897	private assertMutable(action: string): void {
src/nameAdmission.ts	901	private assertRemoteLocator(input: { node: string; remoteLaunchId: string }): void {
src/nameAdmission.ts	912	private async persist(patch: Partial<BeeNameLaunchReservationRecord>): Promise<void> {
src/nameAdmission.ts	927	async function writeReservation(record: BeeNameLaunchReservationRecord): Promise<void> {
src/nameAdmission.ts	935	async function removeOwnedReservation(expected: BeeNameLaunchReservationRecord): Promise<void> {
src/nameAdmission.ts	944	function reservationMatchesRecord(reservation: BeeNameLaunchReservationRecord, record: SessionRecord): boolean {
src/nameAdmission.ts	975	function reservationRuntimeMatchesRecord(
src/nameAdmission.ts	999	function reservationRuntimeMayOwnRecord(
src/nameAdmission.ts	1014	function samePublishedRecord(left: SessionRecord, right: SessionRecord): boolean {
src/nameAdmission.ts	1022	function sessionGenerationProof(
src/nameAdmission.ts	1033	function replacementSourceMatchesRecord(
src/nameAdmission.ts	1045	function replacementPublicationGenerationMatches(
src/nameAdmission.ts	1058	function externalPublicationProof(record: SessionRecord): {
src/nameAdmission.ts	1080	function isLaunchReservationRecord(value: unknown): value is BeeNameLaunchReservationRecord {
src/nameAdmission.ts	1100	function validReservationPhaseShape(candidate: Record<string, unknown>): boolean {
src/nameAdmission.ts	1128	function isPublishedRecordProof(value: unknown): value is NonNullable<BeeNameLaunchReservationRecord["publishedRecord"]> {
src/nameAdmission.ts	1139	function isSessionGenerationProof(
src/nameAdmission.ts	1152	function isBirthQualifiedLocalRuntime(runtime: LaunchReservationRuntime): boolean {
src/nameAdmission.ts	1161	function isProcessFingerprint(value: unknown): value is ProcessBirthFingerprint {
src/nameAdmission.ts	1170	function isExternalPublication(
src/nameAdmission.ts	1183	function isLaunchRuntime(value: unknown): value is LaunchReservationRuntime {
src/nameAdmission.ts	1215	function remoteRuntime(input: {
src/nameAdmission.ts	1232	function stripUndefined(value: Record<string, unknown>): Record<string, unknown> {
src/nameAdmission.ts	1239	function messageOf(error: unknown): string {
src/naming.ts	21	export function titleRank(source: TitleSource | undefined): number {
src/naming.ts	30	export function canWriteTitle(record: Pick<SessionRecord, "title" | "titleSource">, incoming: TitleSource): boolean {
src/naming.ts	52	export async function gatherTitleContext(
src/naming.ts	94	function clampContext(value: string, options: { preserveTail?: boolean } = {}): string {
src/naming.ts	111	export const TITLE_SYSTEM_PROMPT =
src/naming.ts	114	export function buildTitlePrompt(context: TitleContext): string {
src/naming.ts	134	export function sanitizeContextField(value: string): string {
src/naming.ts	145	export function normalizeGeneratedTitle(raw: string): string | undefined {
src/naming.ts	174	export async function generateTitle(context: TitleContext, options: GenerateTitleOptions = {}): Promise<string> {
src/naming.ts	188	export async function runTitleGenerator(prompt: string, config: ResolvedNamingConfig): Promise<string> {
src/naming.ts	199	async function generatorCwd(): Promise<string> {
src/naming.ts	212	async function runClaudeGenerator(prompt: string, model?: string): Promise<string> {
src/naming.ts	228	async function runCodexGenerator(prompt: string, model?: string, effort = "low"): Promise<string> {
src/naming.ts	247	async function runCustomGenerator(command: string, prompt: string): Promise<string> {
src/naming.ts	257	function execFileAsync(file: string, args: string[], cwd: string, stdin?: string): Promise<{ stdout: string }> {
src/naming.ts	293	export function describeExecError(error: ExecError, stdout: string, stderr: string): string {
src/naming.ts	311	export function failureDetail(stdout: string, stderr: string): string {
src/next.ts	27	export const DEFAULT_ATTENTION_STATES: AttentionState[] = ["needs-auth", "needs-reply", "needs-action", "stop-failed", "ready"];
src/next.ts	59	export function pickNextBee(
src/next.ts	78	export function attentionCount(sessions: readonly BeeStateEntry[], states: readonly string[]): number {
src/next.ts	89	export function parseStateList(value: string): string[] {
src/node.ts	28	export const AUTH_POLICIES: readonly AuthPolicy[] = ["local-only", "ephemeral-token", "api-key"];
src/node.ts	30	export function isAuthPolicy(value: unknown): value is AuthPolicy {
src/node.ts	35	export function authPolicyOf(node: Pick<NodeRecord, "authPolicy">): AuthPolicy {
src/node.ts	40	export function describeAuthPolicy(policy: AuthPolicy): string {
src/node.ts	73	export class InvalidNodeRecordError extends Error {
src/node.ts	74	constructor(
src/node.ts	93	export const LOCAL_NODE_NAME = "local";
src/node.ts	106	export function validNodeName(name: string): boolean {
src/node.ts	110	export function isLocalNode(record: Pick<NodeRecord, "kind">): boolean {
src/node.ts	114	export function supportsCapability(node: NodeRecord, capability: string): boolean {
src/node.ts	119	export async function listNodes(): Promise<NodeRecord[]> {
src/node.ts	131	export async function loadNode(name: string, options: LoadNodeOptions = {}): Promise<NodeRecord | null> {
src/node.ts	147	export function loadNodeSync(name: string, options: LoadNodeOptions = {}): NodeRecord | null {
src/node.ts	166	export async function nodeExists(name: string): Promise<boolean> {
src/node.ts	182	export async function registerNode(input: RegisterNodeInput): Promise<NodeRecord> {
src/node.ts	232	export async function updateNode(name: string, patch: UpdateNodePatch): Promise<NodeRecord> {
src/node.ts	278	export async function unregisterNode(name: string): Promise<void> {
src/node.ts	288	export async function saveNode(record: NodeRecord): Promise<void> {
src/node.ts	292	async function readNode(path: string): Promise<NodeRecord> {
src/node.ts	298	function parseNodeJson(raw: string, path: string): unknown {
src/node.ts	306	function normalizeNode(value: unknown, path: string): NodeRecord {
src/node.ts	344	function isFileNode(path: string): boolean {
src/node.ts	353	function nodesDir(): string {
src/node.ts	357	function nodePath(name: string): string {
src/nodeHealth.ts	25	export const DEFAULT_NODE_STATUS_TIMEOUT_MS = 3_000;
src/nodeHealth.ts	62	function messageOf(error: unknown): string {
src/nodeHealth.ts	67	function withTimeout<T>(promise: Promise<T>, ms: number, label: string): Promise<T> {
src/nodeHealth.ts	93	function versionCore(reported: string): string {
src/nodeHealth.ts	101	export async function nodeHealth(node: NodeRecord, options: NodeHealthOptions = {}): Promise<NodeHealth> {
src/paneId.ts	15	export function isWellFormedPaneId(value: string): boolean {
src/paneId.ts	24	export function splitFusedPaneStamp(value: string): { paneId: string; pid: number } | null {
src/parse.ts	14	export const BOOLEAN_FLAGS = new Set([
src/parse.ts	94	export function parse(argv: string[]): Parsed {
src/parse.ts	137	export function setFlag(flags: Map<string, string | true | string[]>, key: string, value: string | true) {
src/parse.ts	144	export function flag(parsed: Parsed, key: string): string | true | string[] | undefined {
src/parse.ts	148	export function numberFlag(parsed: Parsed, keys: string[], fallback: number): number {
src/parse.ts	159	export function truthy(value: unknown) {
src/pool.ts	82	export function poolClaimTtlMs(): number {
src/pool.ts	90	export function poolKeyFor(facets: { area: string; project: string; repo: string; pool: string }): string {
src/pool.ts	94	export function validPoolKey(key: string): boolean {
src/pool.ts	98	function poolsDir(): string {
src/pool.ts	102	function poolPath(key: string): string {
src/pool.ts	112	export async function withPoolLock<T>(key: string, fn: () => Promise<T>): Promise<T> {
src/pool.ts	119	export function emptyPoolRecord(facets: { area: string; project: string; repo: string; pool: string }): PoolRecord {
src/pool.ts	131	export async function loadPoolRecord(key: string): Promise<PoolRecord | null> {
src/pool.ts	149	function corruptPoolRecord(key: string, detail: string): Error {
src/pool.ts	153	function requiredString(value: unknown, key: string, field: string): string {
src/pool.ts	158	function normalizePoolRecord(value: unknown, key: string): PoolRecord {
src/pool.ts	228	export async function savePoolRecord(record: PoolRecord): Promise<void> {
src/pool.ts	230	normalizePoolRecord(record, record.key);
src/pool.ts	236	export async function listPoolRecords(): Promise<PoolRecord[]> {
src/pool.ts	262	export function claimExpired(claim: PoolClaim, now: number): boolean {
src/pool.ts	268	export function occupantsForPath(path: string, liveBees: LiveBee[]): LiveBee[] {
src/pool.ts	298	export function deriveMemberOccupancy(input: {
src/pool.ts	344	export function pickPoolMember(occupancy: MemberOccupancy[], rrCursor: number): MemberOccupancy | undefined {
src/pool.ts	366	export function planPoolAllocations(occupancy: MemberOccupancy[], rrCursor: number, count: number): PoolAllocationPlan {
src/pool.ts	414	export async function poolLiveBees(
src/pool.ts	455	export function liveBeesFromSessions(
src/pool.ts	490	function resolvedPoolFor(entry: ProRepoEntry, config: ProPoolConfig, members: ProPoolMember[]): ResolvedPool {
src/pool.ts	496	export async function poolsForProject(entry: ProRepoEntry, entries: ProRepoEntry[]): Promise<ResolvedPool[]> {
src/pool.ts	510	export function projectRepresentatives(entries: ProRepoEntry[]): ProRepoEntry[] {
src/pool.ts	525	export async function resolvePoolRef(ref: string, cwd: string): Promise<ResolvedPool> {
src/pool.ts	585	export async function allocatePoolMembers(pool: ResolvedPool, count: number, options: AllocatePoolOptions = {}): Promise<PoolAllocation[]> {
src/pool.ts	642	async function currentMembers(pool: ResolvedPool): Promise<ProPoolMember[]> {
src/pool.ts	652	export async function refreshResolvedPool(
src/pool.ts	656	invalidateProPoolCache(pool.repoPath);
src/pool.ts	681	export async function extendPoolMembers(
src/pool.ts	702	export async function canonicalizePoolMembers(
src/pool.ts	736	export async function claimSpecificPoolMember(pool: ResolvedPool, member: number, options: AllocatePoolOptions = {}): Promise<PoolAllocation> {
src/pool.ts	773	export async function bindPoolClaim(key: string, claimId: string, beeName: string): Promise<void> {
src/pool.ts	785	export async function releasePoolClaim(key: string, claimId: string): Promise<void> {
src/pool.ts	797	export async function releasePoolMemberClaims(key: string, member: number): Promise<number> {
src/pool.ts	816	export async function dropPoolClaimsForBee(key: string, beeName: string): Promise<void> {
src/pool.ts	828	export async function setPoolMemberParked(pool: ResolvedPool, member: number, parked: boolean): Promise<void> {
src/pool.ts	864	export async function poolStatus(
src/poolLaunchTui.ts	47	export function poolCapacityCell(status: { free: number; size: number; busy: number }): string {
src/poolLaunchTui.ts	52	export async function choosePoolLaunch(hooks: PoolLaunchHooks): Promise<PoolLaunchChoice | null> {
src/preamble.ts	27	export const PREAMBLE_MAX_CHARS = 1200;
src/preamble.ts	30	export const PREAMBLE_OPEN_TAG = "<hive-session>";
src/preamble.ts	31	export const PREAMBLE_CLOSE_TAG = "</hive-session>";
src/preamble.ts	40	export function isSessionPreambleEnvelope(text: string): boolean {
src/preamble.ts	91	export function identityLayer(identity: PreambleIdentity): string {
src/preamble.ts	117	export function renderPreamble(layers: PreambleLayers, opts: { maxChars?: number } = {}): RenderedPreamble {
src/preamble.ts	140	export function prependPreamble(text: string | undefined, preamble: string): string {
src/preamble.ts	150	export function hasPreamble(text: string | undefined): boolean {
src/proProjects.ts	24	function run(command: string, args: string[], opts: { cwd?: string; timeoutMs?: number } = {}): Promise<string> {
src/proProjects.ts	47	function runTolerant(
src/proProjects.ts	68	export function parseProRepos(stdout: string): ProRepo[] {
src/proProjects.ts	93	function cachedProReposStdout(): Promise<string> {
src/proProjects.ts	107	export function invalidateProReposCache(): void {
src/proProjects.ts	116	export function prewarmProRepos(): void {
src/proProjects.ts	123	export async function listProRepos(): Promise<ProRepo[]> {
src/proProjects.ts	139	export function parseProRepoEntries(stdout: string): ProRepoEntry[] {
src/proProjects.ts	152	export async function listProRepoEntries(): Promise<ProRepoEntry[]> {
src/proProjects.ts	162	export function resolveProEntryForCwd(entries: ProRepoEntry[], cwd: string): ProRepoEntry | undefined {
src/proProjects.ts	176	export function resolveProForCwd(
src/proProjects.ts	217	export function resolveProSlotForCwd(entries: ProRepoEntry[], cwd: string): ProSlotResolution | undefined {
src/proProjects.ts	245	export function toProSlug(input: string): string {
src/proProjects.ts	253	function proSlotSubcommand(kind: ProSlotKind): "wt" | "co" {
src/proProjects.ts	257	function proSlotPathFromStdout(stdout: string, command: string): string {
src/proProjects.ts	263	async function runProSlotPath(kind: ProSlotKind, repoPath: string, args: string[]): Promise<string> {
src/proProjects.ts	273	export async function resolveProSlotPath(kind: ProSlotKind, repoPath: string, name: string): Promise<string> {
src/proProjects.ts	277	async function createNewProSlot(kind: ProSlotKind, repoPath: string, name: string): Promise<string> {
src/proProjects.ts	289	export async function createProSlot(kind: ProSlotKind, repoPath: string, name: string): Promise<string> {
src/proProjects.ts	298	export async function acquireProSlot(kind: ProSlotKind, repoPath: string, name: string): Promise<ProSlotAcquisition> {
src/proProjects.ts	313	export function proSlotDeleteArgs(kind: ProSlotKind, name: string): string[] {
src/proProjects.ts	322	export async function deleteProSlot(kind: ProSlotKind, repoPath: string, name: string): Promise<void> {
src/proProjects.ts	370	export class ProPoolsUnavailableError extends Error {
src/proProjects.ts	371	constructor(detail: string) {
src/proProjects.ts	390	export function parseProPoolPorcelain(stdout: string): ProPoolListing {
src/proProjects.ts	443	export function invalidateProPoolCache(repoPath?: string): void {
src/proProjects.ts	453	export async function listProPools(repoPath: string): Promise<ProPoolListing> {
src/proProjects.ts	482	export async function extendProPool(repoPath: string, pool: string, count = 1): Promise<string[]> {
src/proProjects.ts	512	export function parseProCheckoutSync(stdout: string): ProCheckoutSyncRow[] {
src/proProjects.ts	532	export async function syncProCheckouts(
src/projectPicker.ts	98	active(): boolean;
src/projectPicker.ts	99	view(): ProjectPickerView;
src/projectPicker.ts	101	enterMenu(reset: boolean): void;
src/projectPicker.ts	103	enterBrowse(): void;
src/projectPicker.ts	105	enterPath(): void;
src/projectPicker.ts	107	toMenu(): void;
src/projectPicker.ts	109	errorLine(): string;
src/projectPicker.ts	114	export function createProjectPicker(config: ProjectPickerConfig): ProjectPicker {
src/providers.ts	71	export function providerAdapter(id: string | undefined): ProviderAdapter | undefined {
src/providers.ts	76	export function hasProviderAdapter(id: string | undefined): boolean {
src/providers.ts	105	async function opencodeProviderToken(account: AccountRecord): Promise<string | null> {
src/providers.ts	156	function unsupported(account: AccountRecord, source: AccountLimits["source"], error: string): AccountLimits {
src/providers.ts	171	async function zaiLimits(account: AccountRecord, deps: LimitsDeps = {}): Promise<AccountLimits> {
src/providers.ts	204	function zaiWindow(window: ZaiLimitWindow, windowMinutes: number): WindowUsage {
src/providers.ts	227	async function minimaxLimits(account: AccountRecord, deps: LimitsDeps = {}): Promise<AccountLimits> {
src/providers.ts	262	function minimaxWindow(
src/providers.ts	313	function kimiCredentialPaths(account: AccountRecord): string[] {
src/providers.ts	323	async function readKimiCredentials(account: AccountRecord): Promise<Array<{ path: string; parsed: KimiWireCredential }>> {
src/providers.ts	338	function kimiExpirySeconds(credential: KimiWireCredential): number {
src/providers.ts	342	function bestKimiCredential(files: Array<{ path: string; parsed: KimiWireCredential }>): { path: string; parsed: KimiWireCredential } | null {
src/providers.ts	356	function kimiRefreshTokens(files: Array<{ path: string; parsed: KimiWireCredential }>): string[] {
src/providers.ts	372	async function kimiAccessToken(account: AccountRecord, deps: LimitsDeps): Promise<string | null> {
src/providers.ts	391	async function refreshKimiToken(account: AccountRecord, deps: LimitsDeps, staleToken: string | null): Promise<string | null> {
src/providers.ts	447	async function moonshotLimits(account: AccountRecord, deps: LimitsDeps = {}): Promise<AccountLimits> {
src/providers.ts	511	function kimiWindowMinutes(window: { duration?: number; timeUnit?: string } | null | undefined): number | undefined {
src/providers.ts	528	function kimiWindow(window: KimiUsageWindow | null | undefined, windowMinutes: number): WindowUsage | null {
src/providers.ts	540	function numericField(value: unknown): number | undefined {
src/providers.ts	564	async function cursorAccessToken(account: AccountRecord): Promise<string | null> {
src/providers.ts	575	async function cursorLimits(account: AccountRecord, deps: LimitsDeps = {}): Promise<AccountLimits> {
src/providers.ts	634	async function grokAccessToken(account: AccountRecord): Promise<string | null> {
src/providers.ts	672	async function xaiLimits(account: AccountRecord, deps: LimitsDeps = {}): Promise<AccountLimits> {
src/providers.ts	691	function xaiBillingWindow(config: XaiBillingResponse["config"]): WindowUsage | null {
src/providers.ts	708	function xaiWindow(usedPercent: number, start: string | undefined, end: string | undefined): WindowUsage {
src/providers.ts	720	function xaiVal(value: XaiVal | undefined): number | undefined {
src/providers.ts	732	async function xaiSessionFacts(account: AccountRecord, deps: LimitsDeps = {}): Promise<AccountLimits> {
src/readiness.ts	8	export class AgentReadinessError extends Error {
src/readiness.ts	9	constructor(
src/readiness.ts	35	export async function waitForAgentReady(record: SessionRecord, options: WaitForAgentReadyOptions): Promise<void> {
src/readiness.ts	169	export function isTrustPromptPane(pane: string): boolean {
src/readiness.ts	181	export function isBypassPermissionsPane(pane: string): boolean {
src/readiness.ts	190	export function isResumeChoicePane(pane: string): boolean {
src/readiness.ts	197	export function isRendererTourPane(pane: string): boolean {
src/readiness.ts	204	export function isStartupConfirmationPane(pane: string): boolean {
src/readiness.ts	208	export function isMcpWarningPane(pane: string): boolean {
src/readiness.ts	212	export function shouldRaiseDroidAutonomy(pane: string): boolean {
src/readiness.ts	223	export function isPermissionPromptPane(pane: string): boolean {
src/readiness.ts	233	function hasApprovalOptionList(recent: string): boolean {
src/readiness.ts	239	export function isAgentReadyPane(agent: string, pane: string): boolean {
src/readiness.ts	244	export function isAgentActivePane(agent: string, pane: string): boolean {
src/readiness.ts	256	function recentPane(pane: string): string {
src/readiness.ts	260	function sleep(ms: number) {
src/readiness.ts	264	function formatPaneExcerpt(pane: string): string {
src/reconcile.ts	36	export function sessionIndexPath(): string {
src/reconcile.ts	47	export async function reconcileSessions(options: ReconcileOptions = {}): Promise<SessionIndex> {
src/reconcile.ts	89	async function discoverHomes(extra: string[]): Promise<string[]> {
src/reconcile.ts	110	async function scanClaudeHome(home: string, entries: SessionIndexEntry[], conflicts: string[]): Promise<void> {
src/reconcile.ts	139	async function scanCodexHome(home: string, entries: SessionIndexEntry[], conflicts: string[]): Promise<void> {
src/reconcile.ts	156	async function walk(dir: string, maxDepth: number, visit: (path: string) => Promise<void>): Promise<void> {
src/reconcile.ts	166	function isSyncConflict(name: string): boolean {
src/reconcile.ts	183	export function buildSyncManifest(): SyncManifest {
src/reconcile.ts	206	export function syncManifestPath(): string {
src/reconcile.ts	210	export async function writeSyncManifest(): Promise<SyncManifest> {
src/recovery/manual.ts	43	export async function finalizeManualRuntimeRevive(
src/recovery/park.ts	42	function axes(record: SessionRecord) {
src/recovery/park.ts	46	async function defaultHasQueuedMessages(record: SessionRecord): Promise<boolean> {
src/recovery/park.ts	54	async function defaultProbe(record: SessionRecord): Promise<ProbeEvidence> {
src/recovery/park.ts	58	function eligibilityReason(
src/recovery/park.ts	93	export async function parkIdleHsrRuntime(
src/recovery/revive.ts	33	export async function reviveHsrForAutomaticRecovery(
src/recovery/runtimeProbe.ts	13	function remoteTarget(record: SessionRecord): ProbeEvidence["target"] {
src/recovery/runtimeProbe.ts	22	function remoteEvidence(
src/recovery/runtimeProbe.ts	47	export async function probeRecoverableRuntime(
src/recovery/store.ts	17	export const RUNTIME_RECOVERY_STORE_VERSION = 1 as const;
src/recovery/store.ts	18	export const RUNTIME_RECOVERY_MAX_ATTEMPTS = 10;
src/recovery/store.ts	19	export const RUNTIME_RECOVERY_ATTEMPT_LEASE_MS = 5 * 60_000;
src/recovery/store.ts	61	export function runtimeRecoveryRoot(): string {
src/recovery/store.ts	65	function runtimeRecoveryPath(bee: string): string {
src/recovery/store.ts	69	function runtimeRecoveryLockPath(bee: string): string {
src/recovery/store.ts	73	function iso(ms: number): string {
src/recovery/store.ts	77	function boundedRandom(random: () => number): number {
src/recovery/store.ts	84	export function runtimeRecoveryBackoffMs(attempt: number, random: () => number = Math.random): number {
src/recovery/store.ts	90	function validAttempt(value: unknown): value is RuntimeRecoveryAttempt {
src/recovery/store.ts	101	function parseRecord(raw: string, bee: string): RuntimeRecoveryRecord {
src/recovery/store.ts	121	export async function readRuntimeRecovery(bee: string): Promise<RuntimeRecoveryRecord | null> {
src/recovery/store.ts	130	async function writeRuntimeRecovery(record: RuntimeRecoveryRecord): Promise<void> {
src/recovery/store.ts	134	export async function beginRuntimeRecovery(input: {
src/recovery/store.ts	166	export async function claimRuntimeRecoveryAttempt(input: {
src/recovery/store.ts	257	export async function finishRuntimeRecoveryAttempt(input: {
src/recovery/store.ts	296	export async function markRuntimeRecoveryFailedRequest(bee: string, requestId: string): Promise<RuntimeRecoveryRecord | null> {
src/recovery/store.ts	308	export async function resetRuntimeRecovery(bee: string): Promise<void> {
src/recovery/wake.ts	54	function axes(record: SessionRecord) {
src/recovery/wake.ts	58	export class PendingInputRecoveryError extends Error {
src/recovery/wake.ts	61	constructor(record: SessionRecord) {
src/recovery/wake.ts	70	async function canReconcilePendingInput(record: SessionRecord, deps: EnsureLiveRuntimeDeps): Promise<boolean> {
src/recovery/wake.ts	75	async function markParkedRuntimeResumed(
src/recovery/wake.ts	95	async function retryLifecycleConflict<T>(
src/recovery/wake.ts	118	async function ensureLiveRuntimeInTransaction(
src/recovery/wake.ts	245	export async function ensureLiveRuntimeForSend(
src/recovery/wake.ts	256	export async function markLiveRuntimeSteered(
src/recovery/wake.ts	284	export async function wakeRuntimeForQueuedSend(
src/repoTag.ts	12	export function repoTagFor(cwd: string): string {
src/repoTag.ts	31	export function clearRepoTagCache(): void {
src/requests/keys.ts	21	export function needsInputRequestId(
src/requests/keys.ts	31	export function authRequestId(bee: string, eventTs: number): string {
src/requests/keys.ts	36	export function authPromptLossRequestId(bee: string, generation: number, eventTs: number): string {
src/requests/keys.ts	41	export function stopFailedRequestId(bee: string, generation: number): string {
src/requests/keys.ts	46	export function messageDeliveryRequestId(bee: string, messageId: string): string {
src/requests/keys.ts	51	export function deliveryAmbiguityRequestId(bee: string, deliveryId: string): string {
src/requests/keys.ts	56	export function answerAmbiguityRequestId(
src/requests/keys.ts	66	function answerHostEpoch(host: HsrAnswerHostIdentity): string {
src/requests/keys.ts	71	export function recoveryFailedRequestId(bee: string, episodeId: string): string {
src/requests/store.ts	27	export const REQUEST_STORE_VERSION = 1 as const;
src/requests/store.ts	30	export const DEFAULT_REQUESTS_KEEP_CLOSED = 50;
src/requests/store.ts	131	export function requestsRoot(): string {
src/requests/store.ts	135	function requestFilePath(bee: string): string {
src/requests/store.ts	139	function requestLockPath(bee: string): string {
src/requests/store.ts	143	function keepClosedLimit(): number {
src/requests/store.ts	148	function parseRequestFile(raw: string, bee: string): BeeRequestFile | null {
src/requests/store.ts	166	async function readRequestFile(bee: string): Promise<BeeRequestFile> {
src/requests/store.ts	178	export async function readBeeRequests(bee: string): Promise<InterventionRequestRecord[]> {
src/requests/store.ts	183	export async function readBeeRequestsStrict(bee: string): Promise<InterventionRequestRecord[]> {
src/requests/store.ts	208	export async function listBeesWithRequests(): Promise<string[]> {
src/requests/store.ts	215	function closedAtMs(record: InterventionRequestRecord): number {
src/requests/store.ts	226	function pruneRequests(requests: InterventionRequestRecord[], nowMs: number): InterventionRequestRecord[] {
src/requests/store.ts	246	async function mutateRequestFile<T>(
src/requests/store.ts	264	function buildRecord(bee: string, input: OpenRequestInput, nowIso: string): InterventionRequestRecord {
src/requests/store.ts	286	function openLedgerRow(record: InterventionRequestRecord): Record<string, unknown> {
src/requests/store.ts	297	function resolveLedgerRow(record: InterventionRequestRecord): Record<string, unknown> {
src/requests/store.ts	301	function cancelLedgerRow(record: InterventionRequestRecord): Record<string, unknown> {
src/requests/store.ts	313	function resolvedCopy(
src/requests/store.ts	328	function cancelledCopy(
src/requests/store.ts	350	export async function openRequest(bee: string, input: OpenRequestInput): Promise<OpenRequestOutcome> {
src/requests/store.ts	363	export async function resolveRequest(
src/requests/store.ts	387	export async function openAndResolveRequest(
src/requests/store.ts	413	export async function cancelRequest(
src/requests/store.ts	432	export async function cancelOpenRequests(
src/requests/store.ts	464	export async function markRequestRouted(
src/requests/store.ts	496	export async function rebindOpenRequestsToGeneration(
src/requests/store.ts	529	export async function removeBeeRequests(bee: string): Promise<void> {
src/requests/store.ts	541	export async function closeRequestsForNewIncarnation(
src/runtimeArtifact.ts	34	export const RUNTIME_ARTIFACT_MANIFEST_FILENAME = "manifest.json";
src/runtimeArtifact.ts	35	export const RUNTIME_ARTIFACT_SUMS_FILENAME = "SHA256SUMS";
src/runtimeArtifact.ts	36	export const RUNTIME_ARTIFACT_MANIFEST_SCHEMA_VERSION = 1;
src/runtimeArtifact.ts	78	export function runtimeArtifactTarballName(sha: string): string {
src/runtimeArtifact.ts	83	export async function sha256File(path: string): Promise<{ sha256: string; bytes: number }> {
src/runtimeArtifact.ts	94	export function formatSha256Sums(entries: Array<{ name: string; sha256: string }>): string {
src/runtimeArtifact.ts	104	export async function readArtifactProtocol(artifactDir: string): Promise<string> {
src/runtimeArtifact.ts	122	export function readArtifactExecutionDigest(artifactDir: string): string {
src/runtimeArtifact.ts	134	async function readArtifactPackage(artifactDir: string): Promise<{ name: string; version: string; node: string }> {
src/runtimeArtifact.ts	152	export async function describeRuntimeArtifact(
src/runtimeArtifact.ts	183	export async function packRuntimeArtifact(options: PackRuntimeArtifactOptions): Promise<PackRuntimeArtifactOutcome> {
src/runtimeArtifact.ts	194	log(`runtime-artifact: tar ${entries.join(" ")} -> ${tarballPath}`);
src/runtimeArtifact.ts	213	export function parseRuntimeArtifactManifest(raw: string): RuntimeArtifactManifest {
src/seal.ts	7	export const SEAL_STATUSES = ["done", "blocked", "needs_input", "failed"] as const;
src/seal.ts	8	export const SEAL_TYPES = ["implementation", "review", "risk", "test", "witness"] as const;
src/seal.ts	9	export const TEST_RUN_RESULTS = ["passed", "failed", "skipped"] as const;
src/seal.ts	10	export const SEAL_ARTIFACT_KINDS = ["branch", "diff", "url", "fixture"] as const;
src/seal.ts	87	export const SEAL_ARTIFACT_EXAMPLE = {
src/seal.ts	104	export function sealArtifactExampleJson(): string {
src/seal.ts	109	export function sealHelpText(): string {
src/seal.ts	155	export function validateSealArtifact(value: unknown): SealArtifact {
src/seal.ts	242	function validateSealEvidence(value: unknown): SealEvidence {
src/seal.ts	277	function validateTestRun(value: unknown, index: number): TestRun {
src/seal.ts	294	export async function recordSeal(beeName: string, artifact: SealArtifact): Promise<SealRecord> {
src/seal.ts	312	export async function listSeals(beeName: string): Promise<SealRecord[]> {
src/seal.ts	333	export async function loadLatestSeal(beeName: string): Promise<SealRecord | null> {
src/seal.ts	337	export async function scanLatestSeal(beeName: string, options: { afterFilename?: string | null } = {}): Promise<LatestSealScan> {
src/seal.ts	359	export async function copyBeeSeals(beeName: string, destDir: string): Promise<number> {
src/seal.ts	373	function cachedSealPredatesPrompt(record: SessionRecord): boolean {
src/seal.ts	380	function sealCompletesLatestPrompt(record: SessionRecord, seal: SealRecord): boolean {
src/seal.ts	397	export async function sealedBeeNames(records?: readonly SessionRecord[]): Promise<Set<string>> {
src/seal.ts	434	export async function nextTurnPatch(record: SessionRecord): Promise<Partial<SessionRecord>> {
src/seal.ts	448	export async function nextRuntimeIncarnationPatch(record: SessionRecord): Promise<Partial<SessionRecord>> {
src/seal.ts	459	async function readSeal(path: string): Promise<SealRecord> {
src/seal.ts	473	async function ensureBeeDir(beeName: string): Promise<void> {
src/seal.ts	477	export function sealsRoot(): string {
src/seal.ts	481	function beeSealDir(beeName: string): string {
src/seal.ts	488	function sealPath(beeName: string, sealedAt: string): string {
src/seal.ts	493	function nextSealSuffix(safeStamp: string): string {
src/sealAdmission.ts	24	export async function recordRunnableSessionSeal(
src/search.ts	58	listLedgerFiles(): Promise<string[]>;
src/search.ts	59	readSeals(filter: SealFilter): AsyncIterable<{ path: string; record: SealRecord }>;
src/search.ts	60	readSessionRecords(filter: SessionFilter): AsyncIterable<{ path: string; record: SessionRecord }>;
src/search.ts	61	readLedgerLines(filter: LedgerFilter): AsyncIterable<LedgerLine>;
src/search.ts	91	export async function search(options: SearchOptions, reader: CorpusReader = defaultCorpusReader()): Promise<SearchResult> {
src/search/engine.ts	20	export async function search(options: SearchOptions, reader: CorpusReader): Promise<SearchResult> {
src/search/engine.ts	123	export function compileMatcher(options: SearchOptions): CompiledMatcher {
src/search/engine.ts	155	export function makeSnippet(text: string, matchStart: number, matchEnd: number): {
src/search/engine.ts	195	function normalizeSnippetWhitespace(text: string): string {
src/search/engine.ts	202	export function scoreHit(type: SearchHitType, matchedAt: string): number {
src/search/engine.ts	212	function isOutsideSinceWindow(timestamp: string, sinceMs: number | undefined): boolean {
src/search/haystacks.ts	5	export function sealHaystack(record: SealRecord): string {
src/search/haystacks.ts	21	export function sessionHaystack(record: SessionRecord): string {
src/search/haystacks.ts	41	export function redactSearchText(text: string): string {
src/search/haystacks.ts	49	export function passesLedgerFilters(parsed: Record<string, unknown> | undefined, options: SearchOptions): boolean {
src/search/readers.ts	10	export function defaultCorpusReader(): CorpusReader {
src/search/readers.ts	19	export async function listLedgerFiles(root: string = storeRoot()): Promise<string[]> {
src/search/readers.ts	84	async function sessionMetaFor(beeName: string): Promise<{ colony?: string; swarmId?: string } | null> {
src/search/readers.ts	98	export function resetSessionMetaCache(): void {
src/search/readers.ts	171	function trimTrailingCarriageReturn(line: string): string {
src/search/readers.ts	175	function parseLedgerLine(line: string): Record<string, unknown> | undefined {
src/selectors.ts	41	export function parseSelector(query: string): Selector {
src/selectors.ts	112	function resolveBeeId(state: SelectorState, token: string): string | undefined {
src/selectors.ts	126	function fieldFor(verb: RelVerb): "reportsToId" | "parentId" | "spawnedById" | "forkedFromId" {
src/selectors.ts	141	export function resolveSelectorFromState(selector: Selector, state: SelectorState): ResolvedTarget {
src/selectors.ts	200	export function isSelectorMulti(selector: Selector): boolean {
src/selectors.ts	204	export function formatSelector(selector: Selector): string {
src/selectors.ts	219	export async function resolveSelector(query: string): Promise<ResolvedTarget> {
src/sessionLiveness.ts	11	export async function sessionLivenessFailure(record: SessionRecord, options: SessionLivenessOptions = {}): Promise<string | null> {
src/sessionLiveness.ts	29	export async function ensureSessionLive(record: SessionRecord): Promise<void> {
src/sessionMetadata.ts	19	export function transcriptLookupForSession(record: SessionRecord): TranscriptLookupOptions {
src/sessionMetadata.ts	40	export async function syncHsrProviderSessionId(record: SessionRecord): Promise<SessionRecord> {
src/sessionMetadata.ts	65	export async function resolveSessionTranscript(record: SessionRecord): Promise<ResolvedSessionTranscript> {
src/sessionMetadata.ts	75	export async function refreshSessionTranscriptMetadata(record: SessionRecord): Promise<SessionRecord | null> {
src/sessionMetadata.ts	86	export async function persistSessionTranscriptMetadata(
src/sessionMetadata.ts	116	async function persistFields(
src/sessionMetadata.ts	140	async function persistFieldsWithLifecycle(
src/sessionMetadata.ts	154	function transcriptMetadataFields(
src/sessionMetadata.ts	208	async function claimTranscriptIdentity(
src/sessionMetadata.ts	245	function ownsTranscriptIdentity(record: SessionRecord, tx: TranscriptFile): boolean {
src/sessionMetadata.ts	249	function transcriptIdentity(agent: string, tx: TranscriptFile): string {
src/sessionMetadata.ts	254	async function readTranscriptOwnershipClaim(path: string): Promise<TranscriptOwnershipClaim | null> {
src/sessionMetadata.ts	266	async function writeTranscriptOwnershipClaim(path: string, owner: string, agent: string, identity: string): Promise<void> {
src/sessionMetadata.ts	271	async function findClaimingSibling(record: SessionRecord, tx: TranscriptFile): Promise<SessionRecord | null> {
src/spawnEnv.ts	3	export const PROTECTED_SPAWN_ENV_KEYS = new Set([
src/spawnEnv.ts	13	export function isValidEnvEntry(key: string, value: string): boolean {
src/spawnEnv.ts	17	export function assertCallerEnvAllowed(env: Record<string, string>): void {
src/spawnEnv.ts	27	export function parseEnvAssignments(assignments: readonly string[]): Record<string, string> {
src/spawnEnv.ts	34	assertCallerEnvAllowed(env);
src/spawnEnv.ts	38	export function mergeCallerEnv(target: Record<string, string>, callerEnv: Record<string, string> | undefined): void {
src/spawnEnv.ts	40	assertCallerEnvAllowed(callerEnv);
src/spawnLink.ts	21	export function parseWindowInventory(stdout: string): WindowInventory {
src/spawnLink.ts	40	export function planLinks(
src/spawnLink.ts	48	export async function windowInventory(): Promise<WindowInventory> {
src/spawnLink.ts	53	async function linkWindowsInto(
src/spawnLink.ts	76	export async function linkHere(
src/spawnParent.ts	26	export async function resolveSpawningBeeId(): Promise<string | undefined> {
src/spawnParent.ts	52	export async function resolveExplicitSpawningBeeId(reference: string): Promise<string> {
src/spawnPreamble.ts	44	export function planSpawnPreamble(input: SpawnPreambleInput): SpawnPreamblePlan | null {
src/spawnPreamble.ts	88	export async function consumePreambleForDelivery(record: SessionRecord, text: string): Promise<string> {
src/spawnResolve.ts	36	export async function resolveSpawnSpec(token: string, options: ResolveSpawnSpecOptions = {}): Promise<SpawnAgentSpec> {
src/spawnRuntime.ts	19	stop(): Promise<SpawnRuntimeCleanup>;
src/spawnRuntime.ts	27	export class SpawnAfterForkError extends Error {
src/spawnRuntime.ts	30	constructor(
src/spawnTiming.ts	25	mark(phase: string): void;
src/spawnTiming.ts	27	report(label?: string): SpawnTimingReport;
src/spawnTiming.ts	30	export function spawnTimingEnabled(env: NodeJS.ProcessEnv = process.env): boolean {
src/spawnTiming.ts	39	export function startSpawnTimer(label: string, env: NodeJS.ProcessEnv = process.env): SpawnTimer {
src/spawnTui.ts	109	export function resolveAccountStep(real: SpawnTuiAccount[]): {
src/spawnTui.ts	123	export async function chooseNewBee(hooks: SpawnTuiHooks): Promise<SpawnTuiResult | null> {
src/spawnTui.ts	626	function column(title: string, cells: Cell[], active: boolean, width: number, rows: number): string[] {
src/spawnTui.ts	640	function wrapCell(text: string, width: number): Cell[] {
src/spawnTui.ts	647	function box(on: boolean): string {
src/spawnTui.ts	651	function clampValue(value: number, min: number, max: number): number {
src/spend/discover.ts	15	export function harnessForSeat(seat: Seat): Harness {
src/spend/discover.ts	19	async function readdirSafe(dir: string): Promise<import("node:fs").Dirent[]> {
src/spend/discover.ts	30	async function walkJsonl(dir: string): Promise<string[]> {
src/spend/discover.ts	44	async function listClaudeTranscripts(configDir: string): Promise<string[]> {
src/spend/discover.ts	61	export async function listSeatTranscripts(seat: Seat): Promise<string[]> {
src/spend/extract.ts	26	function num(object: Record<string, unknown> | undefined, key: string): number {
src/spend/extract.ts	31	function countToolUse(content: unknown): number {
src/spend/extract.ts	46	export function extractClaudeEvents(rows: RowWithOffset[], sourceFile: string, seat: Seat): SpendEvent[] {
src/spend/extract.ts	111	export function extractCodexEvents(rows: RowWithOffset[], sourceFile: string, seat: Seat): SpendEvent[] {
src/spend/extract.ts	178	export function extractEvents(
src/spend/format.ts	35	export function fmtUsd(value: number): string {
src/spend/format.ts	42	export function fmtTokens(value: number): string {
src/spend/format.ts	50	export function fmtLeverage(value: number | null): string {
src/spend/format.ts	55	export function fmtDuration(ms: number): string {
src/spend/format.ts	68	function cacheWrite(tokens: TokenCounts): number {
src/spend/format.ts	74	export function renderDailyLedger(rows: DailyLedgerRow[]): string {
src/spend/format.ts	91	export function renderLeverage(rows: LeveragePoint[], opts?: { window?: number }): string {
src/spend/format.ts	112	function topModel(models: Record<string, number>): string {
src/spend/format.ts	119	export function renderSessions(rows: SessionRollup[]): string {
src/spend/format.ts	136	export function renderBlend(rows: BlendRow[]): string {
src/spend/format.ts	155	function priceCell(value: number | null): string {
src/spend/format.ts	159	export function renderRates(table: RateTable): string {
src/spend/format.ts	185	export function renderSeats(seats: Seat[]): string {
src/spend/format.ts	209	function bar(fraction: number, width: number, paint: (s: string) => string): string {
src/spend/format.ts	221	function sparkline(values: number[]): string {
src/spend/format.ts	229	function padName(text: string, width: number): string {
src/spend/format.ts	238	export function renderUsage(summary: UsageSummary): string {
src/spend/format.ts	309	export function renderSessionDetail(d: SessionDetail): string {
src/spend/format.ts	350	export function toJson(rows: unknown): string {
src/spend/format.ts	355	function flattenRow(row: Record<string, unknown>): Record<string, string> {
src/spend/format.ts	374	function csvEscape(value: string): string {
src/spend/format.ts	382	export function toCsv(rows: Array<Record<string, unknown>>): string {
src/spend/ingest.ts	42	async function readState(stateFile: string): Promise<IngestState> {
src/spend/ingest.ts	55	async function writeState(stateFile: string, state: IngestState): Promise<void> {
src/spend/ingest.ts	63	export async function readEventIds(eventsFile: string = eventsPath()): Promise<Set<string>> {
src/spend/ingest.ts	86	function parseRowsWithOffsets(raw: string): { rows: RowWithOffset[]; totalLines: number } {
src/spend/ingest.ts	103	function beforeSince(ts: string, sinceMs: number | null): boolean {
src/spend/ingest.ts	114	export async function ingest(opts: IngestOptions): Promise<IngestResult> {
src/spend/ledger.ts	14	async function readLedgerRaw(eventsFile: string): Promise<string | null> {
src/spend/ledger.ts	23	function isSpendEvent(value: unknown): value is SpendEvent {
src/spend/ledger.ts	33	export async function readAllEvents(eventsFile: string = eventsPath()): Promise<SpendEvent[]> {
src/spend/paths.ts	11	export function spendDir(): string {
src/spend/paths.ts	16	export function eventsPath(): string {
src/spend/paths.ts	21	export function ratesPath(): string {
src/spend/paths.ts	26	export function seatsPath(): string {
src/spend/paths.ts	31	export function ingestStatePath(): string {
src/spend/pricing.ts	35	function escapeRegExp(literal: string): string {
src/spend/pricing.ts	40	function literalLength(pattern: string): number {
src/spend/pricing.ts	49	function patternMatches(pattern: string, modelId: string): boolean {
src/spend/pricing.ts	62	export function matchModelRule(table: RateTable, modelId: string): RateRule | null {
src/spend/pricing.ts	81	export function selectRateVersion(rule: RateRule, eventIso: string): RateVersion | null {
src/spend/pricing.ts	101	export function priceEvent(event: SpendEvent, table: RateTable): CostedEvent {
src/spend/pricing.ts	140	export function priceEvents(events: SpendEvent[], table: RateTable): CostedEvent[] {
src/spend/pricing.ts	148	export function unknownModels(costed: CostedEvent[]): string[] {
src/spend/rates.ts	24	function anthropicVersion(effectiveFrom: string, inputPerMTok: number, outputPerMTok: number): RateVersion {
src/spend/rates.ts	37	function anthropicRule(modelPattern: string, effectiveFrom: string, input: number, output: number, note?: string): RateRule {
src/spend/rates.ts	47	function openaiRule(
src/spend/rates.ts	74	function nonBillableRule(modelPattern: string, note: string): RateRule {
src/spend/rates.ts	91	function todoRule(modelPattern: string, provider: string, note: string): RateRule {
src/spend/rates.ts	100	export function seedRateTable(): RateTable {
src/spend/rates.ts	195	export function validateRateTable(raw: unknown): RateTable {
src/spend/rates.ts	229	function validateVersion(raw: unknown, ruleIndex: number, versionIndex: number): RateVersion {
src/spend/rates.ts	259	export async function loadRates(path: string = ratesPath()): Promise<RateTable> {
src/spend/rates.ts	274	export async function ensureRatesFile(path: string = ratesPath()): Promise<string> {
src/spend/rates.ts	311	export async function saveRates(table: RateTable, path: string = ratesPath()): Promise<void> {
src/spend/report.ts	31	function eventDay(event: CostedEvent): string {
src/spend/report.ts	36	function addTokens(dst: TokenCounts, src: TokenCounts): void {
src/spend/report.ts	41	function addUsdByTier(dst: Record<TokenTier, number>, src: Record<TokenTier, number>): void {
src/spend/report.ts	55	export function dailyLedger(costed: CostedEvent[], opts?: { granularity?: Granularity }): DailyLedgerRow[] {
src/spend/report.ts	84	function rollingMean(values: Array<number | null>, window: number): Array<number | null> {
src/spend/report.ts	108	export function leverage(
src/spend/report.ts	226	export function usageSummary(
src/spend/report.ts	301	export function sessionRollups(costed: CostedEvent[], opts?: { top?: number }): SessionRollup[] {
src/spend/report.ts	381	export function sessionDetail(costed: CostedEvent[], sessionId: string): SessionDetail {
src/spend/report.ts	446	export function blend(costed: CostedEvent[], opts?: { model?: string; granularity?: Granularity }): BlendRow[] {
src/spend/seats.ts	26	function isBackupName(name: string): boolean {
src/spend/seats.ts	31	function harnessForConfigName(name: string): Harness | null {
src/spend/seats.ts	44	export async function discoverConfigDirs(homeDir: string = homedir()): Promise<Seat[]> {
src/spend/seats.ts	75	function harnessForAccountName(name: string): Harness | null {
src/spend/seats.ts	82	async function dirExists(dir: string): Promise<boolean> {
src/spend/seats.ts	101	export async function discoverHiveHomeSeats(storeDir: string = storeRoot()): Promise<Seat[]> {
src/spend/seats.ts	134	function validateSeatsFile(raw: unknown): SeatsFile {
src/spend/seats.ts	169	export async function loadSeats(path: string = seatsPath()): Promise<SeatsFile> {
src/spend/seats.ts	181	export async function saveSeats(file: SeatsFile, path: string = seatsPath()): Promise<void> {
src/spend/seats.ts	195	function mergeDiscoveredSeats(existing: SeatsFile, discovered: Seat[]): { file: SeatsFile; added: string[] } {
src/spend/seats.ts	213	export async function ensureSeats(
src/spend/time.ts	20	export function osloDay(input: string | number): string | null {
src/spend/time.ts	28	export function dailyProration(monthlyUsd: number): number {
src/spend/time.ts	41	export function periodOf(day: string, granularity: Granularity): string {
src/spend/time.ts	48	function isoWeekLabel(day: string): string {
src/spend/time.ts	70	export function daysInPeriod(period: string, granularity: Granularity): string[] {
src/spend/time.ts	105	export function daysBetween(startDay: string, endDay: string): string[] {
src/spend/types.ts	22	export const TOKEN_TIERS: readonly TokenTier[] = [
src/spend/types.ts	32	export function zeroTokens(): TokenCounts {
src/state.ts	83	export function liveTargetKey(node: string | undefined, target: string): string {
src/state.ts	109	function describeSpan(ms: number): string {
src/state.ts	120	function bootingOrWedged(record: SessionRecord, now: number): DerivedState {
src/state.ts	129	export function deriveState(record: SessionRecord, context: StateContext): DerivedState {
src/state.ts	275	function deriveHsrState(record: SessionRecord, context: StateContext): DerivedState {
src/state.ts	331	function heldHsrStateForUnavailableObservation(record: SessionRecord, context: StateContext): DerivedState {
src/state.ts	354	function deadOrCrashed(record: SessionRecord, context: StateContext): DerivedState {
src/state.ts	394	export const STATE_PRESENTATION: Record<BeeState, StatePresentation> = {
src/state.ts	411	export function stateLabel(state: BeeState): string {
src/state.ts	416	export function formatStateCell(state: BeeState): string {
src/state.ts	422	export function cleanStatePriority(state: BeeState): number {
src/state.ts	426	export function isTerminalState(state: BeeState): boolean {
src/state.ts	432	export function isDoneState(state: BeeState): boolean {
src/state.ts	436	function heldStateForUnknownPane(record: SessionRecord, context: StateContext): DerivedState | null {
src/state.ts	449	export function parseBeeState(value: string | undefined): BeeState | undefined {
src/state.ts	476	function isHoldableUnknownPaneState(state: BeeState): boolean {
src/state.ts	480	function detailForHeldState(state: BeeState, record: SessionRecord, now: number): string {
src/state.ts	500	function lastActivityHint(record: SessionRecord, _context: StateContext): string {
src/state.ts	508	function describeActivity(record: SessionRecord): string {
src/state.ts	514	function describeIdle(record: SessionRecord, now: number): string {
src/state.ts	526	function pickMax(...values: number[]): number {
src/stateMachine.ts	178	export function isArchivedSessionLifecycle(record: {
src/stateMachine.ts	192	export function isActiveSessionLifecycle(record: {
src/stateMachine.ts	207	export function isEventHistoryObservationAdmissible(record: {
src/stateMachine.ts	219	export function isRunnableSessionRecord(record: {
src/stateMachine.ts	332	export class IllegalBeeTransitionError extends Error {
src/stateMachine.ts	335	constructor(message: string) {
src/stateMachine.ts	341	function isRecord(value: unknown): value is Record<string, unknown> {
src/stateMachine.ts	345	function isIsoTimestamp(value: unknown): value is string {
src/stateMachine.ts	349	function isNonEmptyString(value: unknown): value is string {
src/stateMachine.ts	353	export function isProbeEvidence(value: unknown): value is ProbeEvidence {
src/stateMachine.ts	372	export function isObserverOfflineMarker(value: unknown): value is ObserverOfflineMarker {
src/stateMachine.ts	378	export function isUnverifiedCursorMarker(value: unknown): value is UnverifiedCursorMarker {
src/stateMachine.ts	387	function isTransitionEvidence(value: unknown): value is TransitionEvidence {
src/stateMachine.ts	447	function evidenceFor(event: BeeTransitionEvent): TransitionEvidence[] {
src/stateMachine.ts	455	function assertEventShape(event: BeeTransitionEvent): void {
src/stateMachine.ts	544	function sameAxes(a: StateMachineSeed, b: StateMachineSeed): boolean {
src/stateMachine.ts	552	export function reduceBeeTransition(current: StateMachineSeed, event: BeeTransitionEvent): TransitionReduction {
src/stateMachine.ts	553	assertEventShape(event);
src/stateMachine.ts	646	export function makeStateMachineCursor(
src/stateMachine.ts	659	export function isBeeStateMachineCursor(value: unknown): value is BeeStateMachineCursor {
src/store.ts	390	export function currentSessionRuntimeReplacement(
src/store.ts	403	export function isPendingSessionRuntimeReplacement(
src/store.ts	430	export async function ensureStore() {
src/store.ts	435	export const TERMINAL_OBSERVED_STATES = new Set([
src/store.ts	451	export function isActiveSessionRecord(
src/store.ts	469	export const ACTIVE_SESSION_INDEX_VERSION = 3;
src/store.ts	476	export const DEFAULT_ACTIVE_SESSION_RECONCILE_INTERVAL_MS = 5 * 60_000;
src/store.ts	523	function captureStorePaths(): StorePaths {
src/store.ts	528	export function activeSessionIndexPath(root = storeRoot()): string {
src/store.ts	532	function activeSessionIndexLockPath(root: string): string {
src/store.ts	536	function sessionObservationPath(root: string, name: string): string {
src/store.ts	545	function sessionObservationLockPath(root: string, name: string): string {
src/store.ts	554	function sessionObservationBaseChecksum(record: SessionRecord): string {
src/store.ts	558	function sessionObservationChecksum(
src/store.ts	564	function makeSessionObservation(
src/store.ts	580	async function readSessionObservation(root: string, name: string): Promise<PersistedSessionObservation | null> {
src/store.ts	612	async function applySessionObservation(root: string, record: SessionRecord): Promise<SessionRecord> {
src/store.ts	623	async function sessionObservationNames(root: string): Promise<ReadonlySet<string>> {
src/store.ts	628	function activeIndexChecksum(
src/store.ts	645	function makeActiveSessionIndex(
src/store.ts	668	async function readActiveSessionIndex(root: string): Promise<ActiveSessionIndex | null> {
src/store.ts	710	async function writeActiveSessionIndex(index: ActiveSessionIndex): Promise<void> {
src/store.ts	714	async function sessionDirectoryMtimes(paths: StorePaths): Promise<{ current: number; legacy: number }> {
src/store.ts	737	export const DEFAULT_ACTIVE_SESSION_RECONCILE_DEADLINE_MS = 5_000;
src/store.ts	755	function boundedRandom(random: () => number): number {
src/store.ts	761	function activeSessionReconcileBackoffMs(attempt: number, random: () => number): number {
src/store.ts	772	async function rebuildActiveSessionIndexLocked(
src/store.ts	833	export async function rebuildActiveSessionIndex(options: ActiveSessionIndexRebuildOptions = {}): Promise<number> {
src/store.ts	843	async function currentActiveSessionIndex(paths: StorePaths): Promise<ActiveSessionIndex> {
src/store.ts	853	async function updateActiveMembershipLocked(
src/store.ts	870	function sessionLockPath(name: string): string {
src/store.ts	879	export async function withSessionLock<T>(name: string, fn: () => Promise<T>): Promise<T> {
src/store.ts	896	export async function saveSession(record: SessionRecord, options: SaveSessionOptions = {}) {
src/store.ts	909	export async function saveSessionLocked(record: SessionRecord, options: SaveSessionOptions = {}) {
src/store.ts	934	async function persistSessionRecord(record: SessionRecord) {
src/store.ts	961	function compactSaveEvent(record: SessionRecord): Record<string, unknown> {
src/store.ts	975	function legacyTerminalCursorClaimChanges(
src/store.ts	985	async function rejectRawStateMutation(
src/store.ts	1002	export function legacyStateMachineSeed(
src/store.ts	1033	function transitionEventMatchesReceipt(event: BeeTransitionEvent, receipt: BeeTransitionReceipt): boolean {
src/store.ts	1049	export async function transitionSession(
src/store.ts	1245	export async function markSessionUnverified(
src/store.ts	1270	export async function markSessionVerified(
src/store.ts	1300	export function shouldPersistObservationHeartbeat(
src/store.ts	1329	export async function touchSession(
src/store.ts	1352	async function touchSessionObservation(
src/store.ts	1413	export async function updateSession(
src/store.ts	1426	async function mergeSessionFields(
src/store.ts	1495	function sessionFingerprint(record: SessionRecord): string {
src/store.ts	1502	export async function loadSession(name: string): Promise<SessionRecord | null> {
src/store.ts	1523	function notePaneStampRepair(note: PaneStampRepairNote): void {
src/store.ts	1528	export function pendingPaneStampRepairNames(): string[] {
src/store.ts	1554	export async function flushPaneStampRepairs(
src/store.ts	1579	async function repairPaneStampLocked(
src/store.ts	1600	async function loadCanonicalSessionFromDirectories(
src/store.ts	1619	async function loadSessionFromDirectories(
src/store.ts	1632	export async function deleteSession(name: string) {
src/store.ts	1645	export async function deleteSessionLocked(name: string): Promise<void> {
src/store.ts	1673	function reportActiveIndexReadFailures(
src/store.ts	1706	export function listSessions(): Promise<SessionRecord[]> {
src/store.ts	1734	export async function listSessionsStrict(options: ListSessionsStrictOptions = {}): Promise<SessionRecord[]> {
src/store.ts	1760	export function listActiveSessionsHot(): Promise<SessionRecord[]> {
src/store.ts	1793	export function listActiveSessions(options: ListActiveSessionsOptions = {}): Promise<SessionRecord[]> {
src/store.ts	1798	async function listActiveSessionsForCaller(
src/store.ts	1818	function sharedActiveSessionsSafetySnapshot(
src/store.ts	1855	async function activeSessionDirectoriesCovered(paths: StorePaths, index: ActiveSessionIndex): Promise<boolean> {
src/store.ts	1875	async function listActiveSessionsSnapshot(
src/store.ts	1882	async function listActiveSessionsSnapshotWithIndex(
src/store.ts	1972	async function listSessionsSnapshot(currentDir: string, legacyDir: string): Promise<SessionRecord[]> {
src/store.ts	1990	async function scanSessionsSnapshot(
src/store.ts	2037	export async function appendLedger(event: Record<string, unknown>) {
src/store.ts	2076	function shouldCheckLedgerRotation(path: string, maxBytes: number, nextBytes: number): boolean {
src/store.ts	2083	function rememberLedgerSize(path: string, maxBytes: number, estimatedSize: number, appendsSinceCheck: number): void {
src/store.ts	2087	async function writeLedgerLine(path: string, line: string): Promise<void> {
src/store.ts	2091	export function safeName(value: string) {
src/store.ts	2097	async function readSessionRecord(path: string, strict = false): Promise<SessionRecord> {
src/store.ts	2118	function validateStrictSessionRecord(value: unknown, path: string): void {
src/store.ts	2162	function normalizeDeliveryStopDoubt(value: unknown): DeliveryStopDoubt | null {
src/store.ts	2194	function normalizeEventIntegrityFingerprint(value: unknown): ProcessBirthFingerprint | null {
src/store.ts	2202	function normalizeHsrEventIntegrityDoubt(value: unknown): HsrEventIntegrityDoubt | null {
src/store.ts	2243	function normalizeSessionStopIntent(value: unknown): SessionStopIntent | null {
src/store.ts	2274	function normalizeSessionRuntimeReplacement(value: unknown): SessionRuntimeReplacement | null {
src/store.ts	2336	function normalizeSessionRecord(value: unknown, path: string): SessionRecord {
src/store.ts	2615	function legacyRoot() {
src/store.ts	2620	function sessionsDir() {
src/store.ts	2624	function legacySessionsDir() {
src/store.ts	2628	export function ledgerPath(): string {
src/store.ts	2632	function ledgerMaxBytes(): number {
src/store.ts	2636	async function rotateLedgerIfNeeded(path: string, maxBytes: number): Promise<number> {
src/store.ts	2654	async function pruneLedgerRotations(path: string = ledgerPath()): Promise<void> {
src/substrates/index.ts	22	cacheKey(node: NodeRecord): string;
src/substrates/index.ts	24	build(node: NodeRecord): Substrate;
src/substrates/index.ts	64	function localTmuxCacheKey(nodeName: string): string {
src/substrates/index.ts	68	export function localSubstrate(): Substrate {
src/substrates/index.ts	72	export function substrateFor(record: Pick<SessionRecord, "node" | "substrate">): Substrate {
src/substrates/index.ts	79	export function substrateForNode(nodeName: string | undefined): Substrate {
src/substrates/index.ts	97	export function substrateForRecord(node: NodeRecord): Substrate {
src/substrates/index.ts	107	export function remoteHsrSubstrateForNode(node: NodeRecord): RemoteHsrSubstrate {
src/substrates/index.ts	114	function getOrCache(key: string, build: () => Substrate): Substrate {
src/substrates/index.ts	122	export function clearSubstrateCache(): void {
src/substrates/index.ts	140	export async function closeAllSubstrates(): Promise<void> {
src/substrates/local-tmux.ts	47	export function setTmuxSocket(socketPath: string | undefined): void {
src/substrates/local-tmux.ts	51	function tmuxSocket(): string | undefined {
src/substrates/local-tmux.ts	55	function socketArgs(): string[] {
src/substrates/local-tmux.ts	67	function tmuxExecTimeoutMs(): number {
src/substrates/local-tmux.ts	81	function utf8Env(): NodeJS.ProcessEnv {
src/substrates/local-tmux.ts	87	export async function tmux(args: string[], options: { reject?: boolean } = {}): Promise<TmuxResult> {
src/substrates/local-tmux.ts	124	export async function hasSession(target: string): Promise<boolean> {
src/substrates/local-tmux.ts	134	export function paneArg(target: string, paneId?: string): string {
src/substrates/local-tmux.ts	138	export async function newSession(
src/substrates/local-tmux.ts	162	export async function newPane(
src/substrates/local-tmux.ts	197	export async function setWindowOptions(target: string, options: TmuxWindowOptions | undefined, paneId?: string): Promise<void> {
src/substrates/local-tmux.ts	201	async function applyTmuxWindowOptions(target: string, options: TmuxWindowOptions | undefined): Promise<void> {
src/substrates/local-tmux.ts	209	function tmuxOptionValueArg(value: string): string {
src/substrates/local-tmux.ts	215	export async function sendText(target: string, text: string, paneId?: string): Promise<void> {
src/substrates/local-tmux.ts	224	export async function sendEnter(target: string, paneId?: string): Promise<void> {
src/substrates/local-tmux.ts	228	export async function sendKey(target: string, key: string, paneId?: string): Promise<void> {
src/substrates/local-tmux.ts	232	export async function capture(target: string, lines = 80, paneId?: string): Promise<string> {
src/substrates/local-tmux.ts	238	export async function kill(
src/substrates/local-tmux.ts	253	export async function killPane(
src/substrates/local-tmux.ts	264	function parseLaunchResult(stdout: string): NewSessionResult {
src/substrates/local-tmux.ts	282	async function admitTmuxLauncher(
src/substrates/local-tmux.ts	311	function parsePositiveInt(value: string): number | undefined {
src/substrates/local-tmux.ts	332	export async function terminateProcessGroup(
src/substrates/local-tmux.ts	407	async function confirmProcessGroupAbsent(
src/substrates/local-tmux.ts	423	async function inspectProcessGroupPresence(
src/substrates/local-tmux.ts	440	async function inspectSessionAbsence(target: string): Promise<ExactTargetAbsence> {
src/substrates/local-tmux.ts	448	async function inspectPaneAbsence(paneId: string): Promise<ExactTargetAbsence> {
src/substrates/local-tmux.ts	458	function exactStopResult(
src/substrates/local-tmux.ts	480	function isNoSuchProcessError(error: unknown): boolean {
src/substrates/local-tmux.ts	485	function isTmuxServerOrTargetAbsent(stderr: string, target: "session" | "pane"): boolean {
src/substrates/local-tmux.ts	490	function errorMessage(error: unknown): string {
src/substrates/local-tmux.ts	494	function sleep(ms: number): Promise<void> {
src/substrates/local-tmux.ts	498	export function attachCommand(target: string): string[] {
src/substrates/local-tmux.ts	502	export async function attachSession(target: string): Promise<void> {
src/substrates/local-tmux.ts	521	async function tmuxWithStdin(args: string[], input: string): Promise<void> {
src/substrates/local-tmux.ts	554	export async function listSessions(): Promise<string[]> {
src/substrates/local-tmux.ts	560	export const listTmuxSessions = listSessions;
src/substrates/local-tmux.ts	576	export async function observeLocalRuntimeSnapshot(): Promise<LocalRuntimeSnapshot> {
src/substrates/local-tmux.ts	602	export async function listPanes(): Promise<Set<string>> {
src/substrates/local-tmux.ts	615	export async function listPanesBySession(): Promise<Map<string, Set<string>>> {
src/substrates/local-tmux.ts	632	export async function listSessionStates(): Promise<Map<string, string>> {
src/substrates/local-tmux.ts	649	export async function setUserOptions(target: string, options: Record<string, string>): Promise<void> {
src/substrates/local-tmux.ts	668	export async function renameWindow(target: string, name: string): Promise<void> {
src/substrates/local-tmux.ts	676	export async function probe(): Promise<ProbeResult> {
src/substrates/local-tmux.ts	686	async function createLauncher(spec: LaunchSpec): Promise<{ dir: string; runnerPath: string; payloadPath: string }> {
src/substrates/local-tmux.ts	722	function repairInteractiveColorEnv(env) {
src/substrates/local-tmux.ts	742	function shellCommand(parts: string[]): string {
src/substrates/local-tmux.ts	746	export function formatShellCommand(parts: string[]): string {
src/substrates/local-tmux.ts	750	function shellQuote(value: string): string {
src/substrates/local-tmux.ts	757	export function createLocalTmuxSubstrate(
src/substrates/remote-hsr.ts	230	export class RemoteObservationIntegrityError extends Error {
src/substrates/remote-hsr.ts	233	constructor(message: string, options?: ErrorOptions) {
src/substrates/remote-hsr.ts	240	export class RemoteObservationDetachedError extends Error {
src/substrates/remote-hsr.ts	243	constructor(message: string) {
src/substrates/remote-hsr.ts	249	export class RemoteSpawnIndeterminateError extends Error {
src/substrates/remote-hsr.ts	253	constructor(message: string, launchId: string, incarnation?: string, options?: ErrorOptions) {
src/substrates/remote-hsr.ts	262	export class RemoteSpawnNotAdmittedError extends Error {
src/substrates/remote-hsr.ts	265	constructor(message: string, launchId: string, options?: ErrorOptions) {
src/substrates/remote-hsr.ts	323	ping(): Promise<{ ok: boolean; version?: string; safetyProtocol?: number; reason?: string }>;
src/substrates/remote-hsr.ts	324	spawnRemote(params: RemoteSpawnParams): Promise<RemoteSpawnResult>;
src/substrates/remote-hsr.ts	326	listRemoteRows(): Promise<RemoteListRow[]>;
src/substrates/remote-hsr.ts	328	replayTerminalEvents(
src/substrates/remote-hsr.ts	336	answerRemote(
src/substrates/remote-hsr.ts	343	reconcileAnswerRemote(
src/substrates/remote-hsr.ts	350	reconcileEventIntegrityRemote(
src/substrates/remote-hsr.ts	356	discardEventConsumerRemote(
src/substrates/remote-hsr.ts	362	pendingInputRemote(
src/substrates/remote-hsr.ts	367	launchHeadRemote(bee: string): Promise<RemoteLaunchHead>;
src/substrates/remote-hsr.ts	369	killRemoteIncarnation(bee: string, locator: { launchId: string; incarnation?: string }): Promise<KillResult>;
src/substrates/remote-hsr.ts	375	refreshCredsRemote(params: RemoteRefreshCredsParams): Promise<RemoteRefreshCredsResult>;
src/substrates/remote-hsr.ts	380	provisionRemote(params: RemoteProvisionParams): Promise<RemoteProvisionResult>;
src/substrates/remote-hsr.ts	382	listCheckouts(): Promise<RemoteCheckoutRow[]>;
src/substrates/remote-hsr.ts	384	observe(
src/substrates/remote-hsr.ts	391	syncObservation(
src/substrates/remote-hsr.ts	402	eventsTail(
src/substrates/remote-hsr.ts	408	close(): Promise<void>;
src/substrates/remote-hsr.ts	420	function messageOf(error: unknown): string {
src/substrates/remote-hsr.ts	429	function coarseHiveState(state: BeeState | null): string {
src/substrates/remote-hsr.ts	450	export function createRemoteHsrSubstrate(
src/substrates/ssh-tmux.ts	35	function parseRemoteLaunchResult(stdout: string): { paneId: string; panePid?: number } {
src/substrates/ssh-tmux.ts	61	function exactRemoteStopResult(
src/substrates/ssh-tmux.ts	83	export function createSshTmuxSubstrate(options: SshTmuxOptions): Substrate {
src/substrates/ssh-tmux.ts	426	async function defaultExecHook(argv: string[], input?: string): Promise<{ stdout: string; stderr: string; exitCode: number }> {
src/substrates/ssh-tmux.ts	476	function tmuxOptionValueArg(value: string): string {
src/substrates/ssh-tmux.ts	482	function shellQuote(value: string): string {
src/substrates/stop.ts	29	function errorMessage(error: unknown): string {
src/substrates/stop.ts	33	function killError(result: Awaited<ReturnType<Substrate["kill"]>>): string {
src/substrates/stop.ts	42	export async function stopRuntimeStrict(
src/substrates/stop.ts	107	export async function stopRuntimeForReplacement(
src/substrates/types.ts	3	export const LOCAL_NODE = "local";
src/substrates/types.ts	63	probe(): Promise<ProbeResult>;
src/substrates/types.ts	64	hasSession(target: string): Promise<boolean>;
src/substrates/types.ts	65	newSession(target: string, cwd: string, spec: LaunchSpec): Promise<NewSessionResult>;
src/substrates/types.ts	66	kill(target: string, options?: KillOptions): Promise<KillResult>;
src/substrates/types.ts	84	capture(target: string, lines?: number, paneId?: string): Promise<string>;
src/substrates/types.ts	85	sendText(target: string, text: string, paneId?: string, options?: SendTextOptions): Promise<void>;
src/substrates/types.ts	86	sendEnter(target: string, paneId?: string): Promise<void>;
src/substrates/types.ts	87	sendKey(target: string, key: string, paneId?: string): Promise<void>;
src/substrates/types.ts	88	listSessions(): Promise<string[]>;
src/substrates/types.ts	90	listPanes(): Promise<Set<string>>;
src/substrates/types.ts	95	listSessionStates(): Promise<Map<string, string>>;
src/substrates/types.ts	100	setUserOptions(target: string, options: Record<string, string>): Promise<void>;
src/substrates/types.ts	101	setWindowOptions(target: string, options: TmuxWindowOptions | undefined, paneId?: string): Promise<void>;
src/substrates/types.ts	106	renameWindow(target: string, name: string): Promise<void>;
src/substrates/types.ts	107	attachCommand(target: string): string[];
src/substrates/types.ts	108	attachSession(target: string): Promise<void>;
src/swap.ts	99	async function relocateSessionTranscript(
src/swap.ts	126	async function withSwapLaunchReservation(input: {
src/swap.ts	427	export async function swapAccount(
src/swap.ts	658	async function cleanupHsrSwapLaunch(
src/swap.ts	672	async function cleanupTmuxSwapLaunch(
src/swap.ts	697	export function resumeArgs(tool: string, providerSessionId: string | undefined): string[] {
src/swap.ts	703	export function sniffYolo(command: string): boolean {
src/swarm.ts	22	export function validSwarmId(id: string): boolean {
src/swarm.ts	26	export function generateSwarmId(prefix?: string): string {
src/swarm.ts	32	export async function listSwarms(): Promise<SwarmRecord[]> {
src/swarm.ts	43	export async function loadSwarm(id: string): Promise<SwarmRecord | null> {
src/swarm.ts	53	export async function swarmIds(): Promise<Set<string>> {
src/swarm.ts	58	export async function createSwarm(input: Omit<SwarmRecord, "createdAt">): Promise<SwarmRecord> {
src/swarm.ts	70	export async function saveSwarm(record: SwarmRecord): Promise<void> {
src/swarm.ts	76	export async function destroySwarm(id: string): Promise<SwarmRecord> {
src/swarm.ts	86	export async function removeSwarmRecord(id: string): Promise<void> {
src/swarm.ts	91	async function readSwarm(path: string): Promise<SwarmRecord> {
src/swarm.ts	114	async function ensureDir(): Promise<void> {
src/swarm.ts	118	async function withSwarmsLock<T>(fn: () => Promise<T>): Promise<T> {
src/swarm.ts	122	function swarmsDir(): string {
src/swarm.ts	126	function swarmPath(id: string): string {
src/tags.ts	38	export const MAX_TAG_LENGTH = 64;
src/tags.ts	39	export const MAX_TAGS_PER_BEE = 32;
src/tags.ts	42	export function parseTag(token: string): ParsedTag {
src/tags.ts	55	export function extractNamespace(tag: string): string | undefined {
src/tags.ts	61	export function isValidTagValue(tag: string): boolean {
src/tags.ts	76	export function dedupeTags(tags: string[]): string[] {
src/tags.ts	96	export function isReservedNamespace(ns: string | undefined): boolean {
src/tags.ts	102	export function getReservedNamespaces(): string[] {
src/tags.ts	117	export const RESERVED_NAMESPACES: Record<string, (record: SessionRecord) => string | undefined> = {
src/tags.ts	143	export function effectiveTags(record: SessionRecord): Set<string> {
src/tags.ts	176	export function renderTags(record: SessionRecord): string {
src/tags.ts	204	export function rejectReservedNamespaceTag(tag: string): string | null {
src/tags.ts	216	export function isValidSessionTag(tag: string): boolean {
src/tags.ts	225	export function normalizeTagArg(tag: string): string {
src/tail.ts	9	export function parseTailOptions(parsed: Parsed): TailOptions {
src/tail.ts	17	export function appendedPaneText(previous: string, next: string): string {
src/tail.ts	34	function suffixPrefixOverlap(previous: string, next: string): number {
src/tasks.ts	37	export const TASK_STATUSES = ["pending", "queued", "in-progress", "done", "blocked", "cancelled"] as const;
src/tasks.ts	40	export function isTaskStatus(value: unknown): value is TaskStatus {
src/tasks.ts	45	export const OPEN_TASK_STATUSES: readonly TaskStatus[] = Object.freeze(["pending", "queued", "in-progress"]);
src/tasks.ts	47	export const TASK_ORIGIN_KINDS = ["user", "self", "bee"] as const;
src/tasks.ts	50	export function isTaskOriginKind(value: unknown): value is TaskOriginKind {
src/tasks/ids.ts	9	export const TASK_ID_PREFIX = "task_";
src/tasks/ids.ts	11	export function generateTaskId(now?: number): string {
src/tasks/ids.ts	15	export function isTaskId(value: unknown): value is string {
src/tasks/storage.ts	23	export const MAX_TASK_CONTEXT_BYTES = 64 * 1024;
src/tasks/storage.ts	25	export const MAX_TASK_TITLE_LENGTH = 500;
src/tasks/storage.ts	38	export function parseListId(raw: string): TaskListId {
src/tasks/storage.ts	53	export function formatListId(list: TaskListId): string {
src/tasks/storage.ts	57	export function tasksRoot(): string {
src/tasks/storage.ts	61	export function listDir(list: TaskListId): string {
src/tasks/storage.ts	65	export function taskPath(list: TaskListId, id: string): string {
src/tasks/storage.ts	72	export function listWriteLockPath(list: TaskListId): string {
src/tasks/storage.ts	76	function anchoredTasksPath(...segments: string[]): string {
src/tasks/storage.ts	94	export function parseTaskContext(value: unknown): TaskContext {
src/tasks/storage.ts	113	export function serializeTask(task: HiveTask): string {
src/tasks/storage.ts	137	export function parseTask(text: string): HiveTask {
src/tasks/storage.ts	150	parseListId(frontmatter.list!);
src/tasks/storage.ts	192	export async function listTasks(list: TaskListId, options: ListTasksOptions = {}): Promise<HiveTask[]> {
src/tasks/storage.ts	220	export async function findTaskById(id: string): Promise<{ task: HiveTask; list: TaskListId; path: string } | null> {
src/tasks/storage.ts	243	export async function listTaskLists(): Promise<TaskListSummary[]> {
src/tasks/storage.ts	254	async function enumerateLists(): Promise<TaskListId[]> {
src/tasks/store.ts	32	export const ORDER_STEP = 10;
src/tasks/store.ts	46	export function resolveTaskAuto(origin: TaskOrigin, requested: boolean | undefined): { auto: boolean; warning?: string } {
src/tasks/store.ts	75	export async function addTask(input: AddTaskInput): Promise<{ task: HiveTask; warning?: string }> {
src/tasks/store.ts	143	export async function transitionTask(
src/tasks/store.ts	201	export async function claimTask(list: TaskListId, claimant: string, now: () => number = Date.now): Promise<HiveTask | null> {
src/tasks/store.ts	221	export async function moveTask(
src/tasks/store.ts	276	export async function editTask(list: TaskListId, id: string, patch: EditTaskPatch, now: () => number = Date.now): Promise<HiveTask> {
src/tasks/store.ts	323	export async function markTaskQueuedForFeed(list: TaskListId, id: string, now: () => number = Date.now): Promise<HiveTask | null> {
src/tasks/store.ts	339	export async function recordTaskBuzMessage(list: TaskListId, id: string, buzMessageId: string, now: () => number = Date.now): Promise<void> {
src/tasks/store.ts	349	export async function revertTaskFeed(list: TaskListId, id: string, now: () => number = Date.now): Promise<void> {
src/tasks/store.ts	366	export async function markTaskStalled(list: TaskListId, id: string, now: () => number = Date.now): Promise<HiveTask | null> {
src/tasks/store.ts	384	async function withListLock<T>(list: TaskListId, fn: () => Promise<T>): Promise<T> {
src/tasks/store.ts	389	async function readTaskInList(list: TaskListId, id: string): Promise<HiveTask> {
src/tasks/store.ts	396	async function writeTask(list: TaskListId, task: HiveTask): Promise<void> {
src/tasks/supply.ts	47	export function taskInFlight(task: HiveTask): boolean {
src/tasks/supply.ts	62	export function evaluateSupplyGate(input: SupplyGateInput): SupplyGateDecision {
src/tasks/supply.ts	82	export const TASK_FEED_PROMPT_MARKER =
src/tasks/supply.ts	103	export function buildTaskFeedBody(task: HiveTask, remaining: number): string {
src/tasks/supply.ts	144	export async function feedTaskToBee(
src/tasks/supplyConfig.ts	22	export const DEFAULT_TASK_SUPPLY_LIMIT = 5;
src/tasks/supplyConfig.ts	31	export const TASK_SUPPLY_SENDER_NAME = "task-supply";
src/tasks/supplyConfig.ts	40	export function resolveTaskSupply(record: Pick<SessionRecord, "taskSupply">): ResolvedTaskSupply {
src/tasks/supplyConfig.ts	50	export function normalizeLimit(value: unknown): number {
src/tasks/supplyConfig.ts	60	export async function resetTaskSupplyFeedsForHumanInteraction(record: Pick<SessionRecord, "name" | "taskSupply">): Promise<void> {
src/template.ts	38	export function validTemplateName(name: string): boolean {
src/template.ts	42	export async function listTemplates(): Promise<AgentTemplate[]> {
src/template.ts	59	export async function loadTemplate(name: string): Promise<AgentTemplate | null> {
src/template.ts	66	export async function templateExists(name: string): Promise<boolean> {
src/template.ts	70	export async function templateDefinitionFile(
src/template.ts	86	export async function saveTemplate(input: AgentTemplateInput): Promise<AgentTemplate> {
src/template.ts	98	export async function defineTemplateFromFile(
src/template.ts	135	export async function updateTemplateFromSource(name: string): Promise<AgentTemplate> {
src/template.ts	170	export async function writeTemplateFromObject(input: AgentTemplateInput): Promise<AgentTemplate> {
src/template.ts	183	export async function loadTemplateSource(name: string): Promise<string | null> {
src/template.ts	195	export async function removeTemplate(name: string): Promise<boolean> {
src/template.ts	208	export function validateTemplate(value: unknown, expectedName?: string): ValidatedTemplate {
src/template.ts	281	function timestamped(draft: ValidatedTemplate, existing?: AgentTemplate | null): AgentTemplate {
src/template.ts	290	async function readStoredTemplate(
src/template.ts	332	async function writeStoredTemplate(record: AgentTemplate, ext: ".json" | ".ts"): Promise<void> {
src/template.ts	339	async function withTemplatesLock<T>(fn: () => Promise<T>): Promise<T> {
src/template.ts	344	async function ensureDir(): Promise<void> {
src/template.ts	348	async function pathExists(path: string): Promise<boolean> {
src/template.ts	352	export function templatesDir(): string {
src/template.ts	356	function templateFilePath(name: string, extension: ".json" | ".ts"): string {
src/template.ts	360	function templateSourcePath(name: string): string {
src/terminal.ts	21	export function isTerminalApp(value: string): value is TerminalApp {
src/terminal.ts	25	function loginShell(): string {
src/terminal.ts	34	export function terminalLaunchCommand(app: TerminalApp, shellCommand: string, cwd: string): TerminalLaunch {
src/terminal.ts	76	export function terminalCandidates(explicit?: string, env: NodeJS.ProcessEnv = process.env): TerminalApp[] {
src/terminal.ts	83	push(explicit);
src/terminal.ts	84	push(env.HIVE_TERMINAL);
src/terminal.ts	85	push(env.TERM_PROGRAM);
src/terminal.ts	86	push("wezterm");
src/terminal.ts	87	push("kitty");
src/terminal.ts	88	push("alacritty");
src/terminal.ts	89	push("terminal");
src/terminal.ts	93	export function normalizeTerminalName(value: string): TerminalApp | undefined {
src/terminal.ts	108	export async function openInNewTerminal(shellCommand: string, cwd: string, explicitApp?: string): Promise<TerminalApp> {
src/terminal.ts	123	function runLauncher(launch: TerminalLaunch): Promise<{ ok: true } | { ok: false; error: string }> {
src/terminal.ts	139	export function runInCurrentTerminal(command: string, args: string[], env: Record<string, string>, cwd: string): Promise<number> {
src/terminal.ts	151	export function shellQuote(value: string): string {
src/terminal.ts	156	function appleScriptQuote(value: string): string {
src/threadCopy.ts	50	export function parseAnchorFlag(value: string | undefined): ForkAnchor {
src/threadCopy.ts	63	function parseRows(lines: string[]): Array<{ raw: string; row: ClaudeRow | null }> {
src/threadCopy.ts	74	function messageContent(row: ClaudeRow): unknown {
src/threadCopy.ts	84	export function isTurnStartRow(row: ClaudeRow): boolean {
src/threadCopy.ts	94	function isAssistantRow(row: ClaudeRow): boolean {
src/threadCopy.ts	98	function rowText(row: ClaudeRow): string {
src/threadCopy.ts	112	function previewOf(row: ClaudeRow): string {
src/threadCopy.ts	122	export function listClaudeTurnAnchors(lines: string[]): TurnAnchor[] {
src/threadCopy.ts	163	export function truncateClaudeThread(lines: string[], anchor: ForkAnchor): TruncateResult {
src/threadCopy.ts	267	export function rewriteClaudeSessionId(lines: string[], newSessionId: string): string[] {
src/threadCopy.ts	280	export function effectiveClaudeConfigDir(explicitHome?: string): string {
src/threadCopy.ts	285	export function claudeSessionFilePath(input: { cwd: string; providerSessionId: string; homePath?: string }): string {
src/threadCopy.ts	317	export async function copyClaudeThread(input: CopyThreadInput): Promise<CopyThreadResult> {
src/threadCopy.ts	328	async function readThreadLines(sourcePath: string): Promise<string[]> {
src/threadCopy.ts	349	export function effectiveCodexHome(explicitHome?: string): string {
src/threadCopy.ts	354	export async function locateCodexRolloutFile(codexHome: string, threadId: string): Promise<string> {
src/threadCopy.ts	370	function codexPayload(row: ClaudeRow): Record<string, unknown> | undefined {
src/threadCopy.ts	375	function isCodexTurnContext(row: ClaudeRow): boolean {
src/threadCopy.ts	379	function isCodexUserMessage(row: ClaudeRow): boolean {
src/threadCopy.ts	384	function isCodexAssistantMessage(row: ClaudeRow): boolean {
src/threadCopy.ts	390	function isCodexTurnPrelude(row: ClaudeRow): boolean {
src/threadCopy.ts	397	function codexRowText(row: ClaudeRow): string {
src/threadCopy.ts	412	export function listCodexTurnAnchors(lines: string[]): TurnAnchor[] {
src/threadCopy.ts	450	export function truncateCodexThread(lines: string[], anchor: ForkAnchor): TruncateResult {
src/threadCopy.ts	519	export function rewriteCodexThreadId(lines: string[], oldThreadId: string, newThreadId: string): string[] {
src/threadCopy.ts	533	export async function copyCodexThread(input: CopyCodexThreadInput): Promise<CopyThreadResult> {
src/threadCopy.ts	560	export async function copySessionDirRewritingIds(srcDir: string, destDir: string, oldId: string, newId: string): Promise<number> {
src/threadCopy.ts	584	export function effectiveGrokHome(explicitHome?: string): string {
src/threadCopy.ts	589	export function grokSessionDir(grokHome: string, cwd: string, sessionId: string): string {
src/threadCopy.ts	594	export function effectiveKimiHome(explicitHome?: string): string {
src/threadCopy.ts	599	export async function findKimiSessionDir(kimiHome: string, sessionId: string): Promise<string> {
src/threadCopy.ts	610	export async function findCursorChatDir(chatId: string): Promise<string> {
src/threadCopy.ts	620	function assertTipAnchor(kind: string, anchor: ForkAnchor): void {
src/threadCopy.ts	631	export async function locateThreadFile(kind: string, source: ThreadCopySource): Promise<string> {
src/threadCopy.ts	653	export function listTurnAnchors(kind: string, lines: string[]): TurnAnchor[] {
src/threadCopy.ts	673	export async function copyThreadForFork(input: CopyThreadForForkInput): Promise<CopyThreadResult> {
src/track.ts	7	export const TRACK_SCHEMA_VERSION = 2 as const;
src/track.ts	8	export const TRACK_NODE_TYPES = ["action", "orchestrate", "review", "ask", "deploy"] as const;
src/track.ts	9	export const TRACK_STEP_STATUSES = ["pending", "done", "skipped"] as const;
src/track.ts	10	export const TRACK_SUBTASK_STATUSES = ["queued", "running", "done"] as const;
src/track.ts	179	export function tracksRoot(): string {
src/track.ts	183	export function trackDefinitionsRoot(): string {
src/track.ts	187	export function trackAttachmentsRoot(): string {
src/track.ts	193	export function trackDefinitionPath(name: string): string {
src/track.ts	197	export function trackDefinitionVersionPath(name: string, version: number): string {
src/track.ts	201	export function trackAttachmentPath(bee: string): string {
src/track.ts	205	function trackDefinitionLockPath(name: string): string {
src/track.ts	209	function trackAttachmentLockPath(bee: string): string {
src/track.ts	213	export function validTrackName(name: string): boolean {
src/track.ts	217	export function validateTrack(value: unknown, expectedName?: string, forcedVersion?: number): Track {
src/track.ts	274	constructor(entries: unknown[], private readonly trackName: string) {
src/track.ts	287	take(value: unknown, location: string): string {
src/track.ts	303	function rawNodes(entries: unknown[]): unknown[] {
src/track.ts	324	function validateTrackItem(value: unknown, index: number, trackName: string, ids: NodeIdAllocator): TrackItem {
src/track.ts	341	function validateTrackNode(
src/track.ts	411	function validateOutcomeArm(
src/track.ts	427	function validateDeployTarget(value: unknown, id: string, trackName: string): TrackDeployTarget {
src/track.ts	454	function objectAt(value: unknown, message: string): Record<string, unknown> {
src/track.ts	459	function validateVersion(value: unknown, message: string, fallback?: number): number {
src/track.ts	465	export async function defineTrackFromFile(sourcePath: string): Promise<Track> {
src/track.ts	505	async function persistTrackVersionIfMissing(track: Track): Promise<void> {
src/track.ts	516	async function readStdin(): Promise<string> {
src/track.ts	524	export async function loadTrack(name: string, version?: number): Promise<Track | null> {
src/track.ts	540	export async function listTracks(): Promise<Track[]> {
src/track.ts	553	export function flattenTrackNodes(items: TrackItem[]): TrackNode[] {
src/track.ts	559	export function flattenTrackStateNodes(items: TrackStateItem[]): TrackNodeState[] {
src/track.ts	565	function allTrackStateNodes(items: TrackStateItem[]): TrackNodeState[] {
src/track.ts	573	flattenTrackStateNodes(items).forEach(add);
src/track.ts	577	export function findTrackStateNode(items: TrackStateItem[], id: string): TrackNodeState | undefined {
src/track.ts	581	export function trackPostscript(track: Track): string {
src/track.ts	616	function renderPostscriptNode(node: TrackNode): string {
src/track.ts	640	function renderReviewArms(lines: string[], node: TrackNode, indent: string): void {
src/track.ts	656	function renderOutcomeNodes(lines: string[], nodes: TrackNode[], indent: string): void {
src/track.ts	663	function renderDeployTarget(target: TrackDeployTarget): string {
src/track.ts	674	export async function attachTrack(trackName: string, options: AttachTrackOptions): Promise<TrackAttachment> {
src/track.ts	703	function createAttachment(
src/track.ts	740	function createNodeState(node: TrackNode, at: string, preMarked: boolean): TrackNodeState {
src/track.ts	767	export async function loadTrackAttachment(bee: string): Promise<TrackAttachment | null> {
src/track.ts	776	export async function updateTrackStep(
src/track.ts	817	export async function updateTrackSubTask(
src/track.ts	864	export async function recordTrackException(
src/track.ts	886	export async function queueTrack(
src/track.ts	918	export async function detachTrack(
src/track.ts	950	async function activateNextQueuedTrack(
src/track.ts	983	function isTerminal(attachment: TrackAttachment): boolean {
src/track.ts	987	async function appendTrackAttachLedger(attachment: TrackAttachment, at: string): Promise<void> {
src/track.ts	997	async function appendTrackDetachLedger(attachment: TrackAttachment, at: string, _reason?: string): Promise<void> {
src/track.ts	1006	async function appendTrackExceptionLedger(
src/track.ts	1022	async function writeTrackAttachment(attachment: TrackAttachment): Promise<void> {
src/track.ts	1023	syncLegacyProjection(attachment);
src/track.ts	1027	function syncLegacyProjection(attachment: TrackAttachment): void {
src/track.ts	1032	function projectLegacySteps(items: TrackStateItem[]): TrackStepState[] {
src/track.ts	1046	function legacyDescription(node: TrackNode): string | undefined {
src/track.ts	1060	function validateTrackAttachment(value: unknown, expectedBee: string): TrackAttachment {
src/track.ts	1102	syncLegacyProjection(attachment);
src/track.ts	1106	function validateTrackStateItem(
src/track.ts	1130	function validateTrackNodeState(
src/track.ts	1165	function migrateLegacyStepState(
src/track.ts	1184	function validateRuntimeState(
src/track.ts	1223	function validateTrackSubTask(value: unknown, index: number, label: string): TrackSubTask {
src/track.ts	1231	function validateTrackException(value: unknown, index: number, bee: string): TrackException {
src/track.ts	1243	function validateTrackQueueEntry(value: unknown, index: number, bee: string): TrackQueueEntry {
src/transcripts/cache.ts	5	export async function readJsonl(path: string): Promise<TranscriptRow[]> {
src/transcripts/cache.ts	42	export function clearTranscriptCaches(): void {
src/transcripts/cache.ts	47	export async function readJsonlCached(path: string, knownStat?: StatHint): Promise<ParsedTranscriptCacheEntry | null> {
src/transcripts/cache.ts	69	export function memoizedDerived<T>(entry: ParsedTranscriptCacheEntry, key: string, compute: () => T): T {
src/transcripts/cache.ts	77	export async function findFilesCached(root: string, predicate: (path: string) => boolean, maxDepth: number, tag: string): Promise<string[]> {
src/transcripts/cache.ts	93	async function findFiles(root: string, predicate: (path: string) => boolean, maxDepth: number): Promise<string[]> {
src/transcripts/claude.ts	9	export const claudeAdapter: TranscriptAdapter = {
src/transcripts/claude.ts	20	export function claudeProjectFolder(cwd: string, configDir = join(homedir(), ".claude")) {
src/transcripts/claude.ts	24	export function projectKeyForCwd(cwd: string): string {
src/transcripts/claude.ts	30	async function loadClaudeTranscript(path: string, options: TranscriptLookupOptions, knownStat?: StatHint): Promise<TranscriptFile | null> {
src/transcripts/claude.ts	41	function extractClaudeTitle(rows: TranscriptRow[]): Pick<TranscriptFile, "title" | "titleKind"> | undefined {
src/transcripts/codex.ts	9	export const codexAdapter: TranscriptAdapter = {
src/transcripts/codex.ts	27	async function loadCodexTranscript(path: string, cwd: string, options: TranscriptLookupOptions, knownStat?: StatHint): Promise<TranscriptFile | null> {
src/transcripts/codex.ts	70	function codexEventMessages(rows: TranscriptRow[]): CodexEventMessages {
src/transcripts/codex.ts	85	function codexEventRole(type: unknown): CodexConversationRole | null {
src/transcripts/codex.ts	91	function hasCodexEventMessage(eventMessages: CodexEventMessages, role: CodexConversationRole, content: string): boolean {
src/transcripts/codex.ts	96	function normalizeCodexRow(row: TranscriptRow, eventMessages: CodexEventMessages): TranscriptRow[] {
src/transcripts/codex.ts	124	function codexSessionStartMs(rows: TranscriptRow[]): number | null {
src/transcripts/codex.ts	136	function extractCodexTitle(rawRows: TranscriptRow[], rows: TranscriptRow[]): Pick<TranscriptFile, "title" | "titleKind"> {
src/transcripts/codex.ts	149	function firstTitleField(object: Record<string, unknown> | undefined, keys: string[]): string | undefined {
src/transcripts/codex.ts	158	function objectPayload(row: TranscriptRow | undefined): Record<string, unknown> | undefined {
src/transcripts/grok.ts	9	export const grokAdapter: TranscriptAdapter = {
src/transcripts/grok.ts	19	async function loadGrokTranscript(path: string, cwd: string, options: TranscriptLookupOptions, knownStat?: StatHint): Promise<TranscriptFile | null> {
src/transcripts/grok.ts	37	function normalizeGrokRow(row: TranscriptRow): TranscriptRow[] {
src/transcripts/index.ts	17	export const transcriptAdapters: Readonly<Record<TranscriptProvider, TranscriptAdapter>> = {
src/transcripts/index.ts	24	export async function latestTranscript(agent: string, cwd: string, options: TranscriptLookupOptions = {}): Promise<TranscriptFile | null> {
src/transcripts/index.ts	30	export function latestClaudeTranscript(cwd: string, options: TranscriptLookupOptions = {}): Promise<TranscriptFile | null> {
src/transcripts/index.ts	34	export function latestCodexTranscript(cwd: string, options: TranscriptLookupOptions = {}): Promise<TranscriptFile | null> {
src/transcripts/index.ts	38	export function latestOpenCodeTranscript(cwd: string, options: TranscriptLookupOptions = {}): Promise<TranscriptFile | null> {
src/transcripts/index.ts	42	export function latestGrokTranscript(cwd: string, options: TranscriptLookupOptions = {}): Promise<TranscriptFile | null> {
src/transcripts/index.ts	51	async function latestFromAdapter(adapter: TranscriptAdapter, cwd: string, options: TranscriptLookupOptions): Promise<TranscriptFile | null> {
src/transcripts/opencode.ts	10	export const opencodeAdapter: TranscriptAdapter = {
src/transcripts/opencode.ts	17	async function loadOpenCodeTranscript(path: string, cwd: string, options: TranscriptLookupOptions, knownStat?: StatHint): Promise<TranscriptFile | null> {
src/transcripts/opencode.ts	33	async function readOpenCodeRows(sessionId: string, storageRoot: string): Promise<TranscriptRow[]> {
src/transcripts/opencode.ts	72	function isSafeStorageId(value: string): boolean {
src/transcripts/opencode.ts	76	function opencodeStorageRoot(homePath?: string): string {
src/transcripts/opencode.ts	89	function opencodeSessionRoot(homePath?: string): string {
src/transcripts/scoring.ts	14	export function scoreTranscript(input: { rows: TranscriptRow[]; path: string; sessionId: string; startedAtMs?: number; mtimeMs: number; cwd?: string; transcriptCwd?: string; options: TranscriptLookupOptions; promptMatches?: Map<string, boolean> }) {
src/transcripts/scoring.ts	62	export function isAnchoredTranscriptMatch(
src/transcripts/scoring.ts	71	function memoizedPromptMatch(rows: TranscriptRow[], prompt: string, memo?: Map<string, boolean>): boolean {
src/transcripts/scoring.ts	81	export function bestTranscript(loaded: TranscriptFile[], options: TranscriptLookupOptions = {}): TranscriptFile | null {
src/transcripts/scoring.ts	101	function passesCreatedFloor(tx: TranscriptFile, options: TranscriptLookupOptions): boolean {
src/transcripts/scoring.ts	111	export function transcriptStartMs(rows: TranscriptRow[]): number | null {
src/transcripts/scoring.ts	121	export function parseTimestampMs(value: unknown): number | null {
src/transcripts/text.ts	3	export function renderTranscript(rows: TranscriptRow[], options: { limit?: number; json?: boolean } = {}): string {
src/transcripts/text.ts	40	export function stripSessionPreamble(text: string): string {
src/transcripts/text.ts	50	export function isInjectedUserContext(text: string): boolean {
src/transcripts/text.ts	60	export function stripCommandNoise(text: string): string {
src/transcripts/text.ts	64	export function firstUserText(rows: TranscriptRow[]): string {
src/transcripts/text.ts	77	export function lastAssistantText(rows: TranscriptRow[]): string {
src/transcripts/text.ts	88	export function rowsContainPrompt(rows: TranscriptRow[], prompt: string): boolean {
src/transcripts/text.ts	96	export function normalizeTitleCandidate(value: unknown): string | undefined {
src/transcripts/text.ts	103	export function firstUserPromptTitle(rows: TranscriptRow[]): string | undefined {
src/transcripts/text.ts	115	export function normalizeForMatch(value: string): string {
src/transcripts/text.ts	119	export function textFromContent(content: unknown): string {
src/transcripts/types.ts	66	root(cwd: string, options: TranscriptLookupOptions): string;
src/transcripts/types.ts	71	discover(root: string, options: TranscriptLookupOptions): Promise<string[]>;
src/transcripts/types.ts	73	load(path: string, cwd: string, options: TranscriptLookupOptions, knownStat?: StatHint): Promise<TranscriptFile | null>;
src/transcripts/util.ts	6	export function samePath(a: string, b: string): boolean {
src/transcripts/util.ts	11	export function isPathInside(path: string, root: string): boolean {
src/transcripts/util.ts	18	export function isGeneratorTranscriptCwd(transcriptCwd: string): boolean {
src/transcripts/util.ts	22	export function sinceMillis(options: TranscriptLookupOptions): number {
src/transcripts/util.ts	26	export async function getMtime(path: string, knownMtimeMs?: number): Promise<number | null> {
src/transcripts/util.ts	32	export async function readJsonObject(path: string): Promise<Record<string, unknown>> {
src/tsLoader.ts	7	export async function loadTsModule(
src/tsLoader.ts	56	function isRuntimeUnavailable(error: unknown, message: string, path: string): boolean {
src/tuiKit.ts	16	export function fuzzyFilter<T>(query: string, items: T[], key: (item: T) => string): T[] {
src/tuiKit.ts	29	function fuzzyScore(query: string, text: string): number {
src/tuiKit.ts	56	export function splitPathQuery(buffer: string): { base: string; query: string } {
src/tuiKit.ts	63	export function relativeTo(base: string, abs: string): string {
src/tuiKit.ts	76	export function reverse(value: string): string {
src/tuiKit.ts	81	export function clamp(next: number, length: number): number {
src/tuiKit.ts	87	export function padRight(value: string, width: number): string {
src/tuiKit.ts	93	export function isPrintable(value: string, key: readline.Key): boolean {
src/tuiKit.ts	98	export function expandTilde(value: string): string {
src/tuiKit.ts	103	export function relTilde(abs: string): string {
src/tuiPaint.ts	14	paint(lines: string[], width: number, height: number): void;
src/tuiPaint.ts	16	reset(): void;
src/tuiPaint.ts	19	export function createTuiPainter(out: { write: (chunk: string) => void }): TuiPainter {
src/tuiRuntime.ts	50	export async function runRawModeTui<T>(
src/tuiScreen.ts	22	onKey(value: string, key: readline.Key): boolean;
src/tuiScreen.ts	24	render(width: number, bodyRows: number): string[];
src/tuiScreen.ts	30	cursor(): { line: number; col: number } | null;
src/tuiScreen.ts	39	export function visibleWindow(
src/tuiScreen.ts	67	filtered(): T[];
src/tuiScreen.ts	69	selected(): T | undefined;
src/tuiScreen.ts	71	move(delta: number): void;
src/tuiScreen.ts	73	reset(): void;
src/tuiScreen.ts	79	handleNavKey(value: string, key: readline.Key): boolean;
src/tuiScreen.ts	81	visible(listRows: number): Array<VisibleRow<T>>;
src/tuiScreen.ts	84	export function createFilterList<T>(source: () => T[], key: (item: T) => string): FilterList<T> {
src/usage.ts	61	export function usageDir(): string {
src/usage.ts	65	export function usagePath(accountId: string): string {
src/usage.ts	69	export async function appendUsageEvent(event: UsageEvent): Promise<void> {
src/usage.ts	77	export async function readUsageEvents(accountId: string): Promise<UsageEvent[]> {
src/usage.ts	99	export async function listUsageAccounts(): Promise<string[]> {
src/usage.ts	134	export async function usageSummary(accountId: string, now = Date.now(), windowMs = DEFAULT_WINDOW_MS): Promise<UsageSummary> {
src/usage.ts	197	export const AUTH_FAILURE_COOLDOWN_MS = 24 * 60 * 60 * 1000;
src/usage.ts	205	export function isRecentlyAuthFailed(summary: UsageSummary, now = Date.now(), coolOffMs = AUTH_FAILURE_COOLDOWN_MS): boolean {
src/usage.ts	213	export function isRecentlyExhausted(summary: UsageSummary, now = Date.now(), coolOffMs = DEFAULT_WINDOW_MS): boolean {
src/usage.ts	227	export function transcriptTokenTotals(provider: string, rows: TranscriptRow[]): TokenTotals | null {
src/usage.ts	235	function claudeTokenTotals(rows: TranscriptRow[]): TokenTotals | null {
src/usage.ts	250	function codexTokenTotals(rows: TranscriptRow[]): TokenTotals | null {
src/usage.ts	266	function numberField(object: Record<string, unknown>, key: string): number {
src/usageTui.ts	58	export const USAGE_TUI_DEFAULT_INTERVAL_MS = 120_000;
src/usageTui.ts	60	export const USAGE_TUI_MIN_INTERVAL_MS = 10_000;
src/usageTui.ts	62	export const USAGE_TUI_MAX_BACKOFF_FACTOR = 8;
src/usageTui.ts	69	export function usageResultsRateLimited(results: AccountLimits[]): boolean {
src/usageTui.ts	79	export function nextUsageFetchDelayMs(intervalMs: number, rateLimitedStreak: number): number {
src/usageTui.ts	85	export function clampUsageInterval(ms: number | undefined): number {
src/usageTui.ts	108	export function usageAccountWidth(results: AccountLimits[]): number {
src/usageTui.ts	118	export function usageBarWidth(columns: number, accountWidth = ACCOUNT_W): number {
src/usageTui.ts	130	export function usageBar(percent: number, width: number): string {
src/usageTui.ts	138	function paintBar(percent: number, width: number): string {
src/usageTui.ts	148	function formatPaceCell(delta: number): string {
src/usageTui.ts	158	function pad(value: string, size: number, align: "left" | "right" = "left"): string {
src/usageTui.ts	166	function windowCell(window: WindowUsage | undefined, now: number, barWidth: number): string {
src/usageTui.ts	182	function fableCell(window: WindowUsage | undefined, now: number): string {
src/usageTui.ts	192	function asOfTag(result: AccountLimits, now: number): string {
src/usageTui.ts	204	export function usageRow(result: AccountLimits, now: number, barWidth: number, accountWidth = ACCOUNT_W): string {
src/usageTui.ts	218	function usageHeaderRow(barWidth: number, accountWidth: number): string {
src/usageTui.ts	230	export function buildUsageRows(results: AccountLimits[], now: number, columns: number): string[] {
src/usageTui.ts	243	export function formatHeaderStatus(
src/usageTui.ts	261	export function buildUsageFooter(results: AccountLimits[], refreshError: string | undefined, warnings: string[] = []): string[] {
src/usageTui.ts	276	export async function runUsageTui(hooks: UsageTuiHooks): Promise<void> {
src/view/context.ts	82	export const PANE_CAPTURE_CONCURRENCY = 8;
src/view/context.ts	85	export async function capturePanesForRecords(records: SessionRecord[], liveTargets: Set<string>): Promise<Map<string, string>> {
src/view/context.ts	104	function hsrCandidateRecords(records: readonly SessionRecord[], remoteHsrNodes: ReadonlySet<string>): SessionRecord[] {
src/view/context.ts	115	export async function assembleStateContext(
src/view/index.ts	45	export const projectBeeViewFromSources = projectBeeView;
src/view/index.ts	50	async function projectRecord(
src/view/index.ts	94	export async function listBeeViews(): Promise<BeeViewListV1> {
src/view/index.ts	114	export async function getBeeView(selector: string): Promise<BeeViewV1> {
src/view/project.ts	89	export function projectBeeView(sources: BeeViewProjectionSources): BeeViewV1 {
src/view/project.ts	207	function matchingEventIntegrityReceipt(
src/view/project.ts	233	function projectEventIntegrity(
src/view/project.ts	278	function projectBee(record: SessionRecord, nodeName: string, lifecycleState: BeeViewBee["lifecycleState"]): BeeViewBee {
src/view/project.ts	304	function runtimeLiveness(record: SessionRecord, context: StateContext): { live: boolean; evidence: BeeViewEvidence } {
src/view/project.ts	330	function projectRuntime(
src/view/project.ts	504	function isoFromEpochMs(ts: number): string | undefined {
src/view/project.ts	509	function closedRequestAt(record: InterventionRequestRecord): number {
src/view/project.ts	515	function transitionRequestFallback(record: SessionRecord): BeeViewRequest | undefined {
src/view/project.ts	557	function projectVerification(record: SessionRecord): BeeViewV1["verification"] {
src/view/project.ts	571	function lastLifecycleEvent(
src/view/project.ts	587	function projectTurnResult(
src/view/project.ts	685	function projectContractResult(sources: BeeViewProjectionSources): BeeViewContractResult | undefined {
src/view/project.ts	716	function chooseDisplayState(facts: {
src/view/project.ts	796	function derivedMeansRunningTurn(state: BeeState): boolean {
src/view/project.ts	800	function interactionStateFor(
src/view/project.ts	819	function projectFreshness(
src/view/requests.ts	54	export function storedRequestView(record: InterventionRequestRecord): BeeViewRequest {
src/view/requests.ts	76	export function paneFingerprint(pane: string): string {
src/view/requests.ts	81	function isoFromEpochMs(ts: number): string | undefined {
src/view/requests.ts	86	export function lastAuthNeededEvent(events: RunnerEvent[]): RunnerEvent | undefined {
src/view/requests.ts	105	export function deriveOpenRequests(sources: OpenRequestSources): BeeViewRequest[] {
src/view/types.ts	6	export const BEE_VIEW_SCHEMA_VERSION = 1 as const;
src/wait.ts	16	export const WAIT_EXIT_CODES = {
src/wait.ts	24	export class WaitError extends Error {
src/wait.ts	27	constructor(readonly kind: WaitFailureKind, message: string) {
src/wait.ts	63	export async function waitForIdle(options: WaitForIdleOptions): Promise<WaitForIdleResult> {
src/wait.ts	141	export async function waitForSeal(options: WaitForSealOptions): Promise<void> {
src/wait.ts	161	export function waitHelpText(): string {
src/wait.ts	174	async function refreshWaitSession(record: SessionRecord, deps: WaitSessionDeps = {}): Promise<SessionRecord | null> {
src/wait.ts	193	function recordedWaitTerminalState(record: SessionRecord): string | null {
src/wait.ts	218	function waitTerminal(session: string, state: string, detail?: string): WaitError {
src/wait.ts	222	function waitTimeout(message: string): WaitError {
src/wait.ts	226	async function isWaitingForRequestedOutput(
src/wait.ts	249	function hashParts(parts: string[]): string {
src/wait.ts	255	function sleep(ms: number) {
src/wait.ts	259	function transcriptBanner(provider: string, path: string): string {
v2/adapters/src/agy.ts	18	function resultSignals(resultValue: unknown): AdapterSignal[] {
v2/adapters/src/agy.ts	47	export function parseAgyLine(line: string): AdapterSignal[] {
v2/adapters/src/agy.ts	70	export function encodeAgyMessage(body: string): string {
v2/adapters/src/agy.ts	77	export function agyResumeArgs(providerSessionId: string): string[] {
v2/adapters/src/agy.ts	81	export const agyAdapter: HarnessAdapter = {
v2/adapters/src/agy.ts	86	bootLines(): string[] {
v2/adapters/src/agy.ts	90	encodeMessage(body: string, _ctx: EncodeContext): string | null {
v2/adapters/src/args.ts	56	function splitEq(token: string): { flag: string; value: string } | null {
v2/adapters/src/args.ts	64	export function parseArgUnits(grammar: ArgGrammar, argv: readonly string[]): ArgUnit[] {
v2/adapters/src/args.ts	122	export function composeArgv(grammar: ArgGrammar, layers: ReadonlyArray<readonly string[] | null | undefined>): string[] {
v2/adapters/src/args.ts	128	export function dedupeUnits(units: readonly ArgUnit[]): ArgUnit[] {
v2/adapters/src/args.ts	149	export const claudeArgGrammar: ArgGrammar = {
v2/adapters/src/args.ts	182	export const agyArgGrammar: ArgGrammar = {
v2/adapters/src/args.ts	205	export const codexArgGrammar: ArgGrammar = {
v2/adapters/src/args.ts	213	export const grokArgGrammar: ArgGrammar = {
v2/adapters/src/args.ts	225	export function grokSpawnPlan(argv: readonly string[]): { argv: string[]; model: string | undefined } {
v2/adapters/src/args.ts	265	export function codexSpawnPlan(argv: readonly string[]): { argv: string[]; model: string | undefined; absorbed: string[] } {
v2/adapters/src/claude.ts	49	function rateLimitSignals(rateLimitInfo: unknown): AdapterSignal[] {
v2/adapters/src/claude.ts	68	function resultSignals(msg: Record<string, unknown>): AdapterSignal[] {
v2/adapters/src/claude.ts	87	export function parseClaudeLine(line: string): AdapterSignal[] {
v2/adapters/src/claude.ts	119	export function encodeClaudeMessage(body: string): string {
v2/adapters/src/claude.ts	134	export function claudeResumeArgs(providerSessionId: string): string[] {
v2/adapters/src/claude.ts	148	export function claudeForkArgs(sourceSessionId: string): string[] {
v2/adapters/src/claude.ts	160	export function encodeClaudeInterrupt(): string {
v2/adapters/src/claude.ts	169	export const claudeAdapter: HarnessAdapter = {
v2/adapters/src/claude.ts	176	bootLines(): string[] {
v2/adapters/src/claude.ts	180	encodeMessage(body: string, _ctx: EncodeContext): string | null {
v2/adapters/src/claude.ts	185	encodeInterrupt(_ctx: InterruptContext): string | null {
v2/adapters/src/codex.ts	92	export function codexRateLimitSignals(rateLimits: unknown): AdapterSignal[] {
v2/adapters/src/codex.ts	112	function errorSignals(message: string): AdapterSignal[] {
v2/adapters/src/codex.ts	128	export function codexThreadRequest(opts: CodexAdapterOptions): { method: "thread/start" | "thread/resume" | "thread/fork"; params: Record<string, unknown> } {
v2/adapters/src/codex.ts	140	export function codexAdapter(opts: CodexAdapterOptions): HarnessAdapter {
v2/adapters/src/grok.ts	68	function errorSignals(message: string): AdapterSignal[] {
v2/adapters/src/grok.ts	79	function promptErrorSignals(err: Record<string, unknown> | undefined, fallback: string): AdapterSignal[] {
v2/adapters/src/grok.ts	87	function updateKind(params: unknown): string | undefined {
v2/adapters/src/grok.ts	94	function isReplay(params: unknown): boolean {
v2/adapters/src/grok.ts	99	function isGrokTurnCompleteMethod(method: string): boolean {
v2/adapters/src/grok.ts	104	function isSessionUpdateMethod(method: string): boolean {
v2/adapters/src/grok.ts	112	function authMethodId(initialized: Record<string, unknown> | undefined): string | undefined {
v2/adapters/src/grok.ts	123	function sessionIdOf(value: unknown): string | undefined {
v2/adapters/src/grok.ts	130	export function grokAllowPermissionResult(params: unknown): Record<string, unknown> {
v2/adapters/src/grok.ts	147	export function grokAdapter(opts: GrokAdapterOptions): HarnessAdapter {
v2/adapters/src/stub.ts	35	export function parseStubLine(line: string): AdapterSignal[] {
v2/adapters/src/stub.ts	80	export const stubAdapter: HarnessAdapter = {
v2/adapters/src/stub.ts	84	bootLines(): string[] {
v2/adapters/src/stub.ts	88	encodeMessage(body: string, ctx: EncodeContext): string | null {
v2/adapters/src/stub.ts	91	encodeInterrupt(_ctx: InterruptContext): string | null {
v2/adapters/src/types.ts	123	bootLines(): string[];
v2/adapters/src/types.ts	125	parseLine(line: string): AdapterSignal[];
v2/adapters/src/types.ts	131	encodeMessage(body: string, ctx: EncodeContext): string | null;
v2/adapters/src/types.ts	166	export function asObject(value: unknown): Record<string, unknown> | undefined {
v2/adapters/src/types.ts	173	export function toNumber(value: unknown): number | undefined {
v2/adapters/src/types.ts	177	export function parseJsonLine(line: string): Record<string, unknown> | undefined {
v2/adapters/src/types.ts	192	export function isAuthNeededMessage(message: string): boolean {
v2/adapters/src/types.ts	219	export function isResourceBlockedMessage(message: string): boolean {
v2/adapters/src/types.ts	230	export function epochMsFromSeconds(value: unknown): number | undefined {
v2/adapters/src/types.ts	236	export function isoFromEpochSeconds(value: unknown): string | undefined {
v2/adapters/src/types.ts	243	export function successfulTurnClears(): AdapterSignal[] {
v2/adapters/src/types.ts	251	export function bootedToIdle(sessionId?: string): AdapterSignal[] {
v2/cli/src/client.ts	15	export class DaemonDownError extends Error {
v2/cli/src/client.ts	16	constructor(socketPath: string, cause: string) {
v2/cli/src/client.ts	27	export class RpcClient {
v2/cli/src/client.ts	37	private constructor(socket: Socket) {
v2/cli/src/client.ts	41	static connect(socketPath: string, timeoutMs = 3000): Promise<RpcClient> {
v2/cli/src/client.ts	119	close(): void {
v2/cli/src/client.ts	124	private onData(chunk: string): void {
v2/cli/src/client.ts	136	private onFrame(line: string): void {
v2/cli/src/client.ts	164	private onSocketClose(): void {
v2/cli/src/help.ts	112	export const BIN = "hive";
v2/cli/src/help.ts	114	function invocation(name: string, syn: string): string {
v2/cli/src/help.ts	118	function renderRow([name, syn, desc]: Row, width: number): string {
v2/cli/src/help.ts	125	export function helpText(version = "v2"): string {
v2/cli/src/main.ts	159	out(line: string): void;
v2/cli/src/main.ts	160	err(line: string): void;
v2/cli/src/main.ts	292	function editDistance(a: string, b: string): number {
v2/cli/src/main.ts	306	function unknownFlagError(flag: string): Error {
v2/cli/src/main.ts	327	function parseArgs(argv: string[]): Parsed {
v2/cli/src/main.ts	372	function selfBeeId(env: Record<string, string | undefined> = process.env): string | null {
v2/cli/src/main.ts	383	function makeContext(parsed: Parsed, io: CliIo): CliContext {
v2/cli/src/main.ts	397	function beeLabel(b: { id: string; handle: string | null; name: string }): string {
v2/cli/src/main.ts	401	export function resolveBeeIn(views: ViewResult[], needle: string): string {
v2/cli/src/main.ts	435	function emit(ctx: CliContext, human: string[], jsonValue: unknown, stale: boolean): void {
v2/cli/src/main.ts	448	async function withClient<T>(ctx: CliContext, fn: (client: RpcClient) => Promise<T>): Promise<T> {
v2/cli/src/main.ts	458	async function readPath<T>(
v2/cli/src/main.ts	518	export function agentAccountSelection(token: string): AgentAccountSelection {
v2/cli/src/main.ts	529	async function spawnBee(
v2/cli/src/main.ts	612	function envFrom(entries: readonly string[]): Record<string, string> {
v2/cli/src/main.ts	622	async function cmdSpawn(ctx: CliContext, parsed: Parsed): Promise<number> {
v2/cli/src/main.ts	626	emit(
v2/cli/src/main.ts	661	export function loginFlowExitCode(phase: LoginFlowRow["phase"]): number {
v2/cli/src/main.ts	666	export function shouldFollowLogin(options: { json: boolean; noWait: boolean; stdinIsTTY: boolean; stdoutIsTTY: boolean }): boolean {
v2/cli/src/main.ts	672	async function promptLine(label: string, secret: boolean): Promise<string> {
v2/cli/src/main.ts	720	async function followLoginFlow(ctx: CliContext, initial: LoginFlowRow): Promise<number> {
v2/cli/src/main.ts	751	async function cmdAccount(ctx: CliContext, parsed: Parsed): Promise<number> {
v2/cli/src/main.ts	963	async function cmdRename(ctx: CliContext, parsed: Parsed): Promise<number> {
v2/cli/src/main.ts	975	async function cmdTag(ctx: CliContext, parsed: Parsed): Promise<number> {
v2/cli/src/main.ts	1008	async function cmdInterrupt(ctx: CliContext, parsed: Parsed): Promise<number> {
v2/cli/src/main.ts	1029	async function cmdFork(ctx: CliContext, parsed: Parsed): Promise<number> {
v2/cli/src/main.ts	1059	async function cmdChildren(ctx: CliContext, parsed: Parsed): Promise<number> {
v2/cli/src/main.ts	1073	emit(ctx, renderBeeList(result.children, stale, "children"), result, stale);
v2/cli/src/main.ts	1078	async function targetBee(c: RpcClient, parsed: Parsed, verb: string): Promise<string> {
v2/cli/src/main.ts	1089	async function cmdAsk(ctx: CliContext, parsed: Parsed): Promise<number> {
v2/cli/src/main.ts	1118	async function cmdQuestion(ctx: CliContext, parsed: Parsed): Promise<number> {
v2/cli/src/main.ts	1150	async function cmdAnswer(ctx: CliContext, parsed: Parsed): Promise<number> {
v2/cli/src/main.ts	1182	async function cmdSeal(ctx: CliContext, parsed: Parsed): Promise<number> {
v2/cli/src/main.ts	1241	async function resolveTaskList(c: RpcClient, raw: string): Promise<string> {
v2/cli/src/main.ts	1248	function resolveAutoFlag(parsed: Parsed): boolean | undefined {
v2/cli/src/main.ts	1257	async function cmdTask(ctx: CliContext, parsed: Parsed): Promise<number> {
v2/cli/src/main.ts	1290	async function cmdTaskAdd(ctx: CliContext, parsed: Parsed): Promise<number> {
v2/cli/src/main.ts	1351	async function cmdTaskLs(ctx: CliContext, parsed: Parsed): Promise<number> {
v2/cli/src/main.ts	1385	emit(ctx, lines, result, stale);
v2/cli/src/main.ts	1389	async function cmdTaskShow(ctx: CliContext, parsed: Parsed): Promise<number> {
v2/cli/src/main.ts	1401	emit(ctx, [`${stale ? "stale: " : ""}${JSON.stringify(result.task)}`], result, stale);
v2/cli/src/main.ts	1405	async function cmdTaskTransition(ctx: CliContext, parsed: Parsed, action: string): Promise<number> {
v2/cli/src/main.ts	1425	async function cmdTaskClaim(ctx: CliContext, parsed: Parsed): Promise<number> {
v2/cli/src/main.ts	1450	async function cmdTaskMv(ctx: CliContext, parsed: Parsed): Promise<number> {
v2/cli/src/main.ts	1467	async function cmdTaskEdit(ctx: CliContext, parsed: Parsed): Promise<number> {
v2/cli/src/main.ts	1486	async function cmdTaskSupply(ctx: CliContext, parsed: Parsed): Promise<number> {
v2/cli/src/main.ts	1538	async function cmdTaskLists(ctx: CliContext, _parsed: Parsed): Promise<number> {
v2/cli/src/main.ts	1549	emit(ctx, lines, result, stale);
v2/cli/src/main.ts	1553	async function cmdSend(ctx: CliContext, parsed: Parsed): Promise<number> {
v2/cli/src/main.ts	1616	async function cmdMutation(
v2/cli/src/main.ts	1640	async function cmdCell(ctx: CliContext, parsed: Parsed): Promise<number> {
v2/cli/src/main.ts	1732	async function cmdBee(ctx: CliContext, parsed: Parsed): Promise<number> {
v2/cli/src/main.ts	1808	async function cmdView(ctx: CliContext, parsed: Parsed): Promise<number> {
v2/cli/src/main.ts	1823	emit(ctx, renderBeeView(result, stale), result, stale);
v2/cli/src/main.ts	1827	async function cmdList(ctx: CliContext, parsed: Parsed): Promise<number> {
v2/cli/src/main.ts	1839	emit(ctx, renderBeeList(result.views, stale), result, stale);
v2/cli/src/main.ts	1843	async function cmdMailbox(ctx: CliContext, parsed: Parsed): Promise<number> {
v2/cli/src/main.ts	1858	emit(ctx, renderMailbox(result.messages, stale), result, stale);
v2/cli/src/main.ts	1882	async function cmdBuz(ctx: CliContext, parsed: Parsed): Promise<number> {
v2/cli/src/main.ts	1949	async function cmdCommands(ctx: CliContext, parsed: Parsed): Promise<number> {
v2/cli/src/main.ts	1964	emit(ctx, renderCommands(result.commands, stale), result, stale);
v2/cli/src/main.ts	1968	async function cmdDeployInfo(ctx: CliContext): Promise<number> {
v2/cli/src/main.ts	1970	emit(ctx, [JSON.stringify(result, null, 2)], result, false);
v2/cli/src/main.ts	1974	async function cmdHealth(ctx: CliContext): Promise<number> {
v2/cli/src/main.ts	1976	emit(ctx, renderHealth(result), result, false);
v2/cli/src/main.ts	1981	async function cmdHarnesses(ctx: CliContext): Promise<number> {
v2/cli/src/main.ts	1988	emit(ctx, lines, result, false);
v2/cli/src/main.ts	1992	async function cmdWatch(ctx: CliContext, parsed: Parsed): Promise<number> {
v2/cli/src/main.ts	2011	printSnapshot(snap);
v2/cli/src/main.ts	2034	function resolveRegistryRow<T extends RegistryRowLike>(rows: T[], needle: string, what: string): T {
v2/cli/src/main.ts	2045	export function interpolateTemplatePrompt(prompt: string, input: string): string {
v2/cli/src/main.ts	2060	function templateHarnessArgs(template: TemplateRow, agent: string, parsed: Parsed): string[] {
v2/cli/src/main.ts	2099	async function loadTemplateForRun(ctx: CliContext, needle: string): Promise<TemplateRow> {
v2/cli/src/main.ts	2107	async function buildTemplateInvocation(
v2/cli/src/main.ts	2173	async function runTemplateInvocation(ctx: CliContext, parsed: Parsed, mode: TemplateRunMode): Promise<number> {
v2/cli/src/main.ts	2202	async function cmdTemplate(ctx: CliContext, parsed: Parsed): Promise<number> {
v2/cli/src/main.ts	2308	async function cmdTrack(ctx: CliContext, parsed: Parsed): Promise<number> {
v2/cli/src/main.ts	2397	async function cmdPackages(ctx: CliContext, parsed: Parsed): Promise<number> {
v2/cli/src/main.ts	2430	async function readBee(ctx: CliContext, needle: string): Promise<{ result: ViewResult; stale: boolean }> {
v2/cli/src/main.ts	2441	function numFlag(parsed: Parsed, flag: string, fallback: number): number {
v2/cli/src/main.ts	2450	function promptOf(parsed: Parsed, fromIndex: number): string {
v2/cli/src/main.ts	2462	async function cmdX(ctx: CliContext, parsed: Parsed): Promise<number> {
v2/cli/src/main.ts	2471	emit(
v2/cli/src/main.ts	2495	async function waitForCommandSettled(
v2/cli/src/main.ts	2524	async function cmdXa(ctx: CliContext, parsed: Parsed): Promise<number> {
v2/cli/src/main.ts	2576	async function waitForBeeIdle(
v2/cli/src/main.ts	2608	async function cmdWait(ctx: CliContext, parsed: Parsed): Promise<number> {
v2/cli/src/main.ts	2636	async function cmdRun(ctx: CliContext, parsed: Parsed): Promise<number> {
v2/cli/src/main.ts	2695	async function cmdHere(ctx: CliContext, _parsed: Parsed): Promise<number> {
v2/cli/src/main.ts	2721	function readSessionLogSnapshot(path: string): SessionLogSnapshot {
v2/cli/src/main.ts	2731	function readSessionLogLines(path: string): string[] {
v2/cli/src/main.ts	2736	function sessionLogOf(bee: ViewResult["bee"], needle: string): string {
v2/cli/src/main.ts	2746	function wantsFollow(parsed: Parsed): boolean {
v2/cli/src/main.ts	2755	async function followFileLines(path: string, fromBytes: number, onLine: (line: string) => void): Promise<void> {
v2/cli/src/main.ts	2797	async function followTranscriptStream(
v2/cli/src/main.ts	2816	async function cmdTranscript(ctx: CliContext, parsed: Parsed): Promise<number> {
v2/cli/src/main.ts	2854	async function cmdTail(ctx: CliContext, parsed: Parsed): Promise<number> {
v2/cli/src/main.ts	2890	async function cmdLast(ctx: CliContext, parsed: Parsed): Promise<number> {
v2/cli/src/main.ts	2933	function globToRegExp(glob: string): RegExp {
v2/cli/src/main.ts	2944	async function cmdEvents(ctx: CliContext, parsed: Parsed): Promise<number> {
v2/cli/src/main.ts	2967	emit(
v2/cli/src/main.ts	3001	function grammarForAgent(agent: string): ArgGrammar | null {
v2/cli/src/main.ts	3015	export function withModelArg(agent: string, args: string[] | null, model: string | null): string[] | null {
v2/cli/src/main.ts	3042	function stripGenericModel(args: readonly string[]): string[] {
v2/cli/src/main.ts	3062	async function cmdSetModel(ctx: CliContext, parsed: Parsed): Promise<number> {
v2/cli/src/main.ts	3108	async function cmdUsage(ctx: CliContext, parsed: Parsed): Promise<number> {
v2/cli/src/main.ts	3129	emit(ctx, renderUsageTable(result.limits, stale), result, stale);
v2/cli/src/main.ts	3140	async function cmdAttach(ctx: CliContext, parsed: Parsed): Promise<number> {
v2/cli/src/main.ts	3146	async function attachToBee(
v2/cli/src/main.ts	3183	function frozenRootOf(parsed: Parsed): string {
v2/cli/src/main.ts	3193	async function cmdFreeze(ctx: CliContext, parsed: Parsed): Promise<number> {
v2/cli/src/main.ts	3206	emit(ctx, lines, result, false);
v2/cli/src/main.ts	3210	function planEntryLine(e: ImportPlanEntry): string {
v2/cli/src/main.ts	3226	function importReportLines(report: FrozenImportReport, verbose: boolean): string[] {
v2/cli/src/main.ts	3257	async function cmdImport(ctx: CliContext, parsed: Parsed): Promise<number> {
v2/cli/src/main.ts	3270	emit(ctx, importReportLines(result, parsed.flags.get("--verbose") === true), result, false);
v2/cli/src/main.ts	3286	export function serviceLabel(env: Record<string, string | undefined> = process.env): string {
v2/cli/src/main.ts	3292	export function serviceEnv(
v2/cli/src/main.ts	3304	export function serviceExecArgs(dataDir: string, env: Record<string, string | undefined> = process.env): string[] {
v2/cli/src/main.ts	3319	function buildServiceManager(ctx: CliContext): ServiceManager {
v2/cli/src/main.ts	3336	async function cmdDaemon(ctx: CliContext, parsed: Parsed): Promise<number> {
v2/cli/src/main.ts	3429	export function hiveVersion(): string {
v2/cli/src/main.ts	3444	export async function runV2Cli(argv: string[], io: CliIo = defaultIo): Promise<number> {
v2/cli/src/readonly.ts	34	function mapBee(r: Row): BeeRow {
v2/cli/src/readonly.ts	66	function mapAccountRow(r: Row): AccountRow {
v2/cli/src/readonly.ts	81	function numOrNull(v: unknown): number | null {
v2/cli/src/readonly.ts	85	function displayWindowsOrEmpty(value: unknown): AccountLimitsRow["displayWindows"] {
v2/cli/src/readonly.ts	95	function mapAccountLimitsRow(r: Row): AccountLimitsRow {
v2/cli/src/readonly.ts	119	function mapQuestionRow(r: Row): QuestionRow {
v2/cli/src/readonly.ts	135	function mapSealRow(r: Row): SealRow {
v2/cli/src/readonly.ts	147	function mapTaskRow(r: Row): TaskRow {
v2/cli/src/readonly.ts	172	function mapTaskSupplyRow(r: Row): TaskSupplyRow {
v2/cli/src/readonly.ts	182	function mapRuntime(r: Row): RuntimeRow {
v2/cli/src/readonly.ts	196	function mapMessage(r: Row): MessageRow {
v2/cli/src/readonly.ts	211	function mapCommand(r: Row): CommandRow {
v2/cli/src/readonly.ts	228	function mapTemplateRow(r: Row): TemplateRow {
v2/cli/src/readonly.ts	254	function mapTrackRow(r: Row): TrackRow {
v2/cli/src/readonly.ts	274	export class ReadOnlyStore {
v2/cli/src/readonly.ts	277	constructor(storePath: string) {
v2/cli/src/readonly.ts	281	close(): void {
v2/cli/src/readonly.ts	289	getBee(beeId: string): BeeRow | null {
v2/cli/src/readonly.ts	294	listBees(): BeeRow[] {
v2/cli/src/readonly.ts	298	currentRuntime(beeId: string): RuntimeRow | null {
v2/cli/src/readonly.ts	305	activeFlags(beeId: string): Flag[] {
v2/cli/src/readonly.ts	312	view(beeId: string): StaleViewResult {
v2/cli/src/readonly.ts	326	list(lifecycle: string | null): StaleViewResult[] {
v2/cli/src/readonly.ts	332	mailbox(beeId: string): MessageRow[] {
v2/cli/src/readonly.ts	338	listTemplates(): TemplateRow[] {
v2/cli/src/readonly.ts	342	listTracks(): TrackRow[] {
v2/cli/src/readonly.ts	346	commands(beeId: string): CommandRow[] {
v2/cli/src/readonly.ts	353	private tableExists(name: string): boolean {
v2/cli/src/readonly.ts	358	children(beeId: string): StaleViewResult[] {
v2/cli/src/readonly.ts	362	questions(filter: { beeId?: string; open?: boolean } = {}): QuestionRow[] {
v2/cli/src/readonly.ts	369	seals(filter: { beeId?: string } = {}): SealRow[] {
v2/cli/src/readonly.ts	376	seal(id: string): SealRow | null {
v2/cli/src/readonly.ts	383	accounts(harness?: string): AccountRow[] {
v2/cli/src/readonly.ts	390	accountLimits(): AccountLimitsRow[] {
v2/cli/src/readonly.ts	396	tasks(filter: { list?: string; statuses?: TaskStatus[] } = {}): TaskRow[] {
v2/cli/src/readonly.ts	407	task(id: string): TaskRow | null {
v2/cli/src/readonly.ts	413	taskSupply(beeId: string): TaskSupplyRow {
v2/cli/src/readonly.ts	419	taskLists(): Array<{ id: string; total: number }> {
v2/cli/src/readonly.ts	427	auditRows(afterSeq = 0, beeId?: string): AuditRow[] {
v2/cli/src/render.ts	51	export function runtimeLabel(v: ViewResult): string {
v2/cli/src/render.ts	57	export function derivedLabel(v: ViewResult): string {
v2/cli/src/render.ts	61	function statusDot(v: ViewResult): string {
v2/cli/src/render.ts	69	function colorRuntime(label: string, v: ViewResult): string {
v2/cli/src/render.ts	76	function colorDerived(label: string, v: ViewResult): string {
v2/cli/src/render.ts	82	function colorLifecycle(life: string): string {
v2/cli/src/render.ts	88	function beeLead(v: ViewResult): string {
v2/cli/src/render.ts	92	function extraTokens(v: ViewResult): string {
v2/cli/src/render.ts	101	export function listRuntimeLabel(v: ViewResult): string {
v2/cli/src/render.ts	110	export function modelFromArgs(args: string[] | null | undefined): string {
v2/cli/src/render.ts	120	function agentCell(v: ViewResult): string {
v2/cli/src/render.ts	131	export function viewLine(v: ViewResult, stale: boolean): string {
v2/cli/src/render.ts	153	export function renderBeeList(views: ViewResult[], stale: boolean, noun = "bees"): string[] {
v2/cli/src/render.ts	208	export function renderBeeView(v: ViewResult, stale: boolean): string[] {
v2/cli/src/render.ts	230	export function renderHere(
v2/cli/src/render.ts	247	function colorAccountStatus(status: string): string {
v2/cli/src/render.ts	253	function pct(v: number | null): string {
v2/cli/src/render.ts	257	function colorPct(v: number | null): string {
v2/cli/src/render.ts	267	export function colorCredentialHealth(health: AccountListResult["accounts"][number]["credentialHealth"] | undefined): string {
v2/cli/src/render.ts	277	export function accountLine(
v2/cli/src/render.ts	292	export function renderAccountList(
v2/cli/src/render.ts	302	export function renderAccountGet(r: AccountGetResult): string[] {
v2/cli/src/render.ts	311	export function renderAccountVerify(r: AccountVerifyResult): string[] {
v2/cli/src/render.ts	331	export function renderLoginFlow(flow: LoginFlowRow): string[] {
v2/cli/src/render.ts	350	function colorLoginPhase(phase: LoginFlowRow["phase"]): string {
v2/cli/src/render.ts	365	export function renderAccountLimits(limits: AccountLimitsResult["limits"]): string[] {
v2/cli/src/render.ts	374	function usageBar(pctValue: number): string {
v2/cli/src/render.ts	381	function usageWindowCell(pctValue: number | null, resetsAt: number | null, now: number, bar: boolean): string {
v2/cli/src/render.ts	390	function fetchedAgo(fetchedAt: number, now: number): string {
v2/cli/src/render.ts	396	export function renderUsageTable(limits: AccountLimitsResult["limits"], stale: boolean, now = Date.now()): string[] {
v2/cli/src/render.ts	429	function colorUrgency(u: string): string {
v2/cli/src/render.ts	435	export function renderMailbox(messages: MailboxResult["messages"], stale: boolean): string[] {
v2/cli/src/render.ts	446	function colorCommandStatus(status: string, failure: string | null): string {
v2/cli/src/render.ts	453	export function renderCommands(commands: CommandsResult["commands"], stale: boolean): string[] {
v2/cli/src/render.ts	462	export function questionLine(q: QuestionListResult["questions"][number], stale: boolean): string {
v2/cli/src/render.ts	470	export function sealLine(sl: SealListResult["seals"][number], stale: boolean): string {
v2/cli/src/render.ts	475	export function renderSealGet(sl: SealListResult["seals"][number], stale: boolean): string[] {
v2/cli/src/render.ts	480	export function registryLine(
v2/cli/src/render.ts	492	function colorRole(role: string): string {
v2/cli/src/render.ts	500	export function turnLines(turns: readonly TranscriptTurn[], prefix = ""): string[] {
v2/cli/src/render.ts	510	export function sessionLogBanner(path: string, harness: string, stale: boolean): string {
v2/cli/src/render.ts	515	export function auditLine(row: AuditRow, prefix: string): string {
v2/cli/src/render.ts	530	export function renderHealth(result: HealthResult): string[] {
v2/cli/src/render.ts	550	export function renderWatchSnapshot(seq: number, views: ViewResult[], filterBee?: string): string[] {
v2/cli/src/render.ts	557	export function renderWatchEvent(seq: number, kind: string, beeId?: string | null): string {
v2/cli/src/render.ts	561	export function confirm(
v2/cli/src/render.ts	570	function colorTaskStatus(status: string): string {
v2/cli/src/render.ts	578	export function taskLine(
v2/cli/src/style.ts	12	export function isPretty(stream: Stream = process.stdout): boolean {
v2/cli/src/style.ts	18	function forceColor(env: NodeJS.ProcessEnv = process.env): boolean {
v2/cli/src/style.ts	22	function colorDisabledByEnv(env: NodeJS.ProcessEnv = process.env): boolean {
v2/cli/src/style.ts	30	function terminalIsDumbForUi(env: NodeJS.ProcessEnv = process.env): boolean {
v2/cli/src/style.ts	38	export const bold = wrap("1");
v2/cli/src/style.ts	39	export const dim = wrap("2");
v2/cli/src/style.ts	40	export const italic = wrap("3");
v2/cli/src/style.ts	41	export const underline = wrap("4");
v2/cli/src/style.ts	42	export const inverse = wrap("7");
v2/cli/src/style.ts	43	export const red = wrap("31");
v2/cli/src/style.ts	44	export const green = wrap("32");
v2/cli/src/style.ts	45	export const yellow = wrap("33");
v2/cli/src/style.ts	46	export const blue = wrap("34");
v2/cli/src/style.ts	47	export const magenta = wrap("35");
v2/cli/src/style.ts	48	export const cyan = wrap("36");
v2/cli/src/style.ts	49	export const gray = wrap("90");
v2/cli/src/style.ts	52	export const honey = wrap("1;33");
v2/cli/src/style.ts	56	export function stripAnsi(value: string): string {
v2/cli/src/style.ts	60	export function visibleLength(value: string): number {
v2/cli/src/style.ts	128	function inRanges(codePoint: number, ranges: ReadonlyArray<readonly [number, number]>): boolean {
v2/cli/src/style.ts	142	export function codePointWidth(codePoint: number): number {
v2/cli/src/style.ts	150	export function graphemeWidth(cluster: string): number {
v2/cli/src/style.ts	156	export function displayWidth(value: string): number {
v2/cli/src/style.ts	162	export function padCell(value: string, width: number, align: "left" | "right" = "left"): string {
v2/cli/src/style.ts	171	function firstGrapheme(value: string): string {
v2/cli/src/style.ts	176	function stripAnsiSlice(value: string, maxVisible: number): string {
v2/cli/src/style.ts	197	export function truncate(value: string, max: number): string {
v2/cli/src/style.ts	212	export function formatTable(
v2/cli/src/style.ts	247	export function formatRelativeTime(fromMs: number | undefined | null, now: number = Date.now()): string {
v2/cli/src/style.ts	263	export function formatTimeUntil(untilMs: number | undefined | null, now: number = Date.now()): string {
v2/cli/src/style.ts	274	export function tildify(path: string): string {
v2/cli/src/style.ts	283	export function actionIcon(status: ActionStatus): string {
v2/cli/src/style.ts	301	export function actionLine(status: ActionStatus, verb: string, detail: string, deduped = false): string {
v2/cli/src/style.ts	309	export function stalePrefix(stale: boolean): string {
v2/cli/src/style.ts	313	export function staleBanner(storePath: string): string {
v2/cli/src/style.ts	317	export function errorLine(message: string, code?: string): string {
v2/cli/src/style.ts	323	export function kv(label: string, value: string): string {
v2/cli/src/style.ts	327	export function joinParts(parts: Array<string | undefined | null>, sep = `  ${dim("·")}  `): string {
v2/cli/src/style.ts	331	export function emptyLine(stale: boolean, noun: string): string {
v2/core/src/accountLimitsParse.ts	42	function isoToMs(value: string | null | undefined): number | null {
v2/core/src/accountLimitsParse.ts	54	export function parseClaudeUsage(usage: ClaudeUsageResponse, plan?: string | null): PutAccountLimitsInput {
v2/core/src/accountLimitsParse.ts	82	function codexWindowSlot(windowMinutes: number | undefined): CodexWindowSlot | null {
v2/core/src/accountLimitsParse.ts	88	function liveWindow(window: CodexLiveWindow): Window {
v2/core/src/accountLimitsParse.ts	103	export function parseCodexRateLimits(limits: CodexLiveRateLimits): PutAccountLimitsInput {
v2/core/src/accountLimitsParse.ts	114	add(limits.primary, "fiveHour");
v2/core/src/accountLimitsParse.ts	115	add(limits.secondary, "weekly");
v2/core/src/accountLimitsParse.ts	139	export function parseClaudeCredentials(raw: string | null): { accessToken: string; expiresAt: number; subscriptionType?: string; refreshToken?: string } | null {
v2/core/src/accountLimitsParse.ts	162	export function isAuthFailureLimitsError(message: string): boolean {
v2/core/src/accountMatch.ts	19	function normalized(value: string): string {
v2/core/src/accountMatch.ts	23	function matchInPool<T extends AccountMatchCandidate>(
v2/core/src/accountMatch.ts	62	export function matchAccount<T extends AccountMatchCandidate>(
v2/core/src/accountRecipes.ts	139	export function loginMethodDescriptor(method: LoginMethodDescriptor & { run: LoginMethodRun }): LoginMethodDescriptor {
v2/core/src/accountRecipes.ts	143	function field(partial: Partial<LoginFieldDescriptor> & Pick<LoginFieldDescriptor, "id" | "label">): LoginFieldDescriptor {
v2/core/src/accountRecipes.ts	158	export const LOGIN_FIELD_CODE: LoginFieldDescriptor = field({
v2/core/src/accountRecipes.ts	181	export const OPENCODE_API_KEY_PROVIDERS: ReadonlyArray<{ id: string; label: string; baseUrl?: boolean; organization?: boolean; project?: boolean }> = [
v2/core/src/accountRecipes.ts	197	function opencodeFields(): LoginFieldDescriptor[] {
v2/core/src/accountRecipes.ts	237	export const ACCOUNT_RECIPES: Readonly<Record<string, IdentityRecipe>> = {
v2/core/src/accountRecipes.ts	484	export function loginMethodsFor(harness: string): LoginMethodDescriptor[] {
v2/core/src/accountRecipes.ts	489	export function loginMethodFor(harness: string, methodId: string): (LoginMethodDescriptor & { run: LoginMethodRun }) | undefined {
v2/core/src/accountRecipes.ts	499	export function defaultLoginMethodId(harness: string, opts: { remote?: boolean; requested?: string | null } = {}): string | null {
v2/core/src/accountRecipes.ts	517	export function homeEnvFor(harness: string): string | undefined {
v2/core/src/accountRecipes.ts	521	export function recipeFor(harness: string): IdentityRecipe | undefined {
v2/core/src/accountRecipes.ts	531	export function resolveVendorHome(
v2/core/src/accountRecipes.ts	567	function joinHome(base: string, rel: string): string {
v2/core/src/accountRecipes.ts	572	export function accountIdFor(harness: string, label: string): string {
v2/core/src/accountRecipes.ts	577	export function safeName(value: string): string {
v2/core/src/accountRecipes.ts	584	export function recipeEnvFor(harness: string, homePath: string): Record<string, string> {
v2/core/src/accountSelect.ts	68	function resetMsOf(window: WindowUsage): number | null {
v2/core/src/accountSelect.ts	75	export function elapsedPercent(window: WindowUsage, now = Date.now()): number | null {
v2/core/src/accountSelect.ts	84	export function remainingHours(window: WindowUsage, now = Date.now()): number | null {
v2/core/src/accountSelect.ts	95	export function paceDelta(window: WindowUsage, now = Date.now()): number | null {
v2/core/src/accountSelect.ts	101	export function windowRolledOver(window: WindowUsage, now = Date.now()): boolean {
v2/core/src/accountSelect.ts	117	export const AUTO_FIVE_HOUR_SATURATION_PERCENT = 80;
v2/core/src/accountSelect.ts	125	export const AUTO_WEEKLY_SATURATION_PERCENT = 85;
v2/core/src/accountSelect.ts	132	export const AUTO_FABLE_WEEKLY_SATURATION_PERCENT = 75;
v2/core/src/accountSelect.ts	141	export const AUTO_PACE_FULL_WEIGHT_HEADROOM_PERCENT = 25;
v2/core/src/accountSelect.ts	150	export const AUTO_PACE_CREDIT_CAP_PERCENT = 25;
v2/core/src/accountSelect.ts	153	export const AUTO_PROJECTION_HORIZON_MS = HOUR_MS;
v2/core/src/accountSelect.ts	161	export const AUTO_BEE_BURN_PER_HOUR: Readonly<Record<WindowKind, number>> = {
v2/core/src/accountSelect.ts	168	export const AUTO_AVERAGE_RATE_MIN_ELAPSED_HOURS = 0.25;
v2/core/src/accountSelect.ts	176	export const AUTO_TIE_EPSILON_PERCENT = 3;
v2/core/src/accountSelect.ts	199	export function effectiveWindowLoad(window: WindowUsage, now = Date.now(), options: EffectiveLoadOptions = {}): number {
v2/core/src/accountSelect.ts	218	export function windowVelocityPerHour(window: WindowUsage, kind: WindowKind, now = Date.now(), activeBees = 0): number {
v2/core/src/accountSelect.ts	254	export function projectWindow(window: WindowUsage, kind: WindowKind, now = Date.now(), options: ProjectionOptions = {}): WindowProjection {
v2/core/src/accountSelect.ts	277	export function measureWindowVelocity(
v2/core/src/accountSelect.ts	331	export function isFableModel(model: string | undefined): boolean {
v2/core/src/accountSelect.ts	335	function compareAddedAt(a: SelectableAccount, b: SelectableAccount): number {
v2/core/src/accountSelect.ts	341	function reserveOf(kind: WindowKind): number {
v2/core/src/accountSelect.ts	358	function scoreWindow(window: WindowUsage | undefined, kind: WindowKind, now: number, options: ProjectionOptions): ScoredWindow | null {
v2/core/src/accountSelect.ts	388	export function selectLeastLoadedAccount(
v2/core/src/accountSelect.ts	489	function autoPickWeeklyReason(
v2/core/src/accountSelect.ts	518	export function rotateNearTie(
v2/core/src/accountSelect.ts	551	export const AUTO_COMMITMENT_BUSY_PERCENT = 8;
v2/core/src/accountSelect.ts	558	export const AUTO_COMMITMENT_PARKED_PERCENT = 2;
v2/core/src/accountSelect.ts	568	export function runtimeCommitmentPercent(state: CommitmentRuntimeState): number {
v2/core/src/accountSelect.ts	575	export function isBusyRuntimeState(state: CommitmentRuntimeState): boolean {
v2/core/src/accountSelect.ts	584	export function accountCommitments(
v2/core/src/accountSelect.ts	598	export function accountActiveBees(
v2/core/src/accountSelect.ts	618	export const AUTO_PICK_DEBIT_PERCENT = 10;
v2/core/src/accountSelect.ts	625	export const AUTO_PICK_DEBIT_TTL_MS = 15 * 60 * 1000;
v2/core/src/accountSelect.ts	634	export function decayedPickDebit(pick: PendingPick, now: number, ttlMs = AUTO_PICK_DEBIT_TTL_MS): number {
v2/core/src/accountSelect.ts	643	export function pendingPickDebit(picks: readonly PendingPick[], now: number, ttlMs = AUTO_PICK_DEBIT_TTL_MS): number {
v2/core/src/accountSelect.ts	650	export function prunePendingPicks(picks: readonly PendingPick[], now: number, ttlMs = AUTO_PICK_DEBIT_TTL_MS): PendingPick[] {
v2/core/src/accountSelect.ts	662	function windowOf(pct: number | null, resetsAt: number | null, minutes: number | null, velocity: number | null | undefined): WindowUsage | undefined {
v2/core/src/accountSelect.ts	673	export function limitsFromRow(
v2/core/src/audit.ts	27	export function replayAudit(rows: AuditRow[]): StateDump {
v2/core/src/executables.ts	23	export function executableFallbackDirs(home: string = homedir()): readonly string[] {
v2/core/src/executables.ts	35	export const EXECUTABLE_FALLBACK_DIRS: readonly string[] = executableFallbackDirs();
v2/core/src/executables.ts	37	export function isExecutableFile(path: string): boolean {
v2/core/src/executables.ts	79	export function resolveExecutable(command: string, opts: ResolveExecutableOptions = {}): ResolvedExecutable | null {
v2/core/src/executables.ts	116	export function resolveSpawnCommand(
v2/core/src/executables.ts	136	export function executableNotFoundDetail(executable: string): string {
v2/core/src/import-frozen.ts	40	export const FROZEN_MARKER = "FROZEN";
v2/core/src/import-frozen.ts	43	export const HARNESS_HOME_ENV: Readonly<Record<string, string>> = {
v2/core/src/import-frozen.ts	53	export const RESUME_CAPABLE_HARNESSES: readonly string[] = ["claude", "codex"];
v2/core/src/import-frozen.ts	58	export const SKIP_REASONS = [
v2/core/src/import-frozen.ts	177	pidLive(pid: number, startedAtMs: number | null): boolean;
v2/core/src/import-frozen.ts	179	tmuxSessionLive(target: string): boolean;
v2/core/src/import-frozen.ts	216	function str(v: unknown): string | null {
v2/core/src/import-frozen.ts	220	function num(v: unknown): number | null {
v2/core/src/import-frozen.ts	224	function isoMs(v: unknown): number | null {
v2/core/src/import-frozen.ts	232	function fingerprintMs(fp: unknown): number | null {
v2/core/src/import-frozen.ts	243	export function parseFrozenRecord(path: string, raw: unknown): ParsedFrozenRecord {
v2/core/src/import-frozen.ts	297	export function readFrozenSessions(frozenRoot: string): FrozenReadResult {
v2/core/src/import-frozen.ts	332	export function readHsrMeta(frozenRoot: string, beeName: string): HsrMeta | null {
v2/core/src/import-frozen.ts	350	export function readOldDaemonLock(frozenRoot: string): { pid: number; startedAt: number | null } | null {
v2/core/src/import-frozen.ts	373	export function shellWords(line: string): string[] {
v2/core/src/import-frozen.ts	424	export function oldLaunchArgs(record: Pick<FrozenRecord, "launchArgv" | "command">): { args: string[]; source: "launchArgv" | "command" } | null {
v2/core/src/import-frozen.ts	474	export const IMPORT_ARGS_TABLE = {
v2/core/src/import-frozen.ts	504	export function extractBeeArgs(harness: string, argv: readonly string[]): ExtractedArgs {
v2/core/src/import-frozen.ts	578	export function beeArgsFromRecord(record: FrozenRecord): {
v2/core/src/import-frozen.ts	616	export function mapSubstrate(old: string | null): string {
v2/core/src/import-frozen.ts	622	export function resumeModeFor(agent: string, providerSessionId: string | null): ResumeMode {
v2/core/src/import-frozen.ts	628	export function mapFrozenRecord(record: FrozenRecord, frozenRoot: string, meta: HsrMeta | null): { bee: FrozenBeeInput; notes: string[] } {
v2/core/src/import-frozen.ts	704	export function planFrozenImport(read: FrozenReadResult, ctx: PlanContext): FrozenImportPlan {
v2/core/src/import-frozen.ts	789	export function preflightFrozen(
v2/core/src/import-frozen.ts	851	export function freezeRoot(frozenRoot: string, opts: FreezeOptions = {}): FreezeResult {
v2/core/src/import-frozen.ts	867	writeFileSync(
v2/core/src/import-frozen.ts	889	export function importFromFrozen(store: CoreStore, frozenRoot: string, opts: FrozenImportOptions = {}): FrozenImportReport {
v2/core/src/loginFlow.ts	15	export const LOGIN_FLOW_PHASES = [
v2/core/src/loginFlow.ts	35	export const LOGIN_FLOW_TERMINAL_PHASES: ReadonlySet<LoginFlowPhase> = new Set<LoginFlowPhase>([
v2/core/src/loginFlow.ts	43	export function isTerminalLoginPhase(phase: LoginFlowPhase): boolean {
v2/core/src/loginFlow.ts	48	export const LOGIN_METHOD_KINDS = [
v2/core/src/loginFlow.ts	62	export const LOGIN_FIELD_INPUT_TYPES = ["text", "password", "url", "select"] as const;
v2/core/src/loginFlow.ts	100	export const LOGIN_FLOW_ERROR_CODES = [
v2/core/src/loginFlow.ts	157	export const LOGIN_FLOW_KEYS = [
v2/core/src/loginFlow.ts	199	export function safeAuthorizationUrl(candidate: string): string | null {
v2/core/src/mirror.ts	144	export const MIRROR_TEMPLATE_AUDIT_KINDS = ["template.put", "template.deleted"] as const;
v2/core/src/mirror.ts	145	export const MIRROR_TRACK_AUDIT_KINDS = ["track.put", "track.deleted"] as const;
v2/core/src/mirror.ts	146	export const MIRROR_QUESTION_AUDIT_KINDS = ["question.asked", "question.answered"] as const;
v2/core/src/mirror.ts	147	export const MIRROR_SEAL_AUDIT_KINDS = ["seal.created"] as const;
v2/core/src/mirror.ts	148	export const MIRROR_ACCOUNT_AUDIT_KINDS = ["account.put", "account.removed"] as const;
v2/core/src/mirror.ts	149	export const MIRROR_ACCOUNT_LIMITS_AUDIT_KINDS = ["account_limits.put", "account.removed"] as const;
v2/core/src/mirror.ts	150	export const MIRROR_TASK_AUDIT_KINDS = ["task.put"] as const;
v2/core/src/mirror.ts	151	export const MIRROR_TASK_SUPPLY_AUDIT_KINDS = ["task_supply.put"] as const;
v2/core/src/mirror.ts	152	export const MIRROR_LOGIN_FLOW_AUDIT_KINDS = ["login_flow.put", "login_flow.removed"] as const;
v2/core/src/mirror.ts	164	export const MIRROR_BEE_ROW_KEYS = ["view", "bee", "runtime"] as const;
v2/core/src/mirror.ts	165	export const MIRROR_BEE_VIEW_KEYS = [
v2/core/src/mirror.ts	179	export const MIRROR_BEE_RECORD_KEYS = [
v2/core/src/mirror.ts	210	export const MIRROR_RUNTIME_KEYS = [
v2/core/src/mirror.ts	222	export const MIRROR_TEMPLATE_KEYS = [
v2/core/src/mirror.ts	245	export const MIRROR_TRACK_KEYS = ["id", "name", "scope", "source", "description", "steps", "tags", "createdAt", "updatedAt"] as const;
v2/core/src/mirror.ts	246	export const MIRROR_TRACK_STEP_KEYS = ["id", "name", "kind", "templateId", "instruction", "note", "status"] as const;
v2/core/src/mirror.ts	247	export const MIRROR_QUESTION_KEYS = [
v2/core/src/mirror.ts	260	export const MIRROR_SEAL_KEYS = ["id", "beeId", "generation", "title", "body", "refs", "createdAt"] as const;
v2/core/src/mirror.ts	261	export const MIRROR_ACCOUNT_KEYS = [
v2/core/src/mirror.ts	275	export const MIRROR_ACCOUNT_LIMITS_KEYS = [
v2/core/src/mirror.ts	294	export const MIRROR_TASK_KEYS = [
v2/core/src/mirror.ts	316	export const MIRROR_TASK_SUPPLY_KEYS = ["beeId", "on", "limit", "feeds", "paused"] as const;
v2/core/src/mirror.ts	317	export const MIRROR_LOGIN_FLOW_KEYS = LOGIN_FLOW_KEYS;
v2/core/src/mirror.ts	318	export const MIRROR_LOGIN_METHOD_KEYS = ["id", "kind", "label", "description", "remoteCapable", "fields"] as const;
v2/core/src/mirror.ts	319	export const MIRROR_LOGIN_FIELD_KEYS = ["id", "label", "help", "required", "secret", "inputType", "placeholder", "pattern", "options", "scope"] as const;
v2/core/src/packages.ts	24	export const PACKAGE_FORMAT_VERSION = 1 as const;
v2/core/src/packages.ts	25	export const TEMPLATE_PACKAGE_KIND = "hive.template" as const;
v2/core/src/packages.ts	26	export const TRACK_PACKAGE_KIND = "hive.track" as const;
v2/core/src/packages.ts	85	export function exportTemplate(row: TemplateRow): TemplatePackage {
v2/core/src/packages.ts	110	export function exportTrack(row: TrackRow): TrackPackage {
v2/core/src/packages.ts	132	export function serializePackage(doc: Package): string {
v2/core/src/packages.ts	136	function sortedRecord(r: Record<string, string>): Record<string, string> {
v2/core/src/packages.ts	146	function parseDoc(input: unknown, label?: string): Record<string, unknown> {
v2/core/src/packages.ts	161	function checkHeader(doc: Record<string, unknown>, kind: string, label?: string): void {
v2/core/src/packages.ts	169	function optionalId(doc: Record<string, unknown>, label?: string): string | null {
v2/core/src/packages.ts	177	export function parseTemplatePackage(input: unknown, label?: string): TemplatePackage {
v2/core/src/packages.ts	179	checkHeader(doc, TEMPLATE_PACKAGE_KIND, label);
v2/core/src/packages.ts	207	export function parseTrackPackage(input: unknown, label?: string): TrackPackage {
v2/core/src/packages.ts	209	checkHeader(doc, TRACK_PACKAGE_KIND, label);
v2/core/src/packages.ts	228	export function importTemplate(store: CoreStore, input: unknown, opts: ImportOptions = {}): ImportResult<TemplateRow> {
v2/core/src/packages.ts	239	export function importTrack(store: CoreStore, input: unknown, opts: ImportOptions = {}): ImportResult<TrackRow> {
v2/core/src/packages.ts	287	export function legacyTemplateToPackage(value: unknown, label?: string): TemplatePackage {
v2/core/src/packages.ts	323	export function legacyTrackToPackage(value: unknown, label?: string): TrackPackage {
v2/core/src/packages.ts	389	export function importLocalConfig(store: CoreStore, dir: string, opts: LocalConfigImportOptions = {}): LocalConfigImportReport {
v2/core/src/packages.ts	419	function listJsonFiles(dir: string, report: LocalConfigImportReport): string[] {
v2/core/src/packages.ts	446	export const LOCAL_CONFIG_AUTO_IMPORT_HOOK = {
v2/core/src/packages.ts	448	onLocalConfigChanged(store: CoreStore, dir: string, opts: LocalConfigImportOptions = {}): LocalConfigImportReport {
v2/core/src/registry.ts	40	function isObject(v: unknown): v is Record<string, unknown> {
v2/core/src/registry.ts	44	export function isRowSource(v: unknown): v is RowSource {
v2/core/src/registry.ts	48	export function isScope(v: unknown): v is Scope {
v2/core/src/registry.ts	52	function fail(label: string | undefined, msg: string): never {
v2/core/src/registry.ts	56	function optString(o: Record<string, unknown>, key: string, label?: string): string | null {
v2/core/src/registry.ts	63	function stringArray(o: Record<string, unknown>, key: string, label?: string): string[] {
v2/core/src/registry.ts	70	function stringRecord(o: Record<string, unknown>, key: string, label?: string): Record<string, string> {
v2/core/src/registry.ts	82	function optBool(o: Record<string, unknown>, key: string, fallback: boolean, label?: string): boolean {
v2/core/src/registry.ts	89	function scopeAndSource(o: Record<string, unknown>, opts: NormalizeOptions): { scope: Scope; source: RowSource } {
v2/core/src/registry.ts	97	function requireName(o: Record<string, unknown>, label?: string): string {
v2/core/src/registry.ts	106	export function normalizeTemplate(value: unknown, opts: NormalizeOptions = {}): TemplateFields {
v2/core/src/registry.ts	154	function normalizeStep(value: unknown, index: number, seen: Set<string>, label?: string): TrackStep {
v2/core/src/registry.ts	179	export function normalizeTrack(value: unknown, opts: NormalizeOptions = {}): TrackFields {
v2/core/src/registry.ts	200	export function stableStringify(v: unknown): string {
v2/core/src/registry.ts	213	export function fieldsEqual(a: object, b: object): boolean {
v2/core/src/schema.ts	120	export const SCHEMA_VERSION = 20;
v2/core/src/schema.ts	126	export const ACCOUNT_LIMITS_TABLE_SQL = `
v2/core/src/schema.ts	148	export const SCHEMA_SQL = `
v2/core/src/schema.ts	541	export const BEES_ADDITIVE_COLUMNS: ReadonlyArray<readonly [name: string, ddl: string]> = [
v2/core/src/schema.ts	558	export const HANDLE_INDEX_SQL =
v2/core/src/schema.ts	565	export const MAILBOX_ADDITIVE_COLUMNS: ReadonlyArray<readonly [name: string, ddl: string]> = [
v2/core/src/schema.ts	576	export const FLAGS_ADDITIVE_COLUMNS: ReadonlyArray<readonly [name: string, ddl: string]> = [
v2/core/src/schema.ts	584	export const MAIL_HISTORY_INDEX_SQL = `
v2/core/src/schema.ts	605	export const MAIL_HISTORY_PROJECTION_SQL = `
v2/core/src/schema.ts	621	export const RUNTIMES_ADDITIVE_COLUMNS: ReadonlyArray<readonly [name: string, ddl: string]> = [
v2/core/src/schema.ts	625	export const IDEMPOTENCY_INDEX_SQL = `
v2/core/src/store.ts	439	export const HANDLE_RE = /^[A-Z]{2}\.[0-9a-f]{3,8}$/;
v2/core/src/store.ts	442	export function handlePrefix(agent: string): string {
v2/core/src/store.ts	447	function mapBee(r: Row): BeeRow {
v2/core/src/store.ts	474	function mapAccount(r: Row): AccountRow {
v2/core/src/store.ts	489	function numOrNull(v: unknown): number | null {
v2/core/src/store.ts	493	function nonNegativeInteger(value: number | null | undefined, field: string): number | null {
v2/core/src/store.ts	501	function displayWindowsOrEmpty(value: unknown): AccountLimitsDisplayWindow[] {
v2/core/src/store.ts	527	function jsonArrayOrEmpty<T>(value: unknown): T[] {
v2/core/src/store.ts	537	function mapLoginFlow(r: Row): LoginFlowRow {
v2/core/src/store.ts	569	function mapAccountLimits(r: Row): AccountLimitsRow {
v2/core/src/store.ts	593	function mapSelectionCursor(r: Row): SelectionCursorRow {
v2/core/src/store.ts	597	function mapNamingUsage(r: Row): NamingUsageRow {
v2/core/src/store.ts	624	function mapQuestion(r: Row): QuestionRow {
v2/core/src/store.ts	640	function mapSeal(r: Row): SealRow {
v2/core/src/store.ts	652	function mapTask(r: Row): TaskRow {
v2/core/src/store.ts	677	function mapTaskSupply(r: Row): TaskSupplyRow {
v2/core/src/store.ts	688	function normalizeStringList(value: unknown, where: string): string[] {
v2/core/src/store.ts	696	function requireNonEmpty(value: unknown, where: string): string {
v2/core/src/store.ts	701	function wellFormedUtf16(value: string): string {
v2/core/src/store.ts	722	function requireBeeId(value: unknown): string {
v2/core/src/store.ts	732	function parseArgsColumn(raw: unknown): string[] | null {
v2/core/src/store.ts	739	function normalizeBeeArgs(args: unknown, where: string): string[] | null {
v2/core/src/store.ts	748	function normalizePenalty(value: unknown, where: string): number {
v2/core/src/store.ts	755	function sameArgs(a: string[] | null, b: string[] | null): boolean {
v2/core/src/store.ts	760	function mapRuntime(r: Row): RuntimeRow {
v2/core/src/store.ts	774	function mapFlag(r: Row): FlagRow {
v2/core/src/store.ts	790	export function resetsAtFromDetail(detail: string): number | null {
v2/core/src/store.ts	797	function mapMessage(r: Row): MessageRow {
v2/core/src/store.ts	811	function mapCommand(r: Row): CommandRow {
v2/core/src/store.ts	828	function mapTemplate(r: Row): TemplateRow {
v2/core/src/store.ts	854	function mapTrack(r: Row): TrackRow {
v2/core/src/store.ts	869	function templateFieldsOf(row: TemplateRow): TemplateFields {
v2/core/src/store.ts	874	function trackFieldsOf(row: TrackRow): TrackFields {
v2/core/src/store.ts	879	function mapAudit(r: Row): AuditRow {
v2/core/src/store.ts	889	function auditString(value: unknown, label: string): string {
v2/core/src/store.ts	894	function auditNumber(value: unknown, label: string): number {
v2/core/src/store.ts	901	function auditUrgency(value: unknown, label: string): Urgency {
v2/core/src/store.ts	908	function auditCancellationReason(value: unknown, label: string): MailCancellationReason {
v2/core/src/store.ts	918	function auditMailOrigin(value: unknown, label: string): MailOrigin {
v2/core/src/store.ts	925	function boundedUtf8Preview(value: string, maxBytes: number): { value: string; truncated: boolean } {
v2/core/src/store.ts	937	function decodeBoundedUtf8Hex(value: unknown, maxBytes: number, label: string): Buffer {
v2/core/src/store.ts	944	function mailHistoryProjectionString(value: unknown, label: string): string {
v2/core/src/store.ts	953	function mailHistoryEnqueue(row: Row): MailHistoryMessage {
v2/core/src/store.ts	971	function mailPendingMessage(row: Row): MailPendingMessage {
v2/core/src/store.ts	987	export class CoreStore {
v2/core/src/store.ts	1001	constructor(path: string, opts: CoreStoreOptions = {}) {
v2/core/src/store.ts	1047	close(): void {
v2/core/src/store.ts	1055	private stmt(sql: string): ReturnType<DatabaseSync["prepare"]> {
v2/core/src/store.ts	1102	private ensureSchemaVersion(): void {
v2/core/src/store.ts	1240	private audit(kind: string, beeId: string | null, payload: Record<string, unknown>, at = this.now()): number {
v2/core/src/store.ts	1247	private auditMailCanceled(message: MessageRow, reason: MailCancellationReason, canceledAt: number): void {
v2/core/src/store.ts	1256	private insertMailHistoryEnqueue(seq: number, message: MessageRow, origin: MailOrigin): void {
v2/core/src/store.ts	1284	private backfillMailHistoryEnqueues(): void {
v2/core/src/store.ts	1373	private mustGetBee(beeId: string): BeeRow {
v2/core/src/store.ts	1380	private bootRequeueRunningCommands(): void {
v2/core/src/store.ts	1407	private mintHandle(agent: string): string {
v2/core/src/store.ts	1420	createBee(input: CreateBeeInput): { bee: BeeRow; runtime: RuntimeRow } {
v2/core/src/store.ts	1478	getBee(beeId: string): BeeRow | null {
v2/core/src/store.ts	1483	listBees(): BeeRow[] {
v2/core/src/store.ts	1494	renameBee(beeId: string, name: string): { bee: BeeRow; applied: boolean } {
v2/core/src/store.ts	1510	setBeeTitle(beeId: string, title: string, source = "auto"): { bee: BeeRow; applied: boolean } {
v2/core/src/store.ts	1528	tagBee(beeId: string, edit: { add?: string[]; remove?: string[] }): TagResult {
v2/core/src/store.ts	1548	listChildren(beeId: string): BeeRow[] {
v2/core/src/store.ts	1553	archiveBee(beeId: string): BeeRow {
v2/core/src/store.ts	1565	private applyArchive(beeId: string): BeeRow {
v2/core/src/store.ts	1572	unarchiveBee(beeId: string): BeeRow {
v2/core/src/store.ts	1584	private applyUnarchive(beeId: string): BeeRow {
v2/core/src/store.ts	1596	deleteBee(beeId: string): DeleteResult {
v2/core/src/store.ts	1646	currentRuntime(beeId: string): RuntimeRow | null {
v2/core/src/store.ts	1653	listRuntimes(beeId: string): RuntimeRow[] {
v2/core/src/store.ts	1660	private insertRuntime(
v2/core/src/store.ts	1691	updateRuntimeState(
v2/core/src/store.ts	1786	recordBootEvidence(beeId: string, generation: number, reason?: string): { applied: boolean } {
v2/core/src/store.ts	1813	private applySpawnFailure(beeId: string, generation: number, exitCause: ExitCause, detail?: string): void {
v2/core/src/store.ts	1836	private applySpawnFailuresReset(beeId: string, reason: string): { applied: boolean } {
v2/core/src/store.ts	1856	resetSpawnFailures(beeId: string, reason = "operator revive"): { applied: boolean } {
v2/core/src/store.ts	1868	private wakeNotBefore(bee: BeeRow, current: RuntimeRow | null): number | undefined {
v2/core/src/store.ts	1881	private applyWakeIfNeeded(beeId: string): WakeResult {
v2/core/src/store.ts	1914	enqueueWake(beeId: string): WakeResult {
v2/core/src/store.ts	1927	enqueueBootRetry(beeId: string): WakeResult {
v2/core/src/store.ts	1941	recordRuntimeProc(
v2/core/src/store.ts	1988	runtimeObservationCursor(beeId: string, generation: number): number | null {
v2/core/src/store.ts	2002	advanceRuntimeObservationCursor(
v2/core/src/store.ts	2037	reviveBee(beeId: string, opts: { proc?: { pid: number; pidStartedAt: number }; args?: string[] | null } = {}): RuntimeRow {
v2/core/src/store.ts	2059	updateBeeArgs(beeId: string, args: string[] | null): { bee: BeeRow; applied: boolean } {
v2/core/src/store.ts	2073	reconfigureBee(beeId: string, args: string[] | null):
v2/core/src/store.ts	2108	private applyArgs(beeId: string, next: string[] | null): boolean {
v2/core/src/store.ts	2122	recordProviderSessionId(beeId: string, providerSessionId: string): { applied: boolean } {
v2/core/src/store.ts	2150	recordInterrupt(beeId: string, generation: number | null, outcome: { interrupted: boolean; reason?: string }): void {
v2/core/src/store.ts	2163	recordFork(beeId: string, forkedFrom: string, forkSeed: string | null): void {
v2/core/src/store.ts	2176	recordImportProvenance(beeId: string, payload: Record<string, unknown>): void {
v2/core/src/store.ts	2187	private assertKnownFlag(flag: string): asserts flag is Flag {
v2/core/src/store.ts	2196	setFlag(beeId: string, flag: string, detail: string, opts: { resetsAt?: number | null } = {}): FlagRow {
v2/core/src/store.ts	2204	private applySetFlag(beeId: string, flag: Flag, detail: string, resetsAt: number | null = null): FlagRow {
v2/core/src/store.ts	2231	clearFlag(beeId: string, flag: string, detail?: string): { applied: boolean } {
v2/core/src/store.ts	2239	private applyClearFlag(
v2/core/src/store.ts	2272	expireFlags(now: number = this.now()): FlagRow[] {
v2/core/src/store.ts	2289	activeFlags(beeId: string): FlagRow[] {
v2/core/src/store.ts	2305	send(
v2/core/src/store.ts	2358	undeliveredMessages(beeId: string): MessageRow[] {
v2/core/src/store.ts	2366	listUndeliveredMessages(): MessageRow[] {
v2/core/src/store.ts	2374	listMessages(beeId: string): MessageRow[] {
v2/core/src/store.ts	2382	pendingMail(beeId: string, params: MailPendingParams = {}): MailPendingResult {
v2/core/src/store.ts	2413	getMessage(messageId: number): MessageRow | null {
v2/core/src/store.ts	2423	mailHistory(params: MailHistoryParams = {}): MailHistoryResult {
v2/core/src/store.ts	2526	private latestMailLifecycleRows(messageId: number, snapshotSeq: number): AuditRow[] {
v2/core/src/store.ts	2555	private latestBeeDeletedRow(
v2/core/src/store.ts	2577	cancelMessage(
v2/core/src/store.ts	2598	expediteMessage(
v2/core/src/store.ts	2619	markDelivered(messageId: number, generation: number): { applied: boolean } {
v2/core/src/store.ts	2655	recordOutput(beeId: string): void {
v2/core/src/store.ts	2662	private applyRecordOutput(beeId: string, at: number): void {
v2/core/src/store.ts	2679	enqueueCommand(
v2/core/src/store.ts	2710	getCommandByIdempotencyKey(key: string): CommandRow | null {
v2/core/src/store.ts	2717	private applyEnqueue(
v2/core/src/store.ts	2752	getCommand(id: number): CommandRow | null {
v2/core/src/store.ts	2757	listCommands(filter: { beeId?: string; status?: CommandRow["status"] } = {}): CommandRow[] {
v2/core/src/store.ts	2782	claimNextCommand(): CommandRow | null {
v2/core/src/store.ts	2822	completeCommand(id: number): { applied: boolean } {
v2/core/src/store.ts	2845	reportCommandFailure(
v2/core/src/store.ts	2909	lookupRpcResult(key: string): RpcIdempotencyRecord | null {
v2/core/src/store.ts	2929	recordRpcResult(key: string, verb: string, commandId: number | null, result: unknown): void {
v2/core/src/store.ts	2957	reconcileAtBoot(livePids: LivePid[]): ReconcileResult {
v2/core/src/store.ts	2999	view(beeId: string, opts: { readCursor?: number } = {}): BeeView {
v2/core/src/store.ts	3017	listBeeViewRows(lifecycle: string | null = null): BeeViewRow[] {
v2/core/src/store.ts	3066	views(): BeeView[] {
v2/core/src/store.ts	3074	getTemplate(id: string): TemplateRow | null {
v2/core/src/store.ts	3079	getTemplateByName(scope: TemplateRow["scope"], name: string): TemplateRow | null {
v2/core/src/store.ts	3086	listTemplates(filter: { scope?: TemplateRow["scope"] } = {}): TemplateRow[] {
v2/core/src/store.ts	3101	putTemplate(input: PutTemplateInput): { template: TemplateRow; outcome: PutOutcome } {
v2/core/src/store.ts	3138	deleteTemplate(id: string): TemplateRow {
v2/core/src/store.ts	3148	getTrack(id: string): TrackRow | null {
v2/core/src/store.ts	3153	getTrackByName(scope: TrackRow["scope"], name: string): TrackRow | null {
v2/core/src/store.ts	3158	listTracks(filter: { scope?: TrackRow["scope"] } = {}): TrackRow[] {
v2/core/src/store.ts	3168	putTrack(input: PutTrackInput): { track: TrackRow; outcome: PutOutcome } {
v2/core/src/store.ts	3201	deleteTrack(id: string): TrackRow {
v2/core/src/store.ts	3239	askQuestion(beeId: string, input: AskQuestionInput): QuestionRow {
v2/core/src/store.ts	3266	answerQuestion(questionId: string, answer: string, opts: { answeredBy?: string } = {}): AnswerResult {
v2/core/src/store.ts	3298	getQuestion(id: string): QuestionRow | null {
v2/core/src/store.ts	3303	listQuestions(filter: { beeId?: string; open?: boolean } = {}): QuestionRow[] {
v2/core/src/store.ts	3320	createSeal(beeId: string, input: CreateSealInput): SealRow {
v2/core/src/store.ts	3339	getSeal(id: string): SealRow | null {
v2/core/src/store.ts	3344	mustGetSeal(id: string): SealRow {
v2/core/src/store.ts	3350	listSeals(filter: { beeId?: string } = {}): SealRow[] {
v2/core/src/store.ts	3363	private mustGetAccount(id: string): AccountRow {
v2/core/src/store.ts	3369	getAccount(id: string): AccountRow | null {
v2/core/src/store.ts	3375	listAccounts(filter: { harness?: string } = {}): AccountRow[] {
v2/core/src/store.ts	3390	createAccount(input: CreateAccountInput): AccountRow {
v2/core/src/store.ts	3417	beesOnAccount(accountId: string): BeeRow[] {
v2/core/src/store.ts	3426	removeAccount(id: string): AccountRow {
v2/core/src/store.ts	3455	private applyAccountUpdate(id: string, patch: Partial<Pick<AccountRow, "status" | "penalty" | "lastLoginAt" | "exhaustedAt" | "homePath" | "label">>, reason: string | null): { account: AccountRow; applied: boolean } {
v2/core/src/store.ts	3475	setAccountStatus(id: string, status: AccountStatus, reason?: string): { account: AccountRow; applied: boolean } {
v2/core/src/store.ts	3481	setAccountPenalty(id: string, penalty: number): { account: AccountRow; applied: boolean } {
v2/core/src/store.ts	3487	recordAccountLogin(id: string, at?: number): { account: AccountRow; applied: boolean } {
v2/core/src/store.ts	3504	touchAccount(id: string, reason: string): { account: AccountRow } {
v2/core/src/store.ts	3518	recordAccountExhaustion(id: string, at: number | null): { account: AccountRow; applied: boolean } {
v2/core/src/store.ts	3523	updateAccountFields(id: string, patch: { homePath?: string; label?: string }): { account: AccountRow; applied: boolean } {
v2/core/src/store.ts	3535	setBeeAccount(beeId: string, account: string | null): { bee: BeeRow; applied: boolean } {
v2/core/src/store.ts	3553	setBeeEnv(beeId: string, env: Record<string, string>): { bee: BeeRow; applied: boolean } {
v2/core/src/store.ts	3573	rekeyBeeSession(beeId: string): { bee: BeeRow; applied: boolean } {
v2/core/src/store.ts	3583	getAccountLimits(accountId: string): AccountLimitsRow | null {
v2/core/src/store.ts	3588	listAccountLimits(): AccountLimitsRow[] {
v2/core/src/store.ts	3596	getLoginFlow(id: string): LoginFlowRow | null {
v2/core/src/store.ts	3602	listLoginFlows(filter: { account?: string } = {}): LoginFlowRow[] {
v2/core/src/store.ts	3612	activeLoginFlow(accountId: string): LoginFlowRow | null {
v2/core/src/store.ts	3617	latestLoginFlow(accountId: string): LoginFlowRow | null {
v2/core/src/store.ts	3630	createLoginFlow(input: CreateLoginFlowInput): LoginFlowRow {
v2/core/src/store.ts	3667	updateLoginFlow(id: string, patch: LoginFlowPatch, reason: string | null = null): { flow: LoginFlowRow; applied: boolean } {
v2/core/src/store.ts	3709	removeLoginFlow(id: string, reason = "removed"): boolean {
v2/core/src/store.ts	3720	recordNamingUsage(input: RecordNamingUsageInput): NamingUsageRow {
v2/core/src/store.ts	3781	listNamingUsage(limit = 100): NamingUsageRow[] {
v2/core/src/store.ts	3790	namingUsageSummary(): NamingUsageSummary {
v2/core/src/store.ts	3841	putAccountLimits(accountId: string, input: PutAccountLimitsInput): AccountLimitsRow {
v2/core/src/store.ts	3888	getSelectionCursor(harness: string): SelectionCursorRow | null {
v2/core/src/store.ts	3893	listSelectionCursors(): SelectionCursorRow[] {
v2/core/src/store.ts	3898	setSelectionCursor(harness: string, lastAccountId: string): SelectionCursorRow {
v2/core/src/store.ts	3918	addTask(input: AddTaskInput): { task: TaskRow; warning?: string } {
v2/core/src/store.ts	3969	getTask(id: string): TaskRow | null {
v2/core/src/store.ts	3974	mustGetTask(id: string): TaskRow {
v2/core/src/store.ts	3980	listTasks(filter: { list?: string; beeId?: string; statuses?: TaskStatus[] } = {}): TaskRow[] {
v2/core/src/store.ts	3999	listTaskLists(): Array<{ id: string; total: number }> {
v2/core/src/store.ts	4004	transitionTask(id: string, action: TaskTransitionAction, opts: TransitionTaskInput = {}): TaskRow {
v2/core/src/store.ts	4032	claimTask(list: string, claimant: string): TaskRow | null {
v2/core/src/store.ts	4046	moveTask(id: string, anchor: { before?: string; after?: string }): TaskRow {
v2/core/src/store.ts	4074	editTask(id: string, patch: EditTaskInput): TaskRow {
v2/core/src/store.ts	4106	getTaskSupply(beeId: string): TaskSupplyRow {
v2/core/src/store.ts	4111	listTaskSupply(filter: { on?: boolean } = {}): TaskSupplyRow[] {
v2/core/src/store.ts	4116	setTaskSupply(beeId: string, patch: SetTaskSupplyInput): TaskSupplyRow {
v2/core/src/store.ts	4142	tryFeedTaskSupply(beeId: string): { fed: TaskRow; supply: TaskSupplyRow } | null {
v2/core/src/store.ts	4184	maybeStallFedTask(beeId: string): TaskRow | null {
v2/core/src/store.ts	4201	private applyResetTaskSupplyFeeds(beeId: string): void {
v2/core/src/store.ts	4218	lastAuditSeq(): number {
v2/core/src/store.ts	4223	auditRows(fromSeq = 0, limit?: number): AuditRow[] {
v2/core/src/store.ts	4239	auditTail(afterSeq: number, limit: number, beeId?: string | null): AuditRow[] {
v2/core/src/store.ts	4253	dumpState(): StateDump {
v2/core/src/store.ts	4277	function templateBindings(f: TemplateFields): Array<string | number | null> {
v2/core/src/store.ts	4300	function trackBindings(f: TrackFields): Array<string | number | null> {
v2/core/src/store.ts	4305	export function openCoreStore(path: string, opts: CoreStoreOptions = {}): CoreStore {
v2/core/src/tasks.ts	19	export const TASK_ID_PREFIX = "task_";
v2/core/src/tasks.ts	20	export const ORDER_STEP = 10;
v2/core/src/tasks.ts	21	export const MAX_TASK_TITLE_LENGTH = 500;
v2/core/src/tasks.ts	22	export const MAX_TASK_CONTEXT_BYTES = 64 * 1024;
v2/core/src/tasks.ts	23	export const DEFAULT_TASK_SUPPLY_LIMIT = 5;
v2/core/src/tasks.ts	24	export const TASK_SUPPLY_SENDER_NAME = "task-supply";
v2/core/src/tasks.ts	31	export const TASK_FEED_PROMPT_MARKER =
v2/core/src/tasks.ts	38	export function isTaskStatus(value: unknown): value is TaskStatus {
v2/core/src/tasks.ts	42	export function isTaskOriginKind(value: unknown): value is TaskOriginKind {
v2/core/src/tasks.ts	46	export function isTaskTransitionAction(value: unknown): value is TaskTransitionAction {
v2/core/src/tasks.ts	50	export function isTaskId(value: unknown): value is string {
v2/core/src/tasks.ts	54	export function beeTaskList(beeId: string): string {
v2/core/src/tasks.ts	58	export function sharedTaskList(name: string): string {
v2/core/src/tasks.ts	62	export function beeIdFromTaskList(list: string): string | null {
v2/core/src/tasks.ts	66	export function isSharedTaskList(list: string): boolean {
v2/core/src/tasks.ts	71	export function parseTaskListRef(raw: string): { kind: "bee" | "shared"; name: string } {
v2/core/src/tasks.ts	93	export function formatTaskList(kind: "bee" | "shared", name: string): string {
v2/core/src/tasks.ts	103	export function resolveTaskAuto(
v2/core/src/tasks.ts	120	export function defaultTaskSupply(beeId: string): TaskSupplyRow {
v2/core/src/tasks.ts	124	export function normalizeSupplyLimit(value: unknown): number {
v2/core/src/tasks.ts	128	export function taskInFlight(task: TaskRow): boolean {
v2/core/src/tasks.ts	144	export function evaluateSupplyGate(input: {
v2/core/src/tasks.ts	163	export const TASK_TRANSITIONS: Record<TaskTransitionAction, { to: TaskStatus; from: readonly TaskStatus[] }> = {
v2/core/src/tasks.ts	170	export const CLOSING_TASK_ACTIONS: readonly TaskTransitionAction[] = ["done", "block", "cancel"];
v2/core/src/tasks.ts	183	export function buildTaskFeedBody(task: TaskRow, remaining: number): string {
v2/core/src/tasks.ts	201	export function parseTaskContext(value: unknown): Record<string, unknown> {
v2/core/src/types.ts	7	export const LIFECYCLES = ["active", "archived", "deleted"] as const;
v2/core/src/types.ts	11	export const RUNTIME_STATES = ["booting", "running", "idle", "stopped"] as const;
v2/core/src/types.ts	14	export const EXIT_CAUSES = [
v2/core/src/types.ts	24	export const FLAGS = [
v2/core/src/types.ts	33	export const VERBS = [
v2/core/src/types.ts	45	export const RUNTIME_VERBS: readonly Verb[] = ["spawn", "send_wake", "stop", "revive"];
v2/core/src/types.ts	47	export const COMMAND_STATUSES = ["queued", "running", "done", "failed"] as const;
v2/core/src/types.ts	58	export const RUNTIME_TRANSITIONS: Readonly<Record<RuntimeState, readonly RuntimeState[]>> = {
v2/core/src/types.ts	194	export const MESSAGE_URGENCIES = ["now", "next", "idle"] as const;
v2/core/src/types.ts	216	export const MAX_BEE_ID_BYTES = 256;
v2/core/src/types.ts	219	export const MAIL_HISTORY_DEFAULT_LIMIT = 100;
v2/core/src/types.ts	220	export const MAIL_HISTORY_MAX_LIMIT = 250;
v2/core/src/types.ts	222	export const MAIL_HISTORY_BODY_PREVIEW_BYTES = 16 * 1024;
v2/core/src/types.ts	223	export const MAIL_HISTORY_SENDER_PREVIEW_BYTES = 1024;
v2/core/src/types.ts	225	export const MAIL_HISTORY_PAGE_BODY_BUDGET_BYTES = 1024 * 1024;
v2/core/src/types.ts	227	export const MAIL_HISTORY_PAGE_JSON_BUDGET_BYTES = 2 * 1024 * 1024;
v2/core/src/types.ts	229	export const MAIL_CANCELLATION_REASONS = ["requested", "bee_deleted"] as const;
v2/core/src/types.ts	233	export const MAIL_ORIGINS = ["mail.send", "spawn.prompt", "legacy.unknown"] as const;
v2/core/src/types.ts	345	export const ACCOUNT_STATUSES = ["ok", "auth_needed", "paused"] as const;
v2/core/src/types.ts	358	export const CREDENTIAL_HEALTHS = ["absent", "unverified", "verified"] as const;
v2/core/src/types.ts	367	export const ACCOUNT_LIMITS_UNREADABLE_REASONS = [
v2/core/src/types.ts	460	export const NAMING_USAGE_STATUSES = ["succeeded", "failed"] as const;
v2/core/src/types.ts	533	export const QUESTION_STATUSES = ["open", "answered"] as const;
v2/core/src/types.ts	570	export const TASK_STATUSES = ["pending", "queued", "in-progress", "done", "blocked", "cancelled"] as const;
v2/core/src/types.ts	573	export const TASK_ORIGIN_KINDS = ["user", "self", "bee"] as const;
v2/core/src/types.ts	576	export const TASK_TRANSITION_ACTIONS = ["start", "done", "block", "cancel"] as const;
v2/core/src/types.ts	641	export const SCOPES = ["personal", "team", "repo"] as const;
v2/core/src/types.ts	653	export const CWD_POLICIES = ["caller", "fixed"] as const;
v2/core/src/types.ts	690	export const TRACK_STEP_STATUSES = ["pending", "running", "done", "skipped"] as const;
v2/core/src/types.ts	746	export class CoreError extends Error {
v2/core/src/types.ts	747	constructor(message: string) {
v2/core/src/types.ts	753	export class BeeNotFoundError extends CoreError {
v2/core/src/types.ts	754	constructor(beeId: string) {
v2/core/src/types.ts	759	export class IllegalTransitionError extends CoreError {}
v2/core/src/types.ts	761	export class UnknownFlagError extends CoreError {
v2/core/src/types.ts	762	constructor(flag: string) {
v2/core/src/types.ts	767	export class UnknownVerbError extends CoreError {
v2/core/src/types.ts	768	constructor(verb: string) {
v2/core/src/types.ts	774	export class UnknownUrgencyError extends CoreError {
v2/core/src/types.ts	775	constructor(urgency: string) {
v2/core/src/types.ts	780	export class UnknownFailureCauseError extends CoreError {
v2/core/src/types.ts	781	constructor(cause: string) {
v2/core/src/types.ts	786	export class SecondWriterError extends CoreError {
v2/core/src/types.ts	787	constructor(path: string, inner: unknown) {
v2/core/src/types.ts	795	export class CommandProtocolError extends CoreError {}
v2/core/src/types.ts	803	export class SchemaVersionError extends CoreError {
v2/core/src/types.ts	806	constructor(kind: "schema_newer" | "schema_migration_required", message: string) {
v2/core/src/types.ts	812	export class TemplateNotFoundError extends CoreError {
v2/core/src/types.ts	813	constructor(id: string) {
v2/core/src/types.ts	818	export class TrackNotFoundError extends CoreError {
v2/core/src/types.ts	819	constructor(id: string) {
v2/core/src/types.ts	825	export class NameConflictError extends CoreError {}
v2/core/src/types.ts	827	export class QuestionNotFoundError extends CoreError {
v2/core/src/types.ts	828	constructor(id: string) {
v2/core/src/types.ts	834	export class QuestionNotOpenError extends CoreError {}
v2/core/src/types.ts	836	export class SealNotFoundError extends CoreError {
v2/core/src/types.ts	837	constructor(id: string) {
v2/core/src/types.ts	842	export class TaskNotFoundError extends CoreError {
v2/core/src/types.ts	843	constructor(id: string) {
v2/core/src/types.ts	849	export class PackageError extends CoreError {}
v2/core/src/types.ts	852	export class AccountNotFoundError extends CoreError {
v2/core/src/types.ts	853	constructor(id: string) {
v2/core/src/types.ts	859	export class AccountReferencedError extends CoreError {
v2/core/src/types.ts	862	constructor(id: string, beeIds: string[]) {
v2/core/src/view.ts	10	export function deriveBeeView(
v2/daemon/src/accountsService.ts	104	export const CODEX_RESET_OUTCOMES = ["reset", "alreadyRedeemed", "nothingToReset", "noCredit"] as const;
v2/daemon/src/accountsService.ts	110	export class ResetLimitsRefusal extends Error {
v2/daemon/src/accountsService.ts	113	constructor(code: "harness_mismatch" | "provider_outcome_uncertain" | "provider_unsupported" | "provider_refused", message: string) {
v2/daemon/src/accountsService.ts	244	export class LeaseRefusal extends Error {
v2/daemon/src/accountsService.ts	247	constructor(code: "lease_unsupported" | "lease_unavailable", message: string) {
v2/daemon/src/accountsService.ts	256	export const CODEX_MIN_SHIP_TTL_MS = 15 * 60_000;
v2/daemon/src/accountsService.ts	261	export const CLAUDE_MIN_SHIP_TTL_MS = 15 * 60_000;
v2/daemon/src/accountsService.ts	277	function blankRefreshTokens(value: unknown): unknown {
v2/daemon/src/accountsService.ts	290	function expFromJwt(token: string): number | undefined {
v2/daemon/src/accountsService.ts	309	function defaultCodexLeaseRefresh(command: string): (homePath: string) => Promise<void> {
v2/daemon/src/accountsService.ts	337	async function claudeOauthGet(accessToken: string, url: string, timeoutMs: number): Promise<unknown> {
v2/daemon/src/accountsService.ts	357	function defaultClaudeUsage(timeoutMs: number): NonNullable<LimitsFetchers["claudeUsage"]> {
v2/daemon/src/accountsService.ts	361	function defaultClaudeRefresh(timeoutMs: number): NonNullable<LimitsFetchers["claudeRefresh"]> {
v2/daemon/src/accountsService.ts	387	function errorDetail(error: unknown): string {
v2/daemon/src/accountsService.ts	402	function codexFailure(error: unknown, fallback: AccountLimitsUnreadableReason = "provider_error"): CodexRateLimitsFetchResult {
v2/daemon/src/accountsService.ts	415	function recordOf(value: unknown): Record<string, unknown> | null {
v2/daemon/src/accountsService.ts	419	function parseResetCredits(value: unknown): RateLimitResetCredits | null {
v2/daemon/src/accountsService.ts	447	function parseCodexLimitsResult(result: unknown): CodexLiveRateLimits {
v2/daemon/src/accountsService.ts	461	export function defaultCodexRateLimits(timeoutMs: number, command = "codex"): NonNullable<LimitsFetchers["codexRateLimits"]> {
v2/daemon/src/accountsService.ts	544	export function defaultCodexResetLimits(timeoutMs: number, command = "codex"): NonNullable<LimitsFetchers["codexResetLimits"]> {
v2/daemon/src/accountsService.ts	627	export class AccountsService {
v2/daemon/src/accountsService.ts	664	constructor(opts: AccountsServiceOptions) {
v2/daemon/src/accountsService.ts	689	vaultDirOf(account: Pick<AccountRow, "harness" | "id">): string {
v2/daemon/src/accountsService.ts	693	defaultHomeOf(accountId: string): string {
v2/daemon/src/accountsService.ts	698	homeEnvOf(account: AccountRow): Record<string, string> {
v2/daemon/src/accountsService.ts	708	credentialEnvOf(account: AccountRow): Record<string, string> {
v2/daemon/src/accountsService.ts	720	credentialed(account: Pick<AccountRow, "harness" | "id" | "homePath">): boolean {
v2/daemon/src/accountsService.ts	735	credentialHealthOf(account: AccountRow): CredentialHealth {
v2/daemon/src/accountsService.ts	743	mirrorRow(account: AccountRow): MirrorAccountRow {
v2/daemon/src/accountsService.ts	754	honestStatus(account: Pick<AccountRow, "harness" | "id" | "homePath">, requested: AccountStatus): AccountStatus {
v2/daemon/src/accountsService.ts	760	hasCredentialProbe(harness: string): boolean {
v2/daemon/src/accountsService.ts	765	credentialProbeOf(harness: string): VerifyOutcome["probe"] {
v2/daemon/src/accountsService.ts	784	pick(harness: string, opts: PickOptions = {}): PickOutcome {
v2/daemon/src/accountsService.ts	882	pickRoundRobin(harness: string): PickOutcome {
v2/daemon/src/accountsService.ts	919	private candidateIdsFor(harness: string, opts: PickOptions): string[] {
v2/daemon/src/accountsService.ts	932	scheduleFreshLimits(harness: string, opts: PickOptions = {}): { scheduled: string[] } {
v2/daemon/src/accountsService.ts	950	async refreshLimits(accountIds?: string[]): Promise<AccountLimitsRow[]> {
v2/daemon/src/accountsService.ts	1011	async resetLimits(account: AccountRow, idempotencyKey: string, creditId?: string): Promise<{ outcome: CodexResetOutcome; limits: AccountLimitsRow }> {
v2/daemon/src/accountsService.ts	1023	private measureVelocities(previous: AccountLimitsRow, fetched: PutAccountLimitsInput): WindowVelocities {
v2/daemon/src/accountsService.ts	1040	velocitiesOf(accountId: string): WindowVelocities | undefined {
v2/daemon/src/accountsService.ts	1045	private async fetchOne(account: AccountRow): Promise<PutAccountLimitsInput> {
v2/daemon/src/accountsService.ts	1060	private async fetchOneBounded(account: AccountRow): Promise<PutAccountLimitsInput> {
v2/daemon/src/accountsService.ts	1086	private async fetchByHarness(account: AccountRow): Promise<PutAccountLimitsInput> {
v2/daemon/src/accountsService.ts	1132	private async fetchSecondaryProvider(account: AccountRow): Promise<PutAccountLimitsInput> {
v2/daemon/src/accountsService.ts	1157	private async freshestClaudeCredential(account: AccountRow): Promise<ClaudeCredential | null> {
v2/daemon/src/accountsService.ts	1178	private hasLiveRuntime(accountId: string): boolean {
v2/daemon/src/accountsService.ts	1193	private async refreshClaudeCredential(account: AccountRow, minTtlMs = 0): Promise<ClaudeRefreshOutcome> {
v2/daemon/src/accountsService.ts	1246	scheduleVerification(accountIds: readonly string[]): string[] {
v2/daemon/src/accountsService.ts	1261	async verifyCredentials(account: AccountRow): Promise<VerifyOutcome> {
v2/daemon/src/accountsService.ts	1303	refreshBusy(account: Pick<AccountRow, "id" | "homePath">): boolean {
v2/daemon/src/accountsService.ts	1317	async mintLease(account: AccountRow): Promise<EphemeralCredential> {
v2/daemon/src/accountsService.ts	1329	private async mintLeaseFresh(account: AccountRow): Promise<EphemeralCredential> {
v2/daemon/src/accountsService.ts	1342	private mintLeaseByHarness(account: AccountRow): Promise<EphemeralCredential> {
v2/daemon/src/accountsService.ts	1373	private async mintClaudeLease(account: AccountRow): Promise<EphemeralCredential> {
v2/daemon/src/accountsService.ts	1413	private async mintCodexLease(account: AccountRow): Promise<EphemeralCredential> {
v2/daemon/src/accountsService.ts	1469	private freshestCodexAuth(account: AccountRow): { parsed: Record<string, unknown>; expSeconds: number } | null {
v2/daemon/src/accountsService.ts	1500	private mintGrokLease(account: AccountRow): EphemeralCredential {
v2/daemon/src/accountsService.ts	1529	private mintKimiLease(account: AccountRow): EphemeralCredential {
v2/daemon/src/accountsService.ts	1551	private mintOpenCodeLease(account: AccountRow): EphemeralCredential {
v2/daemon/src/accountsService.ts	1577	private leasePrimaryJson(account: AccountRow, rel: string): unknown {
v2/daemon/src/accountsService.ts	1604	async importExistingCredentials(
v2/daemon/src/accountsService.ts	1678	private enqueueLimitsRefresh(accountIds: readonly string[]): void {
v2/daemon/src/accountsService.ts	1702	periodicRefreshTick(): void {
v2/daemon/src/accountsService.ts	1724	activateForSpawn(account: AccountRow, bee: { cwd: string }): ActivationResult {
v2/daemon/src/accountsService.ts	1742	async externalLoginCredential(account: AccountRow): Promise<string | null> {
v2/daemon/src/accountsService.ts	1749	writeClaudeKeychain(account: AccountRow, credentials: string): Promise<boolean> {
v2/daemon/src/accountsService.ts	1754	validPrimaryCredential(harness: string, primaryFile: string, raw: string | null): boolean {
v2/daemon/src/accountsService.ts	1773	persistCredentialCapture(
v2/daemon/src/accountsService.ts	1802	async captureAccount(account: AccountRow): Promise<CaptureOutcome> {
v2/daemon/src/accountsService.ts	1842	importRegistry(root: string, opts: { dryRun?: boolean; homesDir?: string } = {}): RegistryImportReport {
v2/daemon/src/accountsService.ts	1923	backfillBeeAccounts(opts: { dryRun?: boolean } = {}): BackfillReport {
v2/daemon/src/accountsService.ts	1980	function recipeFilesPresent(dir: string, recipe: NonNullable<ReturnType<typeof recipeFor>>): string[] {
v2/daemon/src/accountsService.ts	1984	function readIfFile(path: string): string | null {
v2/daemon/src/accountsService.ts	1994	export function autoPickUsage(limits: AccountLimits | undefined, model: string | undefined, now: number): string {
v2/daemon/src/accountsService.ts	2012	export function dirEntries(dir: string): string[] {
v2/daemon/src/activation.ts	17	export function vaultDirFor(vaultDir: string, harness: string, accountId: string): string {
v2/daemon/src/activation.ts	22	export function defaultHomeFor(homesDir: string, accountId: string): string {
v2/daemon/src/activation.ts	26	function isFile(path: string): boolean {
v2/daemon/src/activation.ts	35	export function primaryCredentialFile(recipe: IdentityRecipe): string {
v2/daemon/src/activation.ts	40	export function dirHasCredentials(dir: string, recipe: IdentityRecipe): boolean {
v2/daemon/src/activation.ts	45	export function homeIsEmpty(homePath: string, recipe: IdentityRecipe): boolean {
v2/daemon/src/activation.ts	50	export function recipeFiles(recipe: IdentityRecipe): string[] {
v2/daemon/src/activation.ts	54	function copyInto(srcDir: string, dstDir: string, rel: string): boolean {
v2/daemon/src/activation.ts	58	mkdirSync(dirname(dst), { recursive: true, mode: 0o700 });
v2/daemon/src/activation.ts	59	copyFileSync(src, dst);
v2/daemon/src/activation.ts	91	export function activateHomeIfEmpty(
v2/daemon/src/activation.ts	101	mkdirSync(homePath, { recursive: true, mode: 0o700 });
v2/daemon/src/activation.ts	130	export async function seedClaudeKeychainFromVault(homePath: string, vaultDir: string, writer: KeychainWriter | undefined): Promise<boolean> {
v2/daemon/src/activation.ts	147	export function captureHomeToVault(
v2/daemon/src/activation.ts	155	mkdirSync(vaultDir, { recursive: true, mode: 0o700 });
v2/daemon/src/activation.ts	172	export function recipeFingerprint(dir: string, harness: string): Record<string, string> {
v2/daemon/src/activation.ts	184	export function primaryCredentialMtime(dir: string, recipe: IdentityRecipe): number | null {
v2/daemon/src/activation.ts	193	export function dirExistsNonEmpty(dir: string): boolean {
v2/daemon/src/activation.ts	201	export function samePath(a: string, b: string): boolean {
v2/daemon/src/autoTitle.ts	49	export const AUTO_TITLE_RETRY_BACKOFF_MS = 15_000;
v2/daemon/src/autoTitle.ts	50	export const AUTO_TITLE_MAX_RETRY_BACKOFF_MS = 10 * 60_000;
v2/daemon/src/autoTitle.ts	53	export const AUTO_TITLE_WATCHDOG_MS = 45_000;
v2/daemon/src/autoTitle.ts	54	export const AUTO_TITLE_CONTEXT_PROBES_PER_TICK = 8;
v2/daemon/src/autoTitle.ts	56	export function autoTitleRetryBackoffMs(attempts: number): number {
v2/daemon/src/autoTitle.ts	61	export function userTaskMessages(messages: readonly MessageRow[]): string[] {
v2/daemon/src/autoTitle.ts	70	export function contextSignature(bee: BeeRow, userMessages: readonly string[]): string {
v2/daemon/src/autoTitle.ts	82	export function autoTitleDecision(
v2/daemon/src/autoTitle.ts	104	export function createAutoTitleDispatcher(deps: AutoTitleDeps): (bees?: BeeRow[]) => Promise<AutoTitleOutcome[]> {
v2/daemon/src/autoTitle.ts	230	export function createStoreAutoTitleDispatcher(
v2/daemon/src/autoTitle.ts	261	function loadBookkeepingFile(path: string): Map<string, AutoTitleBookkeeping> {
v2/daemon/src/autoTitle.ts	285	function persistBookkeepingFile(path: string, state: Map<string, AutoTitleBookkeeping>): void {
v2/daemon/src/config.ts	36	export const NAMING_TOOLS = ["codex", "claude"] as const;
v2/daemon/src/config.ts	39	export const NAMING_BACKENDS = ["codex-app-server", "openai-api", "claude-cli"] as const;
v2/daemon/src/config.ts	42	export const NAMING_EFFORTS = ["none", "minimal", "low", "medium", "high", "xhigh", "max", "ultra"] as const;
v2/daemon/src/config.ts	75	export const NAMING_DEFAULTS = {
v2/daemon/src/config.ts	116	export const NODE_KINDS: readonly NodeKind[] = ["workstation", "satellite", "cloud"];
v2/daemon/src/config.ts	213	export class ConfigError extends Error {
v2/daemon/src/config.ts	214	constructor(message: string) {
v2/daemon/src/config.ts	221	export const BUILTIN_AGENTS: Record<string, AgentSpecConfig> = {
v2/daemon/src/config.ts	251	export const DEFAULTS = {
v2/daemon/src/config.ts	271	export function defaultDataDir(env: Record<string, string | undefined> = process.env): string {
v2/daemon/src/config.ts	275	function num(raw: Record<string, unknown>, key: string, fallback: number): number {
v2/daemon/src/config.ts	284	function str(raw: Record<string, unknown>, key: string, fallback: string): string {
v2/daemon/src/config.ts	293	function nodeKindOf(raw: Record<string, unknown>): NodeKind {
v2/daemon/src/config.ts	302	function cellsOf(raw: Record<string, unknown>): { root?: string; sandbox: boolean | null; warm: Record<string, string[]> } {
v2/daemon/src/config.ts	337	function agentsOf(raw: Record<string, unknown>): Record<string, AgentSpecConfig> {
v2/daemon/src/config.ts	393	export function namingOf(raw: Record<string, unknown>, dataDir: string): ResolvedNamingConfig {
v2/daemon/src/config.ts	438	export function publicNamingConfig(naming: ResolvedNamingConfig): {
v2/daemon/src/config.ts	462	export function patchNamingConfig(configPath: string, dataDir: string, patch: NamingConfig): ResolvedNamingConfig {
v2/daemon/src/config.ts	496	mkdirSync(dirname(configPath), { recursive: true });
v2/daemon/src/config.ts	497	writeFileSync(tmp, `${JSON.stringify(raw, null, 2)}\n`, { mode: 0o600 });
v2/daemon/src/config.ts	498	renameSync(tmp, configPath);
v2/daemon/src/config.ts	502	function accountsOf(raw: Record<string, unknown>): ResolvedNodeConfig["accounts"] {
v2/daemon/src/config.ts	533	export function loadNodeConfig(dataDir: string, configPath?: string): ResolvedNodeConfig {
v2/daemon/src/cursorAuth.ts	37	export function parseCursorAuth(raw: string | null, source = "auth.json"): CursorAuthSnapshot | null {
v2/daemon/src/cursorAuth.ts	58	function cursorGlobalAuthPath(env: Record<string, string | undefined> = process.env): string {
v2/daemon/src/cursorAuth.ts	66	function readCursorAuthFile(path: string): CursorAuthSnapshot | null {
v2/daemon/src/cursorAuth.ts	75	async function readCursorKeychainSecret(service: string): Promise<string | undefined> {
v2/daemon/src/cursorAuth.ts	90	export const readCursorLiveAuth: CursorAuthReader = async () => {
v2/daemon/src/cursorAuth.ts	111	export function cursorCredentialEnv(homePath: string): Record<string, string> {
v2/daemon/src/daemon.ts	217	function adapterFor(
v2/daemon/src/daemon.ts	251	function grammarFor(adapterName: string): ArgGrammar {
v2/daemon/src/daemon.ts	275	export function composeSpawn(
v2/daemon/src/daemon.ts	313	export function beeIdentityEnv(bee: { id: string; name: string; parentId: string | null }): Record<string, string> {
v2/daemon/src/daemon.ts	332	export function nextTickDelayMs(tickMs: number): number {
v2/daemon/src/daemon.ts	353	export function isRateLimitCause(detail: string): boolean {
v2/daemon/src/daemon.ts	359	export function autoswapDisabled(bee: { tags: string[]; args: string[] | null }): boolean {
v2/daemon/src/daemon.ts	367	export class HiveDaemon {
v2/daemon/src/daemon.ts	401	constructor(cfg: ResolvedNodeConfig, deps: HiveDaemonDeps = {}) {
v2/daemon/src/daemon.ts	424	async start(): Promise<void> {
v2/daemon/src/daemon.ts	442	private async startProfiled(): Promise<void> {
v2/daemon/src/daemon.ts	587	async shutdown(options: ShutdownOptions = {}): Promise<void> {
v2/daemon/src/daemon.ts	620	private scheduleTick(delayMs: number): void {
v2/daemon/src/daemon.ts	631	private tick(): void {
v2/daemon/src/daemon.ts	640	private tickProfiled(core: DaemonCore): void {
v2/daemon/src/daemon.ts	694	private flushWatchers(): void {
v2/daemon/src/daemon.ts	712	private mirrorAuditRows(rows: AuditRow[]): AuditRow[] {
v2/daemon/src/daemon.ts	723	private mirrorAccount(account: AccountRow): MirrorAccountRow {
v2/daemon/src/daemon.ts	742	private resolveSpawnSpec(beeId: string): SpawnSpec {
v2/daemon/src/daemon.ts	797	private resolveCellSpec(beeId: string): CellSpec {
v2/daemon/src/daemon.ts	820	private resolveTmuxSpec(beeId: string): ReturnType<typeof tmuxSpawnSpec> {
v2/daemon/src/daemon.ts	843	private adoptSurvivors(store: CoreStore, driver: SubstrateRouter): void {
v2/daemon/src/daemon.ts	870	private log(op: string): void {
v2/daemon/src/daemon.ts	880	private recordI1(v: I1ViolationEvent): void {
v2/daemon/src/daemon.ts	890	private mustStore(): CoreStore {
v2/daemon/src/daemon.ts	895	private numberParam(params: Record<string, unknown>, key: string): number {
v2/daemon/src/daemon.ts	903	private param(params: Record<string, unknown>, key: string): string {
v2/daemon/src/daemon.ts	912	private mailMutationBeeId(
v2/daemon/src/daemon.ts	923	private dispatch(verb: RpcVerb, params: Record<string, unknown>, conn: RpcConn): unknown {
v2/daemon/src/daemon.ts	1174	private argsParam(params: Record<string, unknown>, verb: string, nullable: boolean): string[] | null {
v2/daemon/src/daemon.ts	1183	private rpcSetArgs(params: Record<string, unknown>): SetArgsResult {
v2/daemon/src/daemon.ts	1191	private requireBee(params: Record<string, unknown>): string {
v2/daemon/src/daemon.ts	1198	private idempotencyKeyOf(params: Record<string, unknown>): string | null {
v2/daemon/src/daemon.ts	1252	private async rpcSpawnWithAccount(params: Record<string, unknown>): Promise<SpawnResult> {
v2/daemon/src/daemon.ts	1278	private embeddedSpawnAccount(agentToken: string, explicitAccount: boolean): { agent: string; account?: string } {
v2/daemon/src/daemon.ts	1291	private accountParam(params: Record<string, unknown>): string | null {
v2/daemon/src/daemon.ts	1300	private modelParamOf(params: Record<string, unknown>, agent: string): string | undefined {
v2/daemon/src/daemon.ts	1321	private resolveSpawnAccount(request: string | null, agent: string, params: Record<string, unknown>): { account: AccountRow | null; reason: string | null } {
v2/daemon/src/daemon.ts	1342	private rpcSpawn(params: Record<string, unknown>, accountRequest: string | null): SpawnResult {
v2/daemon/src/daemon.ts	1431	private substrateParam(params: Record<string, unknown>): SpawnSubstrate {
v2/daemon/src/daemon.ts	1441	private spawnEnvParam(params: Record<string, unknown>): Record<string, string> {
v2/daemon/src/daemon.ts	1455	private cellParam(params: Record<string, unknown>): SpawnCellParams {
v2/daemon/src/daemon.ts	1491	private planCell(id: string, name: string, cell: SpawnCellParams): { spaceDir: string; reserve: ReserveRequest } {
v2/daemon/src/daemon.ts	1531	private requireCellBee(params: Record<string, unknown>): { beeId: string; cell: CellDriver } {
v2/daemon/src/daemon.ts	1548	private rpcCellCapture(params: Record<string, unknown>): CellCaptureResult {
v2/daemon/src/daemon.ts	1585	private rpcCellRemove(params: Record<string, unknown>): CellRemoveResult {
v2/daemon/src/daemon.ts	1622	private parentParam(params: Record<string, unknown>): string | null {
v2/daemon/src/daemon.ts	1630	private stringListParam(params: Record<string, unknown>, key: string, verb: string): string[] | undefined {
v2/daemon/src/daemon.ts	1639	private rpcRename(params: Record<string, unknown>): RenameResult {
v2/daemon/src/daemon.ts	1647	private rpcConfigGet(): ConfigGetResult {
v2/daemon/src/daemon.ts	1657	private rpcConfigPatch(params: Record<string, unknown>): ConfigPatchResult {
v2/daemon/src/daemon.ts	1720	private rpcTag(params: Record<string, unknown>): TagResult {
v2/daemon/src/daemon.ts	1735	private rpcInterrupt(params: Record<string, unknown>): InterruptResult {
v2/daemon/src/daemon.ts	1762	private rpcFork(params: Record<string, unknown>): ForkResult {
v2/daemon/src/daemon.ts	1809	private rpcChildren(params: Record<string, unknown>): ChildrenResult {
v2/daemon/src/daemon.ts	1815	private rpcQuestionAsk(params: Record<string, unknown>): QuestionAskResult {
v2/daemon/src/daemon.ts	1828	private rpcQuestionAnswer(params: Record<string, unknown>): QuestionAnswerResult {
v2/daemon/src/daemon.ts	1844	private rpcQuestionList(params: Record<string, unknown>): QuestionListResult {
v2/daemon/src/daemon.ts	1854	private rpcSealCreate(params: Record<string, unknown>): SealCreateResult {
v2/daemon/src/daemon.ts	1870	private rpcSealList(params: Record<string, unknown>): SealListResult {
v2/daemon/src/daemon.ts	1876	private rpcTaskAdd(params: Record<string, unknown>): TaskAddResult {
v2/daemon/src/daemon.ts	1922	private rpcTaskList(params: Record<string, unknown>): TaskListResult {
v2/daemon/src/daemon.ts	1946	private rpcTaskGet(params: Record<string, unknown>): TaskGetResult {
v2/daemon/src/daemon.ts	1953	private rpcTaskTransition(params: Record<string, unknown>): TaskTransitionResult {
v2/daemon/src/daemon.ts	1966	private rpcTaskClaim(params: Record<string, unknown>): TaskClaimResult {
v2/daemon/src/daemon.ts	1973	private rpcTaskMove(params: Record<string, unknown>): TaskMoveResult {
v2/daemon/src/daemon.ts	1982	private rpcTaskEdit(params: Record<string, unknown>): TaskEditResult {
v2/daemon/src/daemon.ts	1999	private rpcTaskSupplyGet(params: Record<string, unknown>): TaskSupplyGetResult {
v2/daemon/src/daemon.ts	2004	private rpcTaskSupplySet(params: Record<string, unknown>): TaskSupplySetResult {
v2/daemon/src/daemon.ts	2020	private rpcSend(params: Record<string, unknown>): SendRpcResult {
v2/daemon/src/daemon.ts	2037	private rpcEnqueue(
v2/daemon/src/daemon.ts	2052	private viewOf(store: CoreStore, beeId: string): ViewResult {
v2/daemon/src/daemon.ts	2061	private rpcList(params: Record<string, unknown>): ListResult {
v2/daemon/src/daemon.ts	2073	private rpcAuditTail(params: Record<string, unknown>): AuditTailResult {
v2/daemon/src/daemon.ts	2082	private rpcMailHistory(params: Record<string, unknown>): MailHistoryResult {
v2/daemon/src/daemon.ts	2109	private rpcMailPending(params: Record<string, unknown>): MailPendingResult {
v2/daemon/src/daemon.ts	2120	private rpcDeployInfo(): DeployInfoResult {
v2/daemon/src/daemon.ts	2142	private async rpcNodeHarnesses(): Promise<NodeHarnessesResult> {
v2/daemon/src/daemon.ts	2162	private probeHarnessVersion(path: string): Promise<string | null> {
v2/daemon/src/daemon.ts	2183	private rpcHealth(): HealthResult {
v2/daemon/src/daemon.ts	2205	private snapshot(): SnapshotResult {
v2/daemon/src/daemon.ts	2229	private mustAccounts(): AccountsService {
v2/daemon/src/daemon.ts	2234	private requireAccount(params: Record<string, unknown>, key = "id"): AccountRow {
v2/daemon/src/daemon.ts	2239	private resolveAccountSelector(selector: string, preferredHarness?: string): AccountRow {
v2/daemon/src/daemon.ts	2253	private rpcAccountList(params: Record<string, unknown>): AccountListResult {
v2/daemon/src/daemon.ts	2266	private rpcAccountGet(params: Record<string, unknown>): AccountGetResult {
v2/daemon/src/daemon.ts	2279	private async rpcAccountRemove(params: Record<string, unknown>): Promise<AccountRemoveResult> {
v2/daemon/src/daemon.ts	2286	private rpcAccountAdd(params: Record<string, unknown>): Promise<AccountAddResult> {
v2/daemon/src/daemon.ts	2353	private rpcAccountVerify(params: Record<string, unknown>): Promise<AccountVerifyResult> {
v2/daemon/src/daemon.ts	2362	private rpcAccountStatus(params: Record<string, unknown>, status: "paused" | "ok"): AccountUpdateResult {
v2/daemon/src/daemon.ts	2372	private rpcAccountSetPenalty(params: Record<string, unknown>): AccountUpdateResult {
v2/daemon/src/daemon.ts	2383	private mustLoginFlows(): LoginFlowService {
v2/daemon/src/daemon.ts	2420	private flowIdParam(params: Record<string, unknown>): string {
v2/daemon/src/daemon.ts	2425	private rpcAccountLoginStart(params: Record<string, unknown>): Promise<AccountLoginStartResult> {
v2/daemon/src/daemon.ts	2437	private rpcAccountLoginGet(params: Record<string, unknown>): AccountLoginGetResult {
v2/daemon/src/daemon.ts	2450	private rpcAccountLoginSelectMethod(params: Record<string, unknown>): Promise<AccountLoginSelectMethodResult> {
v2/daemon/src/daemon.ts	2461	private rpcAccountLoginSubmit(params: Record<string, unknown>): Promise<AccountLoginSubmitResult> {
v2/daemon/src/daemon.ts	2474	private rpcAccountLoginRetry(params: Record<string, unknown>): Promise<AccountLoginRetryResult> {
v2/daemon/src/daemon.ts	2479	private rpcAccountLoginCancel(params: Record<string, unknown>): AccountLoginCancelResult {
v2/daemon/src/daemon.ts	2485	private clearAccountAuthNeeded(accountId: string, reason: string, by: "capture" | "login"): void {
v2/daemon/src/daemon.ts	2494	private async rpcAccountCapture(params: Record<string, unknown>): Promise<AccountCaptureResult> {
v2/daemon/src/daemon.ts	2514	private async rpcAccountLimits(params: Record<string, unknown>): Promise<AccountLimitsResult> {
v2/daemon/src/daemon.ts	2521	private async rpcAccountResetLimits(params: Record<string, unknown>): Promise<AccountResetLimitsResult> {
v2/daemon/src/daemon.ts	2543	private rpcAccountImportRegistry(params: Record<string, unknown>): AccountImportRegistryResult {
v2/daemon/src/daemon.ts	2552	private rpcAccountBackfill(params: Record<string, unknown>): AccountBackfillResult {
v2/daemon/src/daemon.ts	2562	private async rpcAccountLease(params: Record<string, unknown>): Promise<AccountLeaseResult> {
v2/daemon/src/daemon.ts	2587	private rpcSwapAccount(params: Record<string, unknown>): SwapAccountResult {
v2/daemon/src/daemon.ts	2595	private performSwap(bee: BeeRow, target: AccountRow, by: "operator" | "rotation"): SwapAccountResult {
v2/daemon/src/daemon.ts	2646	private carryClaudeTranscript(bee: BeeRow, from: string | null, target: AccountRow): SwapAccountResult["transcript"] {
v2/daemon/src/daemon.ts	2682	private applyAccountPolicy(ev: FlagEvidenceLike): void {
v2/daemon/src/daemon.ts	2734	private modelOfBee(bee: BeeRow): string | undefined {
v2/daemon/src/daemon.ts	2750	private scopeParam(params: Record<string, unknown>): Scope | undefined {
v2/daemon/src/daemon.ts	2759	private importOptions(params: Record<string, unknown>): { source: RowSource; scope?: Scope; label?: string } {
v2/daemon/src/daemon.ts	2771	private requireTemplate(params: Record<string, unknown>) {
v2/daemon/src/daemon.ts	2779	private requireTrack(params: Record<string, unknown>) {
v2/daemon/src/daemon.ts	2787	private rpcTemplateList(params: Record<string, unknown>): TemplateListResult {
v2/daemon/src/daemon.ts	2792	private rpcTemplatePut(params: Record<string, unknown>): TemplatePutResult {
v2/daemon/src/daemon.ts	2802	private rpcTrackList(params: Record<string, unknown>): TrackListResult {
v2/daemon/src/daemon.ts	2807	private rpcTrackPut(params: Record<string, unknown>): TrackPutResult {
v2/daemon/src/daemon.ts	2823	private rpcImportFromFrozen(params: Record<string, unknown>): ImportFromFrozenResult {
v2/daemon/src/daemon.ts	2842	private rpcImportLocalConfig(params: Record<string, unknown>): ImportLocalConfigResult {
v2/daemon/src/daemon.ts	2856	function findClaudeTranscript(home: string, projectKey: string, seed: string): { file: string; dir: string | null } | null {
v2/daemon/src/envelope.ts	16	export const BUZ_INJECTION_MARKER =
v2/daemon/src/envelope.ts	20	export function urgencyToTier(urgency: Urgency): "interrupt" | "next-tool" | "queue" {
v2/daemon/src/envelope.ts	37	export function isPeerSender(sender: string, beeExists: (id: string) => boolean): boolean {
v2/daemon/src/envelope.ts	43	export function deliveryText(
v2/daemon/src/gateways.ts	17	export function parseGatewayRecord(raw: string): LiveGateway | null {
v2/daemon/src/gateways.ts	54	function processIsLive(pid: number): boolean {
v2/daemon/src/gateways.ts	63	function executable(path: string): boolean {
v2/daemon/src/gateways.ts	72	export function liveGateways(storeRoot = process.env.HIVE_STORE_ROOT ?? join(homedir(), ".hive")): LiveGateway[] {
v2/daemon/src/homeDefaults.ts	15	export const CLAUDE_HOME_DEFAULT_MODEL = "opus[1m]";
v2/daemon/src/homeDefaults.ts	19	export const CLAUDE_HOME_DEFAULT_OUTPUT_STYLE = "Concise";
v2/daemon/src/homeDefaults.ts	21	export const CODEX_HOME_DEFAULTS: Record<string, string> = {
v2/daemon/src/homeDefaults.ts	27	export const CODEX_NOTICE_DEFAULTS: Record<string, string> = {
v2/daemon/src/homeDefaults.ts	31	function readOr(path: string, fallback: string): string {
v2/daemon/src/homeDefaults.ts	40	export function atomicWriteFileSync(path: string, content: string, mode = 0o600): void {
v2/daemon/src/homeDefaults.ts	42	writeFileSync(tmp, content, { mode });
v2/daemon/src/homeDefaults.ts	43	renameSync(tmp, path);
v2/daemon/src/homeDefaults.ts	53	export function seedClaudeHomeDefaults(homePath: string): boolean {
v2/daemon/src/homeDefaults.ts	58	mkdirSync(homePath, { recursive: true, mode: 0o700 });
v2/daemon/src/homeDefaults.ts	59	atomicWriteFileSync(path, next);
v2/daemon/src/homeDefaults.ts	63	export function withClaudeSettingsDefaults(input: string): string {
v2/daemon/src/homeDefaults.ts	94	export function seedCodexHomeDefaults(homePath: string): boolean {
v2/daemon/src/homeDefaults.ts	99	mkdirSync(homePath, { recursive: true, mode: 0o700 });
v2/daemon/src/homeDefaults.ts	100	atomicWriteFileSync(path, next);
v2/daemon/src/homeDefaults.ts	104	export function mergeCodexConfigDefaults(input: string): string {
v2/daemon/src/homeDefaults.ts	111	export function tomlLines(input: string): string[] {
v2/daemon/src/homeDefaults.ts	116	function withTopLevelTomlDefaults(lines: string[], defaults: Record<string, string>): string[] {
v2/daemon/src/homeDefaults.ts	132	function withTomlSectionDefaults(lines: string[], section: string, defaults: Record<string, string>): string[] {
v2/daemon/src/homeDefaults.ts	152	function firstTomlSectionIndex(lines: string[]): number {
v2/daemon/src/homeDefaults.ts	156	function formatTomlDefaults(defaults: Record<string, string>): string[] {
v2/daemon/src/homeDefaults.ts	165	export function seedClaudeHomeAcceptance(homePath: string, opts: { yolo?: boolean; trustCwd?: string } = {}): void {
v2/daemon/src/homeDefaults.ts	186	mkdirSync(homePath, { recursive: true, mode: 0o700 });
v2/daemon/src/homeDefaults.ts	187	atomicWriteFileSync(path, `${JSON.stringify(config, null, 2)}\n`);
v2/daemon/src/import-probes.ts	21	export const OLD_RUNTIME_START_TOLERANCE_MS = 60_000;
v2/daemon/src/import-probes.ts	24	export function snapshotProcessStarts(now: () => number = Date.now): Map<number, number> {
v2/daemon/src/import-probes.ts	39	export function tmuxHasSession(target: string): boolean {
v2/daemon/src/import-probes.ts	46	export function realPreflightProbes(opts: { now?: () => number; toleranceMs?: number } = {}): PreflightProbes {
v2/daemon/src/keychain.ts	39	export function keychainAvailable(env: Record<string, string | undefined> = process.env): boolean {
v2/daemon/src/keychain.ts	45	export function claudeKeychainService(homePath: string): string {
v2/daemon/src/keychain.ts	56	export function decodeSecurityPasswordOutput(raw: string): string {
v2/daemon/src/keychain.ts	69	export const readClaudeKeychain: KeychainReader = async (homePath) => {
v2/daemon/src/keychain.ts	86	function quoteSecurityToken(value: string): string {
v2/daemon/src/keychain.ts	94	export function buildAddGenericPasswordCommand(account: string, service: string, secret: string): string | null {
v2/daemon/src/keychain.ts	106	export function identityOnlyCredentials(credentials: string): string | null {
v2/daemon/src/keychain.ts	122	export const writeClaudeKeychainEntry: KeychainWriter = async (homePath, credentials) => {
v2/daemon/src/keychain.ts	154	export function credentialDigest(content: string): string {
v2/daemon/src/login/claudeOauth.ts	20	function pkceVerifier(): string {
v2/daemon/src/login/claudeOauth.ts	24	function pkceChallenge(verifier: string): string {
v2/daemon/src/login/claudeOauth.ts	29	export function claudeAuthorizeUrl(codeVerifier: string, state: string): string {
v2/daemon/src/login/claudeOauth.ts	43	export function splitClaudeCode(pasted: string, flowState: string): { code: string; state: string } | null {
v2/daemon/src/login/claudeOauth.ts	54	export class ClaudeOauthRunner implements LoginRunner {
v2/daemon/src/login/claudeOauth.ts	62	constructor(host: LoginRunnerHost) {
v2/daemon/src/login/claudeOauth.ts	66	async start(): Promise<LoginFlowRow> {
v2/daemon/src/login/claudeOauth.ts	74	async submit(values: Record<string, string>, _fields: readonly LoginFieldDescriptor[]): Promise<LoginFlowRow> {
v2/daemon/src/login/claudeOauth.ts	109	tick(_now: number): void {}
v2/daemon/src/login/claudeOauth.ts	111	async stop(): Promise<void> {}
v2/daemon/src/login/claudeOauth.ts	113	workerStatus(): null {
v2/daemon/src/login/cliRunner.ts	22	export const LANDING_CHECK_INTERVAL_MS = 1000;
v2/daemon/src/login/cliRunner.ts	25	export const WORKER_ENV_ALLOWLIST = [
v2/daemon/src/login/cliRunner.ts	31	export function workerBaseEnv(source: NodeJS.ProcessEnv): Record<string, string> {
v2/daemon/src/login/cliRunner.ts	42	export class CliRunner implements LoginRunner {
v2/daemon/src/login/cliRunner.ts	58	constructor(host: LoginRunnerHost, spec: LoginCliSpec) {
v2/daemon/src/login/cliRunner.ts	63	async start(): Promise<LoginFlowRow> {
v2/daemon/src/login/cliRunner.ts	118	async submit(values: Record<string, string>, fields: readonly LoginFieldDescriptor[]): Promise<LoginFlowRow> {
v2/daemon/src/login/cliRunner.ts	126	tick(now: number): void {
v2/daemon/src/login/cliRunner.ts	132	async stop(): Promise<void> {
v2/daemon/src/login/cliRunner.ts	136	workerStatus(): LoginWorkerStatus | null {
v2/daemon/src/login/cliRunner.ts	140	private onWorkerEvent(event: LoginWorkerEvent): void {
v2/daemon/src/login/cliRunner.ts	216	private async checkLanding(final = false): Promise<boolean> {
v2/daemon/src/login/common.ts	11	export const STATIC_DETAIL = {
v2/daemon/src/login/common.ts	21	export function err(code: LoginFlowErrorCode, message: string): LoginFlowError {
v2/daemon/src/login/common.ts	25	export function isTerminal(phase: LoginFlowRow["phase"]): boolean {
v2/daemon/src/login/common.ts	29	export function readJsonObject(path: string): Record<string, unknown> {
v2/daemon/src/login/common.ts	38	export function writePrivateJson(path: string, value: unknown): void {
v2/daemon/src/login/common.ts	39	mkdirSync(dirname(path), { recursive: true, mode: 0o700 });
v2/daemon/src/login/common.ts	40	atomicWriteFileSync(path, `${JSON.stringify(value, null, 2)}\n`, 0o600);
v2/daemon/src/login/common.ts	43	export function writePrivateRaw(path: string, raw: string): void {
v2/daemon/src/login/common.ts	44	mkdirSync(dirname(path), { recursive: true, mode: 0o700 });
v2/daemon/src/login/common.ts	45	atomicWriteFileSync(path, raw, 0o600);
v2/daemon/src/login/common.ts	49	export function safeMessage(error: unknown): string {
v2/daemon/src/login/directKey.ts	18	export function plausibleApiKey(value: string): boolean {
v2/daemon/src/login/directKey.ts	23	export function plausibleOption(value: string, kind: "url" | "text"): boolean {
v2/daemon/src/login/directKey.ts	35	export class DirectKeyRunner implements LoginRunner {
v2/daemon/src/login/directKey.ts	40	constructor(host: LoginRunnerHost, runner: "codex_api_key" | "opencode_api_key") {
v2/daemon/src/login/directKey.ts	45	async start(): Promise<LoginFlowRow> {
v2/daemon/src/login/directKey.ts	49	async submit(values: Record<string, string>, _fields: readonly LoginFieldDescriptor[]): Promise<LoginFlowRow> {
v2/daemon/src/login/directKey.ts	55	private async completeCodex(apiKey: string): Promise<LoginFlowRow> {
v2/daemon/src/login/directKey.ts	75	private async completeOpencode(apiKey: string, values: Record<string, string>): Promise<LoginFlowRow> {
v2/daemon/src/login/directKey.ts	127	tick(_now: number): void {}
v2/daemon/src/login/directKey.ts	129	async stop(): Promise<void> {}
v2/daemon/src/login/directKey.ts	131	workerStatus(): null {
v2/daemon/src/login/runner.ts	34	start(): Promise<LoginFlowRow>;
v2/daemon/src/login/runner.ts	39	submit(values: Record<string, string>, fields: readonly LoginFieldDescriptor[]): Promise<LoginFlowRow>;
v2/daemon/src/login/runner.ts	41	tick(now: number): void;
v2/daemon/src/login/runner.ts	43	stop(): Promise<void>;
v2/daemon/src/login/runner.ts	45	workerStatus(): LoginWorkerStatus | null;
v2/daemon/src/login/runner.ts	62	flow(): LoginFlowRow | null;
v2/daemon/src/login/runner.ts	64	stillActive(): boolean;
v2/daemon/src/login/runner.ts	66	isCurrent(runner: LoginRunner): boolean;
v2/daemon/src/login/runner.ts	68	release(runner: LoginRunner): void;
v2/daemon/src/login/runner.ts	70	resolveSpawner(): Promise<PtySpawner | null>;
v2/daemon/src/login/runner.ts	71	patch(patch: LoginFlowPatch, reason: string): LoginFlowRow;
v2/daemon/src/login/runner.ts	73	fail(error: LoginFlowError, retryable: boolean): LoginFlowRow;
v2/daemon/src/login/runner.ts	75	reask(error: LoginFlowError): LoginFlowRow;
v2/daemon/src/login/runner.ts	77	succeed(detail?: string): LoginFlowRow;
v2/daemon/src/login/transports.ts	31	export const CLAUDE_OAUTH_CLIENT_ID = "9d1c250a-e61b-44d9-88ed-5944d1962f5e";
v2/daemon/src/login/transports.ts	35	export const CLAUDE_OAUTH_AUTHORIZE_URL = "https://claude.com/cai/oauth/authorize";
v2/daemon/src/login/transports.ts	36	export const CLAUDE_OAUTH_TOKEN_URL = "https://platform.claude.com/v1/oauth/token";
v2/daemon/src/login/transports.ts	37	export const CLAUDE_OAUTH_REDIRECT_URI = "https://platform.claude.com/oauth/code/callback";
v2/daemon/src/login/transports.ts	38	export const CLAUDE_OAUTH_SCOPES = [
v2/daemon/src/login/transports.ts	47	async function checkedJson(response: Response): Promise<unknown> {
v2/daemon/src/login/transports.ts	52	function keyCheckFromStatus(status: number): KeyCheck {
v2/daemon/src/login/transports.ts	58	export function defaultLoginTransports(timeoutMs: number): LoginTransports {
v2/daemon/src/loginFlows.ts	93	export class LoginFlowService {
v2/daemon/src/loginFlows.ts	113	constructor(opts: LoginFlowServiceOptions) {
v2/daemon/src/loginFlows.ts	135	flowOf(flowId: string): LoginFlowRow | null {
v2/daemon/src/loginFlows.ts	140	workerStatus(flowId: string): LoginWorkerStatus | null {
v2/daemon/src/loginFlows.ts	145	hasRunner(flowId: string): boolean {
v2/daemon/src/loginFlows.ts	161	async start(account: AccountRow, opts: { methodId?: string | null; remote?: boolean } = {}): Promise<{ flow: LoginFlowRow; rejoined: boolean }> {
v2/daemon/src/loginFlows.ts	197	async selectMethod(flowId: string, methodId: string): Promise<LoginFlowRow> {
v2/daemon/src/loginFlows.ts	217	async submit(flowId: string, values: Record<string, string>): Promise<LoginFlowRow> {
v2/daemon/src/loginFlows.ts	248	async retry(flowId: string): Promise<LoginFlowRow> {
v2/daemon/src/loginFlows.ts	296	cancel(flowId: string): { flow: LoginFlowRow; applied: boolean } {
v2/daemon/src/loginFlows.ts	316	reconcileAtBoot(): { interrupted: string[]; legacySeatsKilled: string[] } {
v2/daemon/src/loginFlows.ts	336	cleanupLegacyLoginSeats(): string[] {
v2/daemon/src/loginFlows.ts	355	tick(): void {
v2/daemon/src/loginFlows.ts	386	async shutdown(): Promise<void> {
v2/daemon/src/loginFlows.ts	392	async abandonAccount(accountId: string): Promise<void> {
v2/daemon/src/loginFlows.ts	401	private async run(flowId: string, methodId: string): Promise<LoginFlowRow> {
v2/daemon/src/loginFlows.ts	420	private createRunner(host: LoginRunnerHost): LoginRunner | null {
v2/daemon/src/loginFlows.ts	435	private hostFor(flowId: string, account: AccountRow, method: RecipeMethod): LoginRunnerHost {
v2/daemon/src/loginFlows.ts	462	private async resolveSpawner(): Promise<PtySpawner | null> {
v2/daemon/src/loginFlows.ts	482	private patch(flowId: string, patch: LoginFlowPatch, reason: string): LoginFlowRow {
v2/daemon/src/loginFlows.ts	486	private fail(flowId: string, error: LoginFlowError, retryable: boolean): LoginFlowRow {
v2/daemon/src/loginFlows.ts	495	private reask(flowId: string, error: LoginFlowError): LoginFlowRow {
v2/daemon/src/loginFlows.ts	503	private succeed(flowId: string, accountId: string, detail: string = STATIC_DETAIL.succeeded): LoginFlowRow {
v2/daemon/src/loginFlows.ts	514	private stillActive(flowId: string): boolean {
v2/daemon/src/loginFlows.ts	519	private async stopRunner(flowId: string): Promise<void> {
v2/daemon/src/loginFlows.ts	526	private mustFlow(flowId: string): LoginFlowRow {
v2/daemon/src/loginFlows.ts	532	private mustActive(flowId: string): LoginFlowRow {
v2/daemon/src/loginFlows.ts	540	export class LoginFlowRefusal extends Error {
v2/daemon/src/loginFlows.ts	543	constructor(code: LoginFlowRefusal["code"], message: string) {
v2/daemon/src/loginFlows.ts	551	export function legacyLoginSeatName(accountId: string): string {
v2/daemon/src/loginWorker.ts	43	write(data: string): void;
v2/daemon/src/loginWorker.ts	44	onData(cb: (chunk: string) => void): void;
v2/daemon/src/loginWorker.ts	45	onExit(cb: (code: number | null, signal: string | null) => void): void;
v2/daemon/src/loginWorker.ts	47	kill(signal: NodeJS.Signals): void;
v2/daemon/src/loginWorker.ts	52	spawn(launch: PtyLaunch): PtyHandle;
v2/daemon/src/loginWorker.ts	56	spawn(
v2/daemon/src/loginWorker.ts	74	export function ensurePtySpawnHelperExecutable(resolveEntry: () => string = () => createRequire(import.meta.url).resolve("node-pty")): void {
v2/daemon/src/loginWorker.ts	87	export async function loadNodePtySpawner(
v2/daemon/src/loginWorker.ts	98	ensurePtySpawnHelperExecutable();
v2/daemon/src/loginWorker.ts	125	export function pipeSpawner(): PtySpawner {
v2/daemon/src/loginWorker.ts	161	function signalGroup(pid: number, signal: NodeJS.Signals, fallback: () => void): void {
v2/daemon/src/loginWorker.ts	193	export function cleanTerminalText(raw: string): string {
v2/daemon/src/loginWorker.ts	231	function compile(source: string): RegExp {
v2/daemon/src/loginWorker.ts	241	export class LoginOutputParser {
v2/daemon/src/loginWorker.ts	255	constructor(opts: LoginOutputParserOptions) {
v2/daemon/src/loginWorker.ts	275	mask(secret: string): void {
v2/daemon/src/loginWorker.ts	279	feed(raw: string, now: number): ParsedLoginState {
v2/daemon/src/loginWorker.ts	299	settle(now: number): ParsedLoginState {
v2/daemon/src/loginWorker.ts	305	consumePrompt(): void {
v2/daemon/src/loginWorker.ts	309	private clean(raw: string): string {
v2/daemon/src/loginWorker.ts	315	state(): ParsedLoginState {
v2/daemon/src/loginWorker.ts	319	private scan(text: string, isPending: boolean): void {
v2/daemon/src/loginWorker.ts	392	export class LoginWorker {
v2/daemon/src/loginWorker.ts	404	constructor(opts: LoginWorkerOptions) {
v2/daemon/src/loginWorker.ts	418	start(): void {
v2/daemon/src/loginWorker.ts	443	submit(value: string, secret: boolean): void {
v2/daemon/src/loginWorker.ts	454	kill(): Promise<void> {
v2/daemon/src/loginWorker.ts	471	status(): LoginWorkerStatus {
v2/daemon/src/loginWorker.ts	485	settle(): void {
v2/daemon/src/loginWorker.ts	489	private onData(chunk: string): void {
v2/daemon/src/loginWorker.ts	503	private diff(next: ParsedLoginState): void {
v2/daemon/src/loginWorker.ts	512	private clearSettle(): void {
v2/daemon/src/loops.ts	88	executorCrash(): ExecutorCrashPoint;
v2/daemon/src/loops.ts	89	driverTimeout(): boolean;
v2/daemon/src/loops.ts	96	export class ExecutorCrashError extends Error {
v2/daemon/src/loops.ts	99	constructor(point: ExecutorCrashPoint) {
v2/daemon/src/loops.ts	199	export class DaemonCore {
v2/daemon/src/loops.ts	213	constructor(opts: DaemonCoreOptions) {
v2/daemon/src/loops.ts	231	boot(): BootReport {
v2/daemon/src/loops.ts	272	step(): void {
v2/daemon/src/loops.ts	276	private stepPhases(): void {
v2/daemon/src/loops.ts	307	observe(): void {
v2/daemon/src/loops.ts	328	private refreshSnapshot(current: StepSnapshot, takenAtSeq: number): { snapshot: StepSnapshot; seq: number } {
v2/daemon/src/loops.ts	339	private stepSnapshot(): StepSnapshot {
v2/daemon/src/loops.ts	355	private taskSupplyLoop(): void {
v2/daemon/src/loops.ts	370	private drainObservations(): void {
v2/daemon/src/loops.ts	376	private applyObservation(obs: DriverObservation): void {
v2/daemon/src/loops.ts	492	private ensureWake(beeId: string): boolean {
v2/daemon/src/loops.ts	507	private ensureBootRetry(beeId: string): boolean {
v2/daemon/src/loops.ts	530	private expireFlags(): void {
v2/daemon/src/loops.ts	544	private applyEvidence(): void {
v2/daemon/src/loops.ts	583	private reviveAfterStopIfRequested(beeId: string, generation: number): void {
v2/daemon/src/loops.ts	607	private applySessionIds(): void {
v2/daemon/src/loops.ts	626	private applyObservationCursors(): void {
v2/daemon/src/loops.ts	644	private pendingStopExists(beeId: string, generation: number): boolean {
v2/daemon/src/loops.ts	655	private bootHangPolicy(rows: BeeViewRow[]): void {
v2/daemon/src/loops.ts	670	private scaleToZeroPolicy(rows: BeeViewRow[], pendingByBee: Map<string, MessageRow[]>): void {
v2/daemon/src/loops.ts	690	private degradedMailPolicy(rows: BeeViewRow[], pendingByBee: Map<string, MessageRow[]>): void {
v2/daemon/src/loops.ts	706	private executeCommands(): void {
v2/daemon/src/loops.ts	741	private startRuntime(cmd: CommandRow, generation: number): boolean {
v2/daemon/src/loops.ts	755	private recordProcAtSpawn(beeId: string, generation: number): void {
v2/daemon/src/loops.ts	762	private execute(cmd: CommandRow): boolean {
v2/daemon/src/loops.ts	895	private deliveryLoop(rows: BeeViewRow[], pendingByBee: Map<string, MessageRow[]>): void {
v2/daemon/src/loops.ts	960	private i1Telemetry(rows: BeeViewRow[], pendingByBee: Map<string, MessageRow[]>): void {
v2/daemon/src/main.ts	16	export function parseDaemonRunArgs(argv: string[]): DaemonRunArgs {
v2/daemon/src/main.ts	28	export function resolveDaemonConfig(args: DaemonRunArgs): ResolvedNodeConfig {
v2/daemon/src/main.ts	35	export async function runDaemon(argv: string[]): Promise<number> {
v2/daemon/src/naming.ts	27	export const TITLE_SYSTEM_PROMPT =
v2/daemon/src/naming.ts	37	export function stripSessionEnvelopes(value: string): string {
v2/daemon/src/naming.ts	42	export function linearIssueIdentifier(value: string): string | undefined {
v2/daemon/src/naming.ts	60	export function isThinOpener(value: string): boolean {
v2/daemon/src/naming.ts	69	function clampContext(value: string, preserveTail = false): string {
v2/daemon/src/naming.ts	82	export function sanitizeContextField(value: string): string {
v2/daemon/src/naming.ts	86	export function buildTitlePrompt(context: TitleContext): string {
v2/daemon/src/naming.ts	91	export function buildTitleContentPrompt(context: TitleContext): string {
v2/daemon/src/naming.ts	108	export function normalizeGeneratedTitle(raw: string, context?: TitleContext): string | undefined {
v2/daemon/src/naming.ts	140	export async function generateTitle(
v2/daemon/src/naming.ts	155	export function clampUserMessage(value: string): string {
v2/daemon/src/naming.ts	159	export async function runTitleGenerator(prompt: string, config: ResolvedNamingConfig): Promise<string> {
v2/daemon/src/naming.ts	181	async function ensureGeneratorCwd(dir: string): Promise<string> {
v2/daemon/src/naming.ts	186	async function runClaudeGenerator(prompt: string, model: string, generatorCwd: string): Promise<string> {
v2/daemon/src/naming.ts	202	async function runCodexGenerator(
v2/daemon/src/naming.ts	231	async function runCustomGenerator(command: string, prompt: string, generatorCwd: string): Promise<string> {
v2/daemon/src/naming.ts	239	function execFileAsync(file: string, args: string[], cwd: string, stdin?: string): Promise<{ stdout: string }> {
v2/daemon/src/naming.ts	268	export function describeExecError(error: ExecError, stdout: string, stderr: string): string {
v2/daemon/src/naming.ts	282	export function failureDetail(stdout: string, stderr: string): string {
v2/daemon/src/namingService.ts	71	export function openAiNamingRates(model: string): OpenAiNamingRates | null {
v2/daemon/src/namingService.ts	75	function integerField(object: JsonObject | null, key: string): number | null {
v2/daemon/src/namingService.ts	80	function openAiUsage(body: JsonObject): OpenAiUsage | null {
v2/daemon/src/namingService.ts	95	export function estimateOpenAiNamingCostNanoUsd(
v2/daemon/src/namingService.ts	122	function asObject(value: unknown): JsonObject | null {
v2/daemon/src/namingService.ts	128	function errorMessage(value: unknown, fallback: string): string {
v2/daemon/src/namingService.ts	135	export class CodexNamingAppServer {
v2/daemon/src/namingService.ts	150	constructor(options: TitleGeneratorServiceOptions = {}) {
v2/daemon/src/namingService.ts	157	async warm(): Promise<void> {
v2/daemon/src/namingService.ts	161	generate(prompt: string, config: ResolvedNamingConfig): Promise<string> {
v2/daemon/src/namingService.ts	167	close(): void {
v2/daemon/src/namingService.ts	172	private async generateOnce(prompt: string, config: ResolvedNamingConfig): Promise<string> {
v2/daemon/src/namingService.ts	213	private ensureStarted(): Promise<void> {
v2/daemon/src/namingService.ts	229	private async startProcess(): Promise<void> {
v2/daemon/src/namingService.ts	254	private request(method: string, params: JsonObject): Promise<JsonObject> {
v2/daemon/src/namingService.ts	276	private notify(method: string, params: JsonObject): void {
v2/daemon/src/namingService.ts	280	private waitForTurn(threadId: string): Promise<string> {
v2/daemon/src/namingService.ts	291	private onData(chunk: Buffer): void {
v2/daemon/src/namingService.ts	306	private onLine(line: string): void {
v2/daemon/src/namingService.ts	337	private onNotification(method: string, params: JsonObject): void {
v2/daemon/src/namingService.ts	370	private onExit(child: ChildProcessWithoutNullStreams, error: Error): void {
v2/daemon/src/namingService.ts	377	private reset(error: Error): void {
v2/daemon/src/namingService.ts	394	export class TitleGeneratorService {
v2/daemon/src/namingService.ts	402	constructor(options: TitleGeneratorServiceOptions = {}) {
v2/daemon/src/namingService.ts	411	warm(config: ResolvedNamingConfig): void {
v2/daemon/src/namingService.ts	418	reconfigure(config: ResolvedNamingConfig): void {
v2/daemon/src/namingService.ts	423	async generate(context: TitleContext, config: ResolvedNamingConfig): Promise<string> {
v2/daemon/src/namingService.ts	471	close(): void {
v2/daemon/src/namingService.ts	475	private emitUsage(usage: RecordNamingUsageInput): void {
v2/daemon/src/namingService.ts	490	private apiUsageFields(api: OpenAiRunResult | null, model: string): Partial<RecordNamingUsageInput> {
v2/daemon/src/namingService.ts	503	private async runOpenAi(prompt: string, config: ResolvedNamingConfig): Promise<OpenAiRunResult> {
v2/daemon/src/performance.ts	41	end(outcome?: PerformanceSpanOutcome): void;
v2/daemon/src/performance.ts	45	startSpan(name: PerformanceSpanName): PerformanceSpan;
v2/daemon/src/performance.ts	50	start(): void;
v2/daemon/src/performance.ts	51	stop(): void;
v2/daemon/src/performance.ts	105	function rpcSpanName(verb: RpcVerb): `rpc.${RpcVerb}` {
v2/daemon/src/performance.ts	109	export function rpcPerformanceSpanName(verb: RpcVerb): PerformanceSpanName {
v2/daemon/src/performance.ts	122	export const NOOP_PERFORMANCE: PerformanceProfiler = Object.freeze({
v2/daemon/src/performance.ts	201	function boundedInteger(
v2/daemon/src/performance.ts	216	function limitsFrom(
v2/daemon/src/performance.ts	249	function emptyResourceSummary(): ResourceSummary {
v2/daemon/src/performance.ts	264	function traceBytes(eventCount: number, eventBytes: number): number {
v2/daemon/src/performance.ts	269	function nanosecondsToMicroseconds(value: bigint): number {
v2/daemon/src/performance.ts	278	constructor(directory: string, limits: PerformanceLimits, log: (operation: string) => void) {
v2/daemon/src/performance.ts	283	start(): void {
v2/daemon/src/performance.ts	330	startSpan(name: PerformanceSpanName): PerformanceSpan {
v2/daemon/src/performance.ts	364	stop(): void {
v2/daemon/src/performance.ts	401	private finishSpan(
v2/daemon/src/performance.ts	435	private recordSpanStats(
v2/daemon/src/performance.ts	468	private appendEvent(session: RecordingSession, event: string): boolean {
v2/daemon/src/performance.ts	494	private sample(session: RecordingSession): void {
v2/daemon/src/performance.ts	586	private cap(session: RecordingSession, reason: StopReason): void {
v2/daemon/src/performance.ts	594	private stopTimers(session: RecordingSession): void {
v2/daemon/src/performance.ts	603	private writeArtifacts(session: RecordingSession, reason: StopReason): void {
v2/daemon/src/performance.ts	639	private summaryText(
v2/daemon/src/performance.ts	685	private diagnoseOnce(operation: string): void {
v2/daemon/src/performance.ts	696	export function createPerformanceProfiler(
v2/daemon/src/protocol.ts	59	export const PROTOCOL = "v2/1";
v2/daemon/src/protocol.ts	60	export const DAEMON_VERSION = "2.0.0-wp4";
v2/daemon/src/protocol.ts	68	export const DAEMON_CAPABILITIES = [
v2/daemon/src/protocol.ts	106	export const RPC_ERROR_CODES = [
v2/daemon/src/protocol.ts	185	export const RPC_VERBS = [
v2/daemon/src/protocol.ts	854	export const SPAWN_SUBSTRATES = ["hsr", "cell", "tmux"] as const;
v2/daemon/src/protocol.ts	1223	export class RpcError extends Error {
v2/daemon/src/protocol.ts	1226	constructor(code: RpcErrorCode, message: string) {
v2/daemon/src/providerLimits.ts	32	export function defaultProviderLimitsHttp(timeoutMs: number): ProviderLimitsHttp {
v2/daemon/src/providerLimits.ts	58	function readObject(path: string): Record<string, unknown> | null {
v2/daemon/src/providerLimits.ts	67	function writePrivateJson(path: string, value: Record<string, unknown>): void {
v2/daemon/src/providerLimits.ts	68	mkdirSync(dirname(path), { recursive: true, mode: 0o700 });
v2/daemon/src/providerLimits.ts	69	atomicWriteFileSync(path, JSON.stringify(value));
v2/daemon/src/providerLimits.ts	72	function unreadable(reason: PutAccountLimitsInput["unreadableReason"], error: string): PutAccountLimitsInput {
v2/daemon/src/providerLimits.ts	76	function numberField(value: unknown): number | undefined {
v2/daemon/src/providerLimits.ts	85	function percentWindow(used: number, resetsAt?: number, windowMinutes?: number): ProviderWindow {
v2/daemon/src/providerLimits.ts	107	function grokCredential(options: ProviderLimitsOptions): { document: Record<string, unknown>; entryKey: string; entry: GrokAuthEntry } | null {
v2/daemon/src/providerLimits.ts	125	async function grokAccessToken(options: ProviderLimitsOptions): Promise<string | PutAccountLimitsInput> {
v2/daemon/src/providerLimits.ts	162	writePrivateJson(join(options.account.homePath, "auth.json"), document);
v2/daemon/src/providerLimits.ts	163	writePrivateJson(join(options.vaultDir, "auth.json"), document);
v2/daemon/src/providerLimits.ts	180	function xaiValue(value: XaiValue | undefined): number | undefined {
v2/daemon/src/providerLimits.ts	186	function grokBillingWindow(config: XaiBilling["config"]): ProviderWindow | null {
v2/daemon/src/providerLimits.ts	206	async function grokLimits(options: ProviderLimitsOptions): Promise<PutAccountLimitsInput> {
v2/daemon/src/providerLimits.ts	224	function kimiCredential(options: ProviderLimitsOptions): KimiCredential | null {
v2/daemon/src/providerLimits.ts	233	async function kimiAccessToken(options: ProviderLimitsOptions): Promise<string | PutAccountLimitsInput> {
v2/daemon/src/providerLimits.ts	269	writePrivateJson(join(options.account.homePath, "credentials", "kimi-code.json"), update);
v2/daemon/src/providerLimits.ts	270	writePrivateJson(join(options.vaultDir, "credentials", "kimi-code.json"), update);
v2/daemon/src/providerLimits.ts	281	function kimiMinutes(window: { duration?: number; timeUnit?: string } | undefined): number | undefined {
v2/daemon/src/providerLimits.ts	290	function kimiWindow(usage: KimiUsage | undefined, minutes: number): ProviderWindow | null {
v2/daemon/src/providerLimits.ts	298	async function kimiLimits(options: ProviderLimitsOptions): Promise<PutAccountLimitsInput> {
v2/daemon/src/providerLimits.ts	326	async function cursorLimits(options: ProviderLimitsOptions): Promise<PutAccountLimitsInput> {
v2/daemon/src/providerLimits.ts	389	function openCodeCredential(options: ProviderLimitsOptions): { provider: "minimax-coding-plan" | "zai-coding-plan"; token: string } | null {
v2/daemon/src/providerLimits.ts	405	async function miniMaxLimits(options: ProviderLimitsOptions, token: string): Promise<PutAccountLimitsInput> {
v2/daemon/src/providerLimits.ts	434	async function zaiLimits(options: ProviderLimitsOptions, token: string): Promise<PutAccountLimitsInput> {
v2/daemon/src/providerLimits.ts	447	async function openCodeLimits(options: ProviderLimitsOptions): Promise<PutAccountLimitsInput> {
v2/daemon/src/providerLimits.ts	455	export async function fetchSecondaryProviderLimits(options: ProviderLimitsOptions): Promise<PutAccountLimitsInput> {
v2/daemon/src/rpc.ts	46	send(obj: unknown): void;
v2/daemon/src/rpc.ts	48	subscribeWatch(cursor: number): void;
v2/daemon/src/rpc.ts	50	alignWatch(cursor: number): void;
v2/daemon/src/rpc.ts	75	function isRpcVerb(value: unknown): value is RpcVerb {
v2/daemon/src/rpc.ts	80	export function toRpcError(err: unknown): { code: RpcErrorCode; message: string } {
v2/daemon/src/rpc.ts	102	export class RpcServer {
v2/daemon/src/rpc.ts	109	constructor(opts: RpcServerOptions) {
v2/daemon/src/rpc.ts	115	listen(): Promise<void> {
v2/daemon/src/rpc.ts	129	close(): Promise<void> {
v2/daemon/src/rpc.ts	149	flushWatch(latestSeq: number, eventsSince: (fromSeq: number) => AuditRow[], maxBatch: number): void {
v2/daemon/src/rpc.ts	175	private onConnection(socket: Socket): void {
v2/daemon/src/rpc.ts	204	private onData(conn: Connection, chunk: string): void {
v2/daemon/src/rpc.ts	216	private onFrame(conn: Connection, line: string): void {
v2/daemon/src/service.ts	46	renderServiceFile(): string;
v2/daemon/src/service.ts	48	install(): Promise<void>;
v2/daemon/src/service.ts	49	uninstall(): Promise<void>;
v2/daemon/src/service.ts	50	start(): Promise<void>;
v2/daemon/src/service.ts	51	stop(): Promise<void>;
v2/daemon/src/service.ts	52	status(): Promise<ServiceStatus>;
v2/daemon/src/service.ts	55	export class ServiceError extends Error {
v2/daemon/src/service.ts	56	constructor(message: string) {
v2/daemon/src/service.ts	62	function xmlEscape(s: string): string {
v2/daemon/src/service.ts	71	export function renderLaunchdPlist(spec: ServiceSpec): string {
v2/daemon/src/service.ts	113	function unitEscape(s: string): string {
v2/daemon/src/service.ts	119	export function renderSystemdUnit(spec: ServiceSpec): string {
v2/daemon/src/service.ts	143	async function must(run: ExecRunner, cmd: string, args: string[]): Promise<ExecResult> {
v2/daemon/src/service.ts	160	export class LaunchdServiceManager implements ServiceManager {
v2/daemon/src/service.ts	166	constructor(spec: ServiceSpec, deps: LaunchdDeps) {
v2/daemon/src/service.ts	172	renderServiceFile(): string {
v2/daemon/src/service.ts	180	async install(): Promise<void> {
v2/daemon/src/service.ts	185	async uninstall(): Promise<void> {
v2/daemon/src/service.ts	190	async start(): Promise<void> {
v2/daemon/src/service.ts	202	async stop(): Promise<void> {
v2/daemon/src/service.ts	221	async status(): Promise<ServiceStatus> {
v2/daemon/src/service.ts	237	export class SystemdServiceManager implements ServiceManager {
v2/daemon/src/service.ts	243	constructor(spec: ServiceSpec, deps: SystemdDeps) {
v2/daemon/src/service.ts	249	renderServiceFile(): string {
v2/daemon/src/service.ts	253	async install(): Promise<void> {
v2/daemon/src/service.ts	259	async uninstall(): Promise<void> {
v2/daemon/src/service.ts	265	async start(): Promise<void> {
v2/daemon/src/service.ts	269	async stop(): Promise<void> {
v2/daemon/src/service.ts	273	async status(): Promise<ServiceStatus> {
v2/daemon/src/service.ts	284	export function createServiceManager(
v2/daemon/src/substrates.ts	42	substrateOf(beeId: string): string | null;
v2/daemon/src/substrates.ts	45	export class SubstrateRouter implements RuntimeDriver {
v2/daemon/src/substrates.ts	51	constructor(cfg: SubstrateRouterConfig) {
v2/daemon/src/substrates.ts	59	driverFor(beeId: string, generation?: number): SubstrateDriver {
v2/daemon/src/substrates.ts	75	start(beeId: string, generation: number): void {
v2/daemon/src/substrates.ts	79	deliver(beeId: string, generation: number, messageId: number, body: string): DeliverOutcome {
v2/daemon/src/substrates.ts	83	stop(beeId: string, generation: number, cause: StopCause): { hadProcess: boolean } {
v2/daemon/src/substrates.ts	87	interrupt(beeId: string, generation: number): InterruptOutcome {
v2/daemon/src/substrates.ts	91	observe(): DriverObservation[] {
v2/daemon/src/substrates.ts	95	hasProcess(beeId: string, generation: number): boolean {
v2/daemon/src/substrates.ts	99	snapshotLive(): LiveProcess[] {
v2/daemon/src/substrates.ts	107	adopt(
v2/daemon/src/substrates.ts	127	isDegraded(beeId: string, generation: number): boolean {
v2/daemon/src/substrates.ts	131	procOf(
v2/daemon/src/substrates.ts	138	observeEvidence(): FlagEvidence[] {
v2/daemon/src/substrates.ts	142	observeSessions(): SessionEvidence[] {
v2/daemon/src/substrates.ts	146	observeRecoveryCursors(): ObservationCursorEvidence[] {
v2/daemon/src/substrates.ts	151	sessionLogPath(beeId: string): string {
v2/daemon/src/substrates.ts	155	liveProcesses(): LiveProcess[] {
v2/daemon/src/substrates.ts	159	detachAll(): void {
v2/daemon/src/substrates.ts	165	disposeAll(): void {
v2/daemon/src/telemetry.ts	45	export function formatI1Violation(v: I1ViolationEvent, ops: string[]): string {
v2/daemon/src/telemetry.ts	55	export class TelemetryStore {
v2/daemon/src/telemetry.ts	59	constructor(path: string) {
v2/daemon/src/telemetry.ts	66	recordI1(v: I1ViolationEvent, ops: string[] = []): boolean {
v2/daemon/src/telemetry.ts	76	i1Count(): number {
v2/daemon/src/telemetry.ts	83	listI1(): I1ViolationRow[] {
v2/daemon/src/telemetry.ts	100	close(): void {
v2/daemon/src/tmuxHarness.ts	33	function envHome(env: Record<string, string>, key: string, fallback: string): string {
v2/daemon/src/tmuxHarness.ts	38	export function tmuxDeliveryMode(agent: string): "paste" | "type" {
v2/daemon/src/tmuxHarness.ts	42	export function tmuxObservationFor(bee: TmuxBee): ObservationSpec {
v2/daemon/src/tmuxHarness.ts	89	export function tmuxArgsFor(agent: string, beeArgs: string[] | null): string[] {
v2/daemon/src/tmuxHarness.ts	100	export function tmuxSpawnSpec(spec: AgentSpecConfig, bee: TmuxBee): TmuxSpawnSpec {
v2/driver-cell/src/capture.ts	60	export function transientRefFor(opId: string): string {
v2/driver-cell/src/capture.ts	65	function report(partial: Partial<CaptureReport> & Pick<CaptureReport, "status" | "targetBranch" | "mode">): CaptureReport {
v2/driver-cell/src/capture.ts	77	function conflictedPaths(repo: string): string[] {
v2/driver-cell/src/capture.ts	86	export function captureWork(req: CaptureRequest): CaptureReport {
v2/driver-cell/src/cow.ts	19	export function cowPlatform(p: string = platform()): CowPlatform | null {
v2/driver-cell/src/cow.ts	25	export function cowCopyArgs(p: CowPlatform, recursive: boolean, src: string, dest: string): string[] {
v2/driver-cell/src/cow.ts	34	export function cowCopy(p: CowPlatform, src: string, dest: string, opts: { recursive?: boolean } = {}): boolean {
v2/driver-cell/src/cow.ts	45	export function probeCow(srcDir: string, scratchDir: string, p: CowPlatform | null = cowPlatform()): boolean {
v2/driver-cell/src/cow.ts	70	export function probeCowWritable(srcDir: string, destDir: string, p: CowPlatform | null = cowPlatform()): boolean {
v2/driver-cell/src/driver.ts	63	resolveHarness(beeId: string): SpawnSpec;
v2/driver-cell/src/driver.ts	65	resolveCell(beeId: string): CellSpec;
v2/driver-cell/src/driver.ts	93	export class CellRuntimeLiveError extends Error {
v2/driver-cell/src/driver.ts	94	constructor(beeId: string) {
v2/driver-cell/src/driver.ts	100	export class CellDriver implements RuntimeDriver {
v2/driver-cell/src/driver.ts	112	constructor(cfg: CellDriverConfig) {
v2/driver-cell/src/driver.ts	124	start(beeId: string, generation: number): void {
v2/driver-cell/src/driver.ts	183	deliver(beeId: string, generation: number, messageId: number, body: string): DeliverOutcome {
v2/driver-cell/src/driver.ts	187	stop(beeId: string, generation: number, cause: StopCause): { hadProcess: boolean } {
v2/driver-cell/src/driver.ts	199	interrupt(beeId: string, generation: number): InterruptOutcome {
v2/driver-cell/src/driver.ts	203	observe(): DriverObservation[] {
v2/driver-cell/src/driver.ts	221	hasProcess(beeId: string, generation: number): boolean {
v2/driver-cell/src/driver.ts	225	snapshotLive(): LiveProcess[] {
v2/driver-cell/src/driver.ts	233	adopt(
v2/driver-cell/src/driver.ts	253	isDegraded(beeId: string, generation: number): boolean {
v2/driver-cell/src/driver.ts	257	procOf(
v2/driver-cell/src/driver.ts	264	observeEvidence(): FlagEvidence[] {
v2/driver-cell/src/driver.ts	268	observeSessions(): SessionEvidence[] {
v2/driver-cell/src/driver.ts	272	observeRecoveryCursors(): ObservationCursorEvidence[] {
v2/driver-cell/src/driver.ts	276	sessionLogPath(beeId: string): string {
v2/driver-cell/src/driver.ts	280	observationLogPath(beeId: string, generation: number): string {
v2/driver-cell/src/driver.ts	284	consumedGeneration(messageId: number): number | undefined {
v2/driver-cell/src/driver.ts	288	consumedCount(): number {
v2/driver-cell/src/driver.ts	292	liveProcesses(): LiveProcess[] {
v2/driver-cell/src/driver.ts	296	detachAll(): void {
v2/driver-cell/src/driver.ts	301	disposeAll(): void {
v2/driver-cell/src/driver.ts	311	ensureCell(beeId: string, opId: string): ProvisionedCell {
v2/driver-cell/src/driver.ts	329	cellOf(beeId: string): ProvisionedCell | null {
v2/driver-cell/src/driver.ts	362	capture(beeId: string, opts: { targetBranch: string; mode: CaptureMode; opId: string }): CaptureReport {
v2/driver-cell/src/driver.ts	382	removeCell(beeId: string, opts: { force?: boolean } = {}): DeleteResult {
v2/driver-cell/src/driver.ts	408	private reservedOf(beeId: string): { paths: CellPaths; ledger: CellLedger } | null {
v2/driver-cell/src/driver.ts	431	private finishProvision(pending: PendingProvision): void {
v2/driver-cell/src/driver.ts	451	private failProvision(pending: PendingProvision, detail: string): void {
v2/driver-cell/src/driver.ts	464	private cancelPending(): void {
v2/driver-cell/src/driver.ts	475	private resolveCellSpawn(beeId: string): SpawnSpec {
v2/driver-cell/src/git.ts	11	export class GitError extends Error {
v2/driver-cell/src/git.ts	16	constructor(args: string[], exitCode: number | null, stderr: string) {
v2/driver-cell/src/git.ts	31	export function gitEnv(extra: Record<string, string> = {}): Record<string, string> {
v2/driver-cell/src/git.ts	52	export function tryGit(cwd: string, args: string[]): GitResult {
v2/driver-cell/src/git.ts	59	export function git(cwd: string, args: string[]): string {
v2/driver-cell/src/git.ts	66	export function revParse(repo: string, ref: string): string | null {
v2/driver-cell/src/git.ts	72	export function isAncestor(repo: string, ancestor: string, descendant: string): boolean {
v2/driver-cell/src/git.ts	78	export function hasCommit(repo: string, sha: string): boolean {
v2/driver-cell/src/git.ts	84	export function currentBranch(repo: string): string | null {
v2/driver-cell/src/git.ts	90	export function porcelainStatus(repo: string): string {
v2/driver-cell/src/git.ts	95	export function refSet(repo: string): string {
v2/driver-cell/src/gitImage.ts	38	export const CELL_GIT_IMAGE_VERSION = 1 as const;
v2/driver-cell/src/gitImage.ts	70	export function gitImagesRootForCells(cellsRoot: string): string {
v2/driver-cell/src/gitImage.ts	74	function canonicalOrigin(originRepo: string): string {
v2/driver-cell/src/gitImage.ts	78	function objectFormatOf(originRepo: string): "sha1" | "sha256" {
v2/driver-cell/src/gitImage.ts	86	export function gitImageRepoKey(originRepo: string): string {
v2/driver-cell/src/gitImage.ts	92	function repoKeyOf(origin: string, objectFormat: "sha1" | "sha256"): string {
v2/driver-cell/src/gitImage.ts	96	function repoImageRoot(imagesRoot: string, repoKey: string): string {
v2/driver-cell/src/gitImage.ts	100	function generationDir(imagesRoot: string, pointer: GitImagePointer): string {
v2/driver-cell/src/gitImage.ts	104	function imageGitDir(imagesRoot: string, pointer: GitImagePointer): string {
v2/driver-cell/src/gitImage.ts	108	function isPointer(value: unknown): value is GitImagePointer {
v2/driver-cell/src/gitImage.ts	124	function readJson(path: string): unknown {
v2/driver-cell/src/gitImage.ts	132	function samePointer(a: GitImagePointer, b: GitImagePointer): boolean {
v2/driver-cell/src/gitImage.ts	143	export function readCurrentGitImage(imagesRoot: string, originRepo: string): GitImagePointer | null {
v2/driver-cell/src/gitImage.ts	169	function writeJsonAtomic(path: string, value: unknown): void {
v2/driver-cell/src/gitImage.ts	170	mkdirSync(dirname(path), { recursive: true });
v2/driver-cell/src/gitImage.ts	172	writeFileSync(tmp, `${JSON.stringify(value, null, 2)}\n`);
v2/driver-cell/src/gitImage.ts	173	renameSync(tmp, path);
v2/driver-cell/src/gitImage.ts	176	function configureFreshCellGit(spaceDir: string, originRepo: string, emptyHooksDir: string): void {
v2/driver-cell/src/gitImage.ts	177	mkdirSync(emptyHooksDir, { recursive: true });
v2/driver-cell/src/gitImage.ts	244	export function tryMaterializeGitImage(
v2/driver-cell/src/gitImage.ts	284	function acquireBuildLock(repoRoot: string, now: number): string | null {
v2/driver-cell/src/gitImage.ts	286	mkdirSync(repoRoot, { recursive: true });
v2/driver-cell/src/gitImage.ts	316	function releaseBuildLock(repoRoot: string, token: string): void {
v2/driver-cell/src/gitImage.ts	329	function cleanupAbandonedStaging(repoRoot: string): void {
v2/driver-cell/src/gitImage.ts	342	function packRevision(
v2/driver-cell/src/gitImage.ts	348	mkdirSync(join(destGitDir, "objects", "pack"), { recursive: true });
v2/driver-cell/src/gitImage.ts	365	function commonGitDir(originRepo: string): string {
v2/driver-cell/src/gitImage.ts	378	function seedOriginPacks(
v2/driver-cell/src/gitImage.ts	392	rmSync(dest, { recursive: true, force: true });
v2/driver-cell/src/gitImage.ts	422	function initBare(repoRoot: string, destGitDir: string, objectFormat: "sha1" | "sha256"): void {
v2/driver-cell/src/gitImage.ts	426	git(repoRoot, args);
v2/driver-cell/src/gitImage.ts	429	function copyPreviousPacks(
v2/driver-cell/src/gitImage.ts	437	rmSync(dest, { recursive: true, force: true });
v2/driver-cell/src/gitImage.ts	449	function validatePackedImage(repoGit: string, sha: string): void {
v2/driver-cell/src/gitImage.ts	451	git(repoGit, ["fsck", "--connectivity-only", "--no-dangling", sha]);
v2/driver-cell/src/gitImage.ts	460	function packCount(repoGit: string): number {
v2/driver-cell/src/gitImage.ts	464	function cleanupOldGenerations(repoRoot: string, current: GitImagePointer, now: number): void {
v2/driver-cell/src/gitImage.ts	488	export function refreshGitImage(
v2/driver-cell/src/layout.ts	17	export const CELL_SPACE_DIRECTORY = /^[a-z0-9][a-z0-9-]*-space-[a-z0-9]+$/;
v2/driver-cell/src/layout.ts	38	export function sanitizeComponent(raw: string): string {
v2/driver-cell/src/layout.ts	47	export function cellPaths(cellsRoot: string, wrapper: string, repoName: string, cellId: string): CellPaths {
v2/driver-cell/src/layout.ts	74	export function parseSpaceName(spaceName: string): { repoName: string; cellId: string } | null {
v2/driver-cell/src/layout.ts	87	export function looksLikeCellWrapper(wrapperDir: string, entries: string[]): boolean {
v2/driver-cell/src/ledger.ts	57	export function newLedger(init: {
v2/driver-cell/src/ledger.ts	81	export function readLedger(path: string): CellLedger | null {
v2/driver-cell/src/ledger.ts	96	export function writeLedger(path: string, ledger: CellLedger): void {
v2/driver-cell/src/ledger.ts	97	mkdirSync(dirname(path), { recursive: true });
v2/driver-cell/src/ledger.ts	99	writeFileSync(tmp, `${JSON.stringify(ledger, null, 2)}\n`);
v2/driver-cell/src/ledger.ts	100	renameSync(tmp, path);
v2/driver-cell/src/ledger.ts	104	export function operationOf(ledger: CellLedger, opId: string, now: number): LedgerOperation {
v2/driver-cell/src/ledger.ts	113	export function isProvisioned(ledger: CellLedger): boolean {
v2/driver-cell/src/provision.ts	94	function sleepSync(ms: number): void {
v2/driver-cell/src/provision.ts	110	function materializeProvisionGitImage(
v2/driver-cell/src/provision.ts	159	export const COW_SCRUB_FILES = [
v2/driver-cell/src/provision.ts	171	export const COW_SCRUB_DIRS = ["rebase-merge", "rebase-apply", "sequencer"] as const;
v2/driver-cell/src/provision.ts	173	function scrubCowGitDir(gitDir: string): void {
v2/driver-cell/src/provision.ts	208	export function reserveCell(
v2/driver-cell/src/provision.ts	235	writeLedger(paths.ledgerPath, ledger);
v2/driver-cell/src/provision.ts	244	export function provisionRequestOf(ledger: CellLedger): ProvisionRequest | null {
v2/driver-cell/src/provision.ts	264	export function provisionCell(
v2/driver-cell/src/provision.ts	273	mkdirSync(paths.boxDir, { recursive: true });
v2/driver-cell/src/provision.ts	305	function runProvisionOperation(
v2/driver-cell/src/provision.ts	335	save();
v2/driver-cell/src/provision.ts	426	save();
v2/driver-cell/src/provisionWorker.ts	27	async function waitForMaintenanceStart(): Promise<void> {
v2/driver-cell/src/remove.ts	26	export class CellDeleteRefused extends Error {
v2/driver-cell/src/remove.ts	29	constructor(wrapperDir: string, report: DirtyReport) {
v2/driver-cell/src/remove.ts	41	export class CellShapeError extends Error {
v2/driver-cell/src/remove.ts	42	constructor(path: string, why: string) {
v2/driver-cell/src/remove.ts	49	function spaceDirOf(wrapperDir: string): string {
v2/driver-cell/src/remove.ts	63	export function dirtyReport(wrapperDir: string): DirtyReport {
v2/driver-cell/src/remove.ts	98	export function deleteCell(wrapperDir: string, opts: { force?: boolean } = {}): DeleteResult {
v2/driver-cell/src/sandbox.ts	19	export const NODE_KINDS: readonly NodeKind[] = ["workstation", "satellite", "cloud"];
v2/driver-cell/src/sandbox.ts	22	export function sandboxDefaultFor(kind: NodeKind): boolean {
v2/driver-cell/src/sandbox.ts	27	export function sandboxEnabled(kind: NodeKind, cellOverride: boolean | null | undefined): boolean {
v2/driver-cell/src/sandbox.ts	41	export function defaultScratchPaths(osPlatform: string = platform()): string[] {
v2/driver-cell/src/sandbox.ts	52	export function defaultWritablePaths(home: string = homedir()): string[] {
v2/driver-cell/src/sandbox.ts	70	function sbPath(p: string): string {
v2/driver-cell/src/sandbox.ts	79	function withRealpaths(paths: string[]): string[] {
v2/driver-cell/src/sandbox.ts	97	export function seatbeltProfile(policy: SandboxPolicy): string {
v2/driver-cell/src/sandbox.ts	122	export function bwrapArgs(policy: SandboxPolicy, command: string, args: string[]): string[] {
v2/driver-cell/src/sandbox.ts	154	export function wrapWithSandbox(
v2/driver-hsr/src/driver.ts	89	resolve(beeId: string): SpawnSpec;
v2/driver-hsr/src/driver.ts	241	function recoverAdapterContext(
v2/driver-hsr/src/driver.ts	300	export class HsrDriver implements RuntimeDriver {
v2/driver-hsr/src/driver.ts	322	constructor(cfg: HsrDriverConfig) {
v2/driver-hsr/src/driver.ts	332	private runnersDir(): string {
v2/driver-hsr/src/driver.ts	336	private selectHostLaunch(): HostLaunch {
v2/driver-hsr/src/driver.ts	362	private runnerPaths(
v2/driver-hsr/src/driver.ts	384	private hostCommandFor(configPath: string): { command: string; args: string[] } {
v2/driver-hsr/src/driver.ts	399	start(beeId: string, generation: number): void {
v2/driver-hsr/src/driver.ts	516	private sessionLogSize(beeId: string): number {
v2/driver-hsr/src/driver.ts	530	private connectSocket(p: ManagedProcess): void {
v2/driver-hsr/src/driver.ts	553	private finishHost(p: ManagedProcess): void {
v2/driver-hsr/src/driver.ts	563	deliver(beeId: string, generation: number, messageId: number, body: string): DeliverOutcome {
v2/driver-hsr/src/driver.ts	623	stop(beeId: string, generation: number, cause: StopCause): { hadProcess: boolean } {
v2/driver-hsr/src/driver.ts	656	interrupt(beeId: string, generation: number): InterruptOutcome {
v2/driver-hsr/src/driver.ts	673	observe(): DriverObservation[] {
v2/driver-hsr/src/driver.ts	689	private pumpAll(): void {
v2/driver-hsr/src/driver.ts	709	private pumpHost(p: ManagedProcess): void {
v2/driver-hsr/src/driver.ts	769	private pumpHostTail(p: ManagedProcess): void {
v2/driver-hsr/src/driver.ts	837	hasProcess(beeId: string, generation: number): boolean {
v2/driver-hsr/src/driver.ts	844	snapshotLive(): LiveProcess[] {
v2/driver-hsr/src/driver.ts	865	adopt(
v2/driver-hsr/src/driver.ts	1042	isDegraded(beeId: string, generation: number): boolean {
v2/driver-hsr/src/driver.ts	1047	private pollDegraded(): void {
v2/driver-hsr/src/driver.ts	1058	procOf(
v2/driver-hsr/src/driver.ts	1072	observeEvidence(): FlagEvidence[] {
v2/driver-hsr/src/driver.ts	1084	observeSessions(): SessionEvidence[] {
v2/driver-hsr/src/driver.ts	1097	observeRecoveryCursors(): ObservationCursorEvidence[] {
v2/driver-hsr/src/driver.ts	1109	sessionLogPath(beeId: string): string {
v2/driver-hsr/src/driver.ts	1114	observationLogPath(beeId: string, generation: number): string {
v2/driver-hsr/src/driver.ts	1120	consumedGeneration(messageId: number): number | undefined {
v2/driver-hsr/src/driver.ts	1124	consumedCount(): number {
v2/driver-hsr/src/driver.ts	1128	liveProcesses(): LiveProcess[] {
v2/driver-hsr/src/driver.ts	1139	detachAll(): void {
v2/driver-hsr/src/driver.ts	1162	disposeAll(): void {
v2/driver-hsr/src/driver.ts	1180	private writeLine(p: ManagedProcess, line: string): void {
v2/driver-hsr/src/driver.ts	1212	private signalGroup(p: ManagedProcess, signal: "SIGTERM" | "SIGKILL"): void {
v2/driver-hsr/src/driver.ts	1244	private onSignal(p: ManagedProcess, signal: ReturnType<HarnessAdapter["parseLine"]>[number]): void {
v2/driver-hsr/src/driver.ts	1345	private onExit(p: ManagedProcess, code: number | null, _signal: NodeJS.Signals | null): void {
v2/driver-hsr/src/driver.ts	1384	private appendSessionLog(beeId: string, line: string): void {
v2/driver-hsr/src/driver.ts	1388	private appendSidecar(beeId: string, text: string): void {
v2/driver-hsr/src/psutil.ts	14	export function pidAlive(pid: number): boolean {
v2/driver-hsr/src/psutil.ts	25	export function parseEtimeMs(etime: string): number | null {
v2/driver-hsr/src/psutil.ts	36	export function processStartTimeMs(pid: number, now: () => number = Date.now): number | null {
v2/driver-hsr/src/psutil.ts	50	export function verifyProcessIdentity(
v2/driver-hsr/src/runner-host.ts	83	function writeStatus(path: string, status: RunnerStatus): void {
v2/driver-hsr/src/runner-host.ts	91	export function readRunnerStatus(path: string): RunnerStatus | null {
v2/driver-hsr/src/runner-host.ts	100	export function runRunnerHost(configPath: string): void {
v2/driver-hsr/src/runner-host.ts	102	mkdirSync(dirname(cfg.sessionLogPath), { recursive: true });
v2/driver-hsr/src/runner-host.ts	103	mkdirSync(dirname(cfg.observationLogPath), { recursive: true });
v2/driver-hsr/src/runner-host.ts	105	writeFileSync(cfg.observationLogPath, "", { flag: "a" });
v2/driver-hsr/src/runner-host.ts	112	writeStatus(cfg.statusPath, status);
v2/driver-hsr/src/runner-host.ts	204	rmSync(cfg.socketPath, { force: true });
v2/driver-tmux/src/agy-projection.ts	21	function asObject(value: unknown): JsonObject | undefined {
v2/driver-tmux/src/agy-projection.ts	27	function nonEmptyString(value: unknown): string | undefined {
v2/driver-tmux/src/agy-projection.ts	31	function finiteNumber(value: unknown): number | undefined {
v2/driver-tmux/src/agy-projection.ts	35	function textFromContent(value: unknown): string | undefined {
v2/driver-tmux/src/agy-projection.ts	47	function usageFrom(value: unknown): TranscriptTokenUsage | undefined {
v2/driver-tmux/src/agy-projection.ts	67	function usageDelta(
v2/driver-tmux/src/agy-projection.ts	84	function printableOutput(value: unknown): string | undefined {
v2/driver-tmux/src/agy-projection.ts	94	export function createAgyProjector(): TranscriptProjector {
v2/driver-tmux/src/claude-projection.ts	43	function asObject(value: unknown): JsonObject | null {
v2/driver-tmux/src/claude-projection.ts	49	function nonEmptyString(value: unknown): string | undefined {
v2/driver-tmux/src/claude-projection.ts	65	function resultErrorReason(row: JsonObject): string | undefined {
v2/driver-tmux/src/claude-projection.ts	74	function lineTimestamp(row: JsonObject): TranscriptIsoTs {
v2/driver-tmux/src/claude-projection.ts	96	function textFromContent(content: unknown): string {
v2/driver-tmux/src/claude-projection.ts	112	function imagesFromContent(content: unknown): TranscriptProjectedImage[] {
v2/driver-tmux/src/claude-projection.ts	140	function usageFrom(raw: unknown): TranscriptTokenUsage | null {
v2/driver-tmux/src/claude-projection.ts	159	function dominantModel(modelUsage: JsonObject | null): string | undefined {
v2/driver-tmux/src/claude-projection.ts	171	export function createClaudeProjector(): TranscriptProjector {
v2/driver-tmux/src/codex-projection.ts	12	function asObject(value: unknown): JsonObject | null {
v2/driver-tmux/src/codex-projection.ts	18	function parseLine(line: string): JsonObject | null {
v2/driver-tmux/src/codex-projection.ts	26	function nonEmptyString(value: unknown): string | undefined {
v2/driver-tmux/src/codex-projection.ts	30	function finiteNumber(value: unknown): number | undefined {
v2/driver-tmux/src/codex-projection.ts	34	function idString(value: unknown): string | undefined {
v2/driver-tmux/src/codex-projection.ts	40	function isoFrom(value: unknown): TranscriptIsoTs {
v2/driver-tmux/src/codex-projection.ts	58	function firstIso(...values: unknown[]): TranscriptIsoTs {
v2/driver-tmux/src/codex-projection.ts	67	function snapshotIso(value: unknown): TranscriptIsoTs {
v2/driver-tmux/src/codex-projection.ts	75	function textFromContent(content: unknown): string | undefined {
v2/driver-tmux/src/codex-projection.ts	96	function serialized(value: unknown): string | undefined {
v2/driver-tmux/src/codex-projection.ts	106	function normalizeMessageIdentity(role: "user" | "assistant", text: string): string {
v2/driver-tmux/src/codex-projection.ts	110	function fileChanges(item: JsonObject): TranscriptFileChange[] {
v2/driver-tmux/src/codex-projection.ts	139	function mergeItems(started: JsonObject | undefined, completed: JsonObject): JsonObject {
v2/driver-tmux/src/codex-projection.ts	150	function mcpName(item: JsonObject): string {
v2/driver-tmux/src/codex-projection.ts	159	function mcpInput(item: JsonObject): unknown {
v2/driver-tmux/src/codex-projection.ts	164	function mcpOutput(item: JsonObject): string | undefined {
v2/driver-tmux/src/codex-projection.ts	169	function itemCallId(item: JsonObject, nativeType: string): string {
v2/driver-tmux/src/codex-projection.ts	173	function withThreadId(events: TranscriptProjectedEvent[], threadId: string | undefined): TranscriptProjectedEvent[] {
v2/driver-tmux/src/codex-projection.ts	177	function tokenUsageFrom(source: JsonObject | null | undefined): TranscriptTokenUsage | undefined {
v2/driver-tmux/src/codex-projection.ts	217	function messageRole(item: JsonObject, fallback: TranscriptMessageRole): TranscriptMessageRole {
v2/driver-tmux/src/codex-projection.ts	223	function completedItemEvent(
v2/driver-tmux/src/codex-projection.ts	329	function forkSnapshotEvents(result: JsonObject): TranscriptProjectedEvent[] {
v2/driver-tmux/src/codex-projection.ts	374	export function createCodexProjector(): TranscriptProjector {
v2/driver-tmux/src/driver.ts	102	resolve(beeId: string): TmuxSpawnSpec;
v2/driver-tmux/src/driver.ts	171	function sleepSync(ms: number): void {
v2/driver-tmux/src/driver.ts	180	function normalizeEcho(s: string): string {
v2/driver-tmux/src/driver.ts	185	function echoTail(body: string): string | null {
v2/driver-tmux/src/driver.ts	191	function countOccurrences(haystack: string, needle: string): number {
v2/driver-tmux/src/driver.ts	203	export function sessionNameFor(beeId: string, generation: number): string {
v2/driver-tmux/src/driver.ts	208	export class TmuxDriver implements RuntimeDriver {
v2/driver-tmux/src/driver.ts	221	constructor(cfg: TmuxDriverConfig) {
v2/driver-tmux/src/driver.ts	237	start(beeId: string, generation: number): void {
v2/driver-tmux/src/driver.ts	320	deliver(beeId: string, generation: number, messageId: number, body: string): DeliverOutcome {
v2/driver-tmux/src/driver.ts	392	private inject(p: TmuxRuntime, body: string, mode: "paste" | "type"): void {
v2/driver-tmux/src/driver.ts	417	private countTailInPane(p: TmuxRuntime, tail: string): number {
v2/driver-tmux/src/driver.ts	429	private verifyEcho(p: TmuxRuntime, tail: string, before: number): boolean {
v2/driver-tmux/src/driver.ts	438	stop(beeId: string, generation: number, cause: StopCause): { hadProcess: boolean } {
v2/driver-tmux/src/driver.ts	466	interrupt(beeId: string, generation: number): InterruptOutcome {
v2/driver-tmux/src/driver.ts	476	observe(): DriverObservation[] {
v2/driver-tmux/src/driver.ts	483	hasProcess(beeId: string, generation: number): boolean {
v2/driver-tmux/src/driver.ts	490	snapshotLive(): LiveProcess[] {
v2/driver-tmux/src/driver.ts	507	adopt(
v2/driver-tmux/src/driver.ts	565	isDegraded(_beeId: string, _generation: number): boolean {
v2/driver-tmux/src/driver.ts	569	observeEvidence(): [] {
v2/driver-tmux/src/driver.ts	573	observeSessions(): [] {
v2/driver-tmux/src/driver.ts	577	sessionLogPath(beeId: string): string | null {
v2/driver-tmux/src/driver.ts	581	observeDeliveryNotes(): DeliveryNote[] {
v2/driver-tmux/src/driver.ts	587	procOf(beeId: string, generation: number): { pid: number; pidStartedAt: number } | null {
v2/driver-tmux/src/driver.ts	593	eventsFilePath(beeId: string): string {
v2/driver-tmux/src/driver.ts	600	consumedGeneration(messageId: number): number | undefined {
v2/driver-tmux/src/driver.ts	604	consumedCount(): number {
v2/driver-tmux/src/driver.ts	608	liveProcesses(): LiveProcess[] {
v2/driver-tmux/src/driver.ts	613	detachAll(): void {
v2/driver-tmux/src/driver.ts	623	disposeAll(): void {
v2/driver-tmux/src/driver.ts	641	private newRuntime(init: {
v2/driver-tmux/src/driver.ts	693	private harvest(p: TmuxRuntime): void {
v2/driver-tmux/src/driver.ts	774	private fold(p: TmuxRuntime, ev: TranscriptEvent): void {
v2/driver-tmux/src/driver.ts	808	private mirrorSessionLog(beeId: string, line: string): void {
v2/driver-tmux/src/driver.ts	818	private onExit(p: TmuxRuntime): void {
v2/driver-tmux/src/driver.ts	837	private deadPaneCause(p: TmuxRuntime): "clean" | "crashed" {
v2/driver-tmux/src/driver.ts	852	private signal(p: TmuxRuntime, sig: "SIGTERM" | "SIGKILL"): void {
v2/driver-tmux/src/driver.ts	869	private tryKillSession(sessionName: string): void {
v2/driver-tmux/src/events-file.ts	25	export function parseEventsFileLine(line: string): TranscriptEvent[] {
v2/driver-tmux/src/grok-projection.ts	52	function asObject(value: unknown): JsonObject | undefined {
v2/driver-tmux/src/grok-projection.ts	58	function jsonObject(line: string): JsonObject | null {
v2/driver-tmux/src/grok-projection.ts	66	function stringField(value: JsonObject, ...keys: string[]): string | undefined {
v2/driver-tmux/src/grok-projection.ts	73	function firstDefined(value: JsonObject, ...keys: string[]): unknown {
v2/driver-tmux/src/grok-projection.ts	80	function hasField(value: JsonObject, ...keys: string[]): boolean {
v2/driver-tmux/src/grok-projection.ts	84	function isoTimestamp(...values: Array<JsonObject | undefined>): TranscriptIsoTs {
v2/driver-tmux/src/grok-projection.ts	118	function textContent(value: unknown): string | undefined {
v2/driver-tmux/src/grok-projection.ts	134	function updateKind(update: JsonObject): string | undefined {
v2/driver-tmux/src/grok-projection.ts	138	function isRedactedThinking(update: JsonObject): boolean {
v2/driver-tmux/src/grok-projection.ts	146	function updatePayload(row: JsonObject): { params?: JsonObject; update?: JsonObject } {
v2/driver-tmux/src/grok-projection.ts	151	function promptText(params: JsonObject | undefined): string | undefined {
v2/driver-tmux/src/grok-projection.ts	156	function toolOutput(update: JsonObject): unknown {
v2/driver-tmux/src/grok-projection.ts	160	function printableOutput(value: unknown): string | undefined {
v2/driver-tmux/src/grok-projection.ts	171	function isTerminalToolStatus(status: string | undefined): boolean {
v2/driver-tmux/src/grok-projection.ts	184	function isErrorToolStatus(status: string | undefined): boolean {
v2/driver-tmux/src/grok-projection.ts	197	export function isGrokCompactionSummary(text: string): boolean {
v2/driver-tmux/src/grok-projection.ts	207	function turnUsageFrom(usage: JsonObject | undefined): TranscriptTokenUsage | undefined {
v2/driver-tmux/src/grok-projection.ts	231	function dominantModel(modelUsage: JsonObject | undefined): string | undefined {
v2/driver-tmux/src/grok-projection.ts	242	function finiteNumberField(value: JsonObject, ...keys: string[]): number | undefined {
v2/driver-tmux/src/grok-projection.ts	257	export function createGrokProjector(): TranscriptProjector {
v2/driver-tmux/src/tail.ts	20	export class JsonlTail {
v2/driver-tmux/src/tail.ts	28	constructor(path: string, opts: { skipExisting?: boolean } = {}) {
v2/driver-tmux/src/tail.ts	34	poll(): string[] {
v2/driver-tmux/src/tmux.ts	23	export class TmuxError extends Error {
v2/driver-tmux/src/tmux.ts	28	constructor(args: string[], exitCode: number | null, stderr: string) {
v2/driver-tmux/src/tmux.ts	53	export class TmuxServer {
v2/driver-tmux/src/tmux.ts	57	constructor(cfg: TmuxServerConfig) {
v2/driver-tmux/src/tmux.ts	66	try(args: string[], opts: { input?: string } = {}): TmuxResult {
v2/driver-tmux/src/tmux.ts	79	run(args: string[], opts: { input?: string } = {}): string {
v2/driver-tmux/src/tmux.ts	89	killServer(): void {
v2/driver-tmux/src/tmux.ts	99	private raw(args: string[], opts: { input?: string } = {}): TmuxResult {
v2/driver-tmux/src/tmux.ts	118	export function shQuote(word: string): string {
v2/driver-tmux/src/tmux.ts	123	export function exactSession(name: string): string {
v2/driver-tmux/src/tmux.ts	133	export function exactPaneTarget(name: string): string {
v2/driver-tmux/src/transcript-projection.ts	102	pushLine(line: string): TranscriptProjectedEvent[];
v2/driver-tmux/src/transcript-projection.ts	103	flush(): TranscriptProjectedEvent[];
v2/driver-tmux/src/transcripts.ts	63	parseLine(line: string): TranscriptEvent[];
v2/driver-tmux/src/transcripts.ts	66	function jsonLine(line: string): Record<string, unknown> | null {
v2/driver-tmux/src/transcripts.ts	80	function hasUserText(content: unknown): boolean {
v2/driver-tmux/src/transcripts.ts	94	export const claudeTranscriptParser: TranscriptParser = {
v2/driver-tmux/src/transcripts.ts	97	parseLine(line: string): TranscriptEvent[] {
v2/driver-tmux/src/transcripts.ts	117	export function canonicalCwd(cwd: string): string {
v2/driver-tmux/src/transcripts.ts	127	export function claudeProjectKey(cwd: string): string {
v2/driver-tmux/src/transcripts.ts	135	export const codexTranscriptParser: TranscriptParser = {
v2/driver-tmux/src/transcripts.ts	138	parseLine(line: string): TranscriptEvent[] {
v2/driver-tmux/src/transcripts.ts	180	export const grokTranscriptParser: TranscriptParser = {
v2/driver-tmux/src/transcripts.ts	183	parseLine(line: string): TranscriptEvent[] {
v2/driver-tmux/src/transcripts.ts	245	export const TRANSCRIPT_PARSERS: Record<string, TranscriptParser> = {
v2/driver-tmux/src/transcripts.ts	268	renderLine(line: string): TranscriptTurn[];
v2/driver-tmux/src/transcripts.ts	275	function turnsFromBlocks(role: TranscriptTurnRole, content: unknown): TranscriptTurn[] {
v2/driver-tmux/src/transcripts.ts	317	export const claudeTranscriptRenderer: TranscriptRenderer = {
v2/driver-tmux/src/transcripts.ts	319	renderLine(line: string): TranscriptTurn[] {
v2/driver-tmux/src/transcripts.ts	335	export const codexTranscriptRenderer: TranscriptRenderer = {
v2/driver-tmux/src/transcripts.ts	337	renderLine(line: string): TranscriptTurn[] {
v2/driver-tmux/src/transcripts.ts	381	export const grokTranscriptRenderer: TranscriptRenderer = {
v2/driver-tmux/src/transcripts.ts	383	renderLine(line: string): TranscriptTurn[] {
v2/driver-tmux/src/transcripts.ts	447	export const stubTranscriptRenderer: TranscriptRenderer = {
v2/driver-tmux/src/transcripts.ts	449	renderLine(line: string): TranscriptTurn[] {
v2/driver-tmux/src/transcripts.ts	459	export const agyTranscriptRenderer: TranscriptRenderer = {
v2/driver-tmux/src/transcripts.ts	461	renderLine(line: string): TranscriptTurn[] {
v2/driver-tmux/src/transcripts.ts	491	export const TRANSCRIPT_RENDERERS: Record<string, TranscriptRenderer> = {
v2/driver-tmux/src/transcripts.ts	504	function projectorFromRenderer(renderer: TranscriptRenderer): TranscriptProjector {
v2/driver-tmux/src/transcripts.ts	522	export function createTranscriptProjector(harness: string): TranscriptProjector {
v2/driver-tmux/src/transcripts.ts	540	pushLine(line: string): TranscriptTurn[];
v2/driver-tmux/src/transcripts.ts	541	flush(): TranscriptTurn[];
v2/driver-tmux/src/transcripts.ts	545	export function createTranscriptTurnStream(harness: string): TranscriptTurnStream {
v2/driver-tmux/src/transcripts.ts	557	export function renderTranscriptLines(harness: string, lines: readonly string[]): TranscriptTurn[] {
v2/driver-tmux/src/transcripts.ts	564	function turnsFromProjectedEvent(event: TranscriptProjectedEvent): TranscriptTurn[] {
v2/driver-tmux/src/transcripts.ts	603	export function lastAssistantText(turns: readonly TranscriptTurn[]): string | null {
v2/driver-tmux/src/transcripts.ts	630	export function findTranscript(locator: TranscriptLocator, notBeforeMs: number): string | null {
v2/driver-tmux/src/transcripts.ts	659	walk(locator.dir, 0);
v2/harness/src/clock.ts	6	export class SimClock {
v2/harness/src/clock.ts	9	constructor(start = 0) {
v2/harness/src/clock.ts	16	advance(ms = 1): void {
v2/harness/src/daemon.ts	34	export class SimDaemon extends DaemonCore {
v2/harness/src/daemon.ts	35	constructor(opts: SimDaemonOptions) {
v2/harness/src/driver.ts	108	start(beeId: string, generation: number): void;
v2/harness/src/driver.ts	116	deliver(beeId: string, generation: number, messageId: number, body: string): DeliverOutcome;
v2/harness/src/driver.ts	123	stop(beeId: string, generation: number, cause: StopCause): { hadProcess: boolean };
v2/harness/src/driver.ts	132	interrupt(beeId: string, generation: number): InterruptOutcome;
v2/harness/src/driver.ts	135	observe(): DriverObservation[];
v2/harness/src/driver.ts	138	hasProcess(beeId: string, generation: number): boolean;
v2/harness/src/driver.ts	141	snapshotLive(): LiveProcess[];
v2/harness/src/faults.ts	33	export class FaultInjector {
v2/harness/src/faults.ts	38	constructor(cfg: FaultConfig, prng: Prng) {
v2/harness/src/faults.ts	43	disable(): void {
v2/harness/src/faults.ts	47	stepFault(step: number): StepFault {
v2/harness/src/faults.ts	60	executorCrash(): ExecutorCrashPoint {
v2/harness/src/faults.ts	65	driverTimeout(): boolean {
v2/harness/src/faults.ts	69	downSteps(): number {
v2/harness/src/invariants.ts	45	export function formatViolation(v: Violation): string {
v2/harness/src/invariants.ts	58	consumedGeneration(messageId: number): number | undefined;
v2/harness/src/invariants.ts	59	liveProcesses(): LiveProcess[];
v2/harness/src/invariants.ts	76	export function takePreBootSnapshot(store: CoreStore): PreBootSnapshot {
v2/harness/src/invariants.ts	84	export class InvariantChecker {
v2/harness/src/invariants.ts	92	constructor(seed: number, bounds: InvariantBounds, opsTail: () => string[], maxViolations = 25) {
v2/harness/src/invariants.ts	99	private report(
v2/harness/src/invariants.ts	112	checkStep(step: number, now: number, store: CoreStore, gt: DeliveryGroundTruth): void {
v2/harness/src/invariants.ts	123	private checkModel(step: number, dump: StateDump): void {
v2/harness/src/invariants.ts	208	private checkI1(step: number, now: number, dump: StateDump, gt: DeliveryGroundTruth): void {
v2/harness/src/invariants.ts	270	private checkQueue(step: number, now: number, dump: StateDump): void {
v2/harness/src/invariants.ts	303	checkBoot(
v2/harness/src/invariants.ts	347	checkSettle(step: number, store: CoreStore): void {
v2/harness/src/invariants.ts	382	checkReplay(step: number, store: CoreStore): void {
v2/harness/src/prng.ts	7	export class Prng {
v2/harness/src/prng.ts	10	constructor(seed: number) {
v2/harness/src/prng.ts	15	next(): number {
v2/harness/src/prng.ts	24	chance(p: number): boolean {
v2/harness/src/prng.ts	30	int(minInclusive: number, maxInclusive: number): number {
v2/harness/src/sim-driver.ts	50	export class SimDriver implements RuntimeDriver {
v2/harness/src/sim-driver.ts	62	constructor(cfg: SimDriverConfig, prng: Prng, now: () => number) {
v2/harness/src/sim-driver.ts	72	start(beeId: string, generation: number): void {
v2/harness/src/sim-driver.ts	93	deliver(beeId: string, generation: number, messageId: number, _body: string): DeliverOutcome {
v2/harness/src/sim-driver.ts	107	stop(beeId: string, generation: number, cause: StopCause): { hadProcess: boolean } {
v2/harness/src/sim-driver.ts	116	interrupt(beeId: string, generation: number): InterruptOutcome {
v2/harness/src/sim-driver.ts	127	observe(): DriverObservation[] {
v2/harness/src/sim-driver.ts	133	hasProcess(beeId: string, generation: number): boolean {
v2/harness/src/sim-driver.ts	138	snapshotLive(): LiveProcess[] {
v2/harness/src/sim-driver.ts	152	tick(): void {
v2/harness/src/sim-driver.ts	195	killAll(): void {
v2/harness/src/sim-driver.ts	205	quiesce(): void {
v2/harness/src/sim-driver.ts	210	consumedGeneration(messageId: number): number | undefined {
v2/harness/src/sim-driver.ts	214	consumedCount(): number {
v2/harness/src/sim-driver.ts	218	liveProcesses(): LiveProcess[] {
v2/harness/src/simulation.ts	57	export function defaultConfig(): SimConfig {
v2/harness/src/simulation.ts	111	export function makeConfig(overrides: SimConfigOverrides = {}): SimConfig {
v2/harness/src/simulation.ts	124	export function i1DefaultBoundSteps(cfg: SimConfig): number {
v2/harness/src/simulation.ts	153	export function runSim(
